ticker,pe_2025_10_03,return_12m_pct
HUT,8.50,123.52
AEP,12.17,7.27
NUE,13.18,75.33
LITE,13.25,562.61
VICR,13.47,530.02
CSL,13.86,1.02
DLR,15.00,1.25
CTS,15.97,55.55
MU,16.52,472.74
CMI,16.70,23.01
PEG,17.24,-15.65
LII,17.60,-35.29
STLD,17.94,60.86
TREX,18.55,-17.33
ROCK,18.77,-38.53
BDC,19.27,-4.62
WMS,19.29,-10.34
BLDR,19.36,-56.24
ECG,19.43,54.05
ENS,19.65,71.07
MWA,19.67,-16.56
DOV,20.52,14.43
APD,20.92,3.64
FLS,21.15,41.78
CARR,21.85,-7.24
PLXS,22.13,88.16
PRIM,22.22,-42.22
ETR,22.56,6.49
ACLS,22.63,66.58
SANM,22.63,100.77
WTS,23.37,29.04
ACMR,23.61,100.63
DUK,24.29,-6.02
AMAT,24.42,149.06
AWI,24.43,-16.95
AYI,24.43,-12.48
FE,24.72,-4.71
META,24.88,2.47
FFIV,25.00,39.71
JBL,25.50,50.75
NTAP,25.55,92.50
TEL,25.80,-0.22
CSCO,26.25,66.98
CAT,26.80,70.70
SWKS,26.90,12.88
LRCX,27.13,139.00
TT,27.19,9.65
CRUS,27.89,-4.71
LFUS,28.00,77.21
FLEX,28.07,107.75
STX,28.09,235.85
HPE,28.72,187.34
LPX,29.14,-27.47
MYRG,29.35,52.73
SO,29.44,-10.02
AME,29.54,37.54
ITT,29.68,14.25
CR,30.60,15.71
PNR,30.93,-52.38
RRX,30.94,8.54
LIN,31.06,3.46
FIX,31.32,111.25
AMZN,32.67,14.58
NXPI,32.70,6.45
ACM,32.89,-53.72
HL,33.04,44.61
GNRC,33.13,30.86
ROK,33.36,30.97
AMKR,33.39,90.67
CEG,33.71,-28.48
KAI,34.06,-11.12
MSFT,35.29,0.45
PPL,36.13,-9.22
NVT,36.42,73.72
ETN,36.88,17.79
MKSI,37.46,102.49
FTNT,37.63,110.92
STRL,37.80,52.71
FN,37.81,26.69
HLIO,38.61,36.56
MOD,38.84,20.72
VECO,39.51,81.52
XYL,40.28,-32.07
SMCI,41.90,-15.92
NVDA,43.43,24.71
WDC,44.30,216.67
HWM,47.28,22.27
VRT,48.25,57.42
MTZ,49.50,0.06
EQIX,51.32,33.24
ANET,51.96,42.51
ONTO,52.07,128.08
LEU,54.01,-59.45
ADI,57.79,73.53
AMT,60.96,-14.73
VST,62.34,-30.68
AEIS,64.87,75.01
MTSI,66.36,152.41
KN,66.81,66.53
PWR,69.24,60.71
TLN,69.38,-26.85
ENTG,70.36,69.00
TER,74.22,208.68
AMD,76.24,284.96
DT,77.45,19.67
MPWR,82.63,56.69
FORM,82.69,275.79
QRVO,86.56,22.13
AMSC,87.21,-49.39
MRVL,97.79,216.40
CRDO,105.79,51.97
CIEN,108.18,158.40
AAON,129.07,-15.11
IPGP,132.28,-0.72
P,155.14,61.30
ALAB,173.05,74.52
BHE,315.59,130.76
FLNC,344.75,-44.82
LSCC,908.87,84.29
DDOG,3795.50,82.60
