path,file_name,backup_group,size_bytes,size_gb,timestamp,modification_timestamp,apparent_creation_timestamp,backup_family,database_type,associated_operation,subsystem,object_type,classification,reason,newer_replacement,recommended_action,confidence
backups/analysis.phase10c1.20260908T055459Z.db,analysis.phase10c1.20260908T055459Z.db,.,10406772736,10.406773,2026-09-08T05:55:32.254587Z,2026-09-08T05:55:32.254587Z,20260908T055459Z,Phase 10C1 taxonomy analysis snapshot,analysis/taxonomy,taxonomy update/transition,historical Fundamentals phase,full SQLite database copy,LEGACY_ARCHITECTURE,Historical pre-current-phase safety copy; active V4 restore code does not target this path and later milestones are retained.,backups/fundamentals_v4_phase13c_20260911T164256Z or a later retained milestone,DELETE_CANDIDATE,HIGH
backups/analysis.phase10c1.20260908T055459Z.db-shm,analysis.phase10c1.20260908T055459Z.db-shm,.,32768,0.000033,2026-09-08T05:55:39.016354Z,2026-09-08T05:55:39.016354Z,20260908T055459Z,Phase 10C1 taxonomy analysis snapshot,SQLite SHM sidecar,taxonomy update/transition,historical Fundamentals phase,SQLite sidecar,EVIDENCE_OR_METADATA,Historical pre-current-phase safety copy; active V4 restore code does not target this path and later milestones are retained.,backups/fundamentals_v4_phase13c_20260911T164256Z or a later retained milestone,DELETE_CANDIDATE,MEDIUM
backups/analysis.phase10c1.20260908T055459Z.db-wal,analysis.phase10c1.20260908T055459Z.db-wal,.,0,0.000000,2026-09-08T05:55:39.013510Z,2026-09-08T05:55:39.013510Z,20260908T055459Z,Phase 10C1 taxonomy analysis snapshot,SQLite WAL sidecar,taxonomy update/transition,historical Fundamentals phase,SQLite sidecar,EVIDENCE_OR_METADATA,Historical pre-current-phase safety copy; active V4 restore code does not target this path and later milestones are retained.,backups/fundamentals_v4_phase13c_20260911T164256Z or a later retained milestone,DELETE_CANDIDATE,MEDIUM
backups/fundamentals_admin_production/20260919T080318Z_add_tickers_4f6c0b45159a_production_e87a68ab/analysis.db,analysis.db,fundamentals_admin_production/20260919T080318Z_add_tickers_4f6c0b45159a_production_e87a68ab,892231680,0.892232,2026-09-19T08:05:29.168300Z,2026-09-19T08:05:29.168300Z,20260919T080318Z,Fundamentals Administration production rollback,fundamentals_analysis,Add Tickers production,active Fundamentals V4 Administration,full SQLite database copy,REDUNDANT_ROLLBACK,Superseded same-day Administration rollback; a newer complete verified set is retained.,backups/fundamentals_admin_production/20260919T113359Z_add_tickers_8bbcda32e218_production_38f7bfac,DELETE_CANDIDATE,MEDIUM
backups/fundamentals_admin_production/20260919T080318Z_add_tickers_4f6c0b45159a_production_e87a68ab/canonical.db,canonical.db,fundamentals_admin_production/20260919T080318Z_add_tickers_4f6c0b45159a_production_e87a68ab,646553600,0.646554,2026-09-19T08:05:16.588259Z,2026-09-19T08:05:16.588259Z,20260919T080318Z,Fundamentals Administration production rollback,fundamentals_v4 canonical,Add Tickers production,active Fundamentals V4 Administration,full SQLite database copy,REDUNDANT_ROLLBACK,Superseded same-day Administration rollback; a newer complete verified set is retained.,backups/fundamentals_admin_production/20260919T113359Z_add_tickers_8bbcda32e218_production_38f7bfac,DELETE_CANDIDATE,MEDIUM
backups/fundamentals_admin_production/20260919T080318Z_add_tickers_4f6c0b45159a_production_e87a68ab/provider.db,provider.db,fundamentals_admin_production/20260919T080318Z_add_tickers_4f6c0b45159a_production_e87a68ab,933552128,0.933552,2026-09-19T08:05:08.512784Z,2026-09-19T08:05:08.512784Z,20260919T080318Z,Fundamentals Administration production rollback,fundamentals_provider,Add Tickers production,active Fundamentals V4 Administration,full SQLite database copy,REDUNDANT_ROLLBACK,Superseded same-day Administration rollback; a newer complete verified set is retained.,backups/fundamentals_admin_production/20260919T113359Z_add_tickers_8bbcda32e218_production_38f7bfac,DELETE_CANDIDATE,MEDIUM
backups/fundamentals_admin_production/20260919T092835Z_add_tickers_ee8409c8d2c8_production_502177be/analysis.db,analysis.db,fundamentals_admin_production/20260919T092835Z_add_tickers_ee8409c8d2c8_production_502177be,895426560,0.895427,2026-09-19T09:30:45.421415Z,2026-09-19T09:30:45.421415Z,20260919T092835Z,Fundamentals Administration production rollback,fundamentals_analysis,Add Tickers production,active Fundamentals V4 Administration,full SQLite database copy,REDUNDANT_ROLLBACK,Superseded same-day Administration rollback; a newer complete verified set is retained.,backups/fundamentals_admin_production/20260919T113359Z_add_tickers_8bbcda32e218_production_38f7bfac,DELETE_CANDIDATE,MEDIUM
backups/fundamentals_admin_production/20260919T092835Z_add_tickers_ee8409c8d2c8_production_502177be/canonical.db,canonical.db,fundamentals_admin_production/20260919T092835Z_add_tickers_ee8409c8d2c8_production_502177be,648839168,0.648839,2026-09-19T09:30:31.626000Z,2026-09-19T09:30:31.626000Z,20260919T092835Z,Fundamentals Administration production rollback,fundamentals_v4 canonical,Add Tickers production,active Fundamentals V4 Administration,full SQLite database copy,REDUNDANT_ROLLBACK,Superseded same-day Administration rollback; a newer complete verified set is retained.,backups/fundamentals_admin_production/20260919T113359Z_add_tickers_8bbcda32e218_production_38f7bfac,DELETE_CANDIDATE,MEDIUM
backups/fundamentals_admin_production/20260919T092835Z_add_tickers_ee8409c8d2c8_production_502177be/provider.db,provider.db,fundamentals_admin_production/20260919T092835Z_add_tickers_ee8409c8d2c8_production_502177be,941559808,0.941560,2026-09-19T09:30:23.888473Z,2026-09-19T09:30:23.888473Z,20260919T092835Z,Fundamentals Administration production rollback,fundamentals_provider,Add Tickers production,active Fundamentals V4 Administration,full SQLite database copy,REDUNDANT_ROLLBACK,Superseded same-day Administration rollback; a newer complete verified set is retained.,backups/fundamentals_admin_production/20260919T113359Z_add_tickers_8bbcda32e218_production_38f7bfac,DELETE_CANDIDATE,MEDIUM
backups/fundamentals_analysis.phase10c.20260907T204916Z.db,fundamentals_analysis.phase10c.20260907T204916Z.db,.,1043939328,1.043939,2026-09-07T20:51:10.666020Z,2026-09-07T20:51:10.666020Z,20260907T204916Z,Phase 10C analysis transition,fundamentals_analysis,phase/migration safety backup,historical Fundamentals phase,full SQLite database copy,LEGACY_ARCHITECTURE,Historical pre-current-phase safety copy; active V4 restore code does not target this path and later milestones are retained.,backups/fundamentals_v4_phase13c_20260911T164256Z or a later retained milestone,DELETE_CANDIDATE,HIGH
backups/fundamentals_analysis.phase10c.20260907T205510Z.db,fundamentals_analysis.phase10c.20260907T205510Z.db,.,1146810368,1.146810,2026-09-07T20:57:04.504014Z,2026-09-07T20:57:04.504014Z,20260907T205510Z,Phase 10C analysis transition,fundamentals_analysis,phase/migration safety backup,historical Fundamentals phase,full SQLite database copy,LEGACY_ARCHITECTURE,Historical pre-current-phase safety copy; active V4 restore code does not target this path and later milestones are retained.,backups/fundamentals_v4_phase13c_20260911T164256Z or a later retained milestone,DELETE_CANDIDATE,HIGH
backups/fundamentals_analysis.phase10c.20260907T205955Z.db,fundamentals_analysis.phase10c.20260907T205955Z.db,.,1146810368,1.146810,2026-09-07T21:01:49.619268Z,2026-09-07T21:01:49.619268Z,20260907T205955Z,Phase 10C analysis transition,fundamentals_analysis,phase/migration safety backup,historical Fundamentals phase,full SQLite database copy,LEGACY_ARCHITECTURE,Historical pre-current-phase safety copy; active V4 restore code does not target this path and later milestones are retained.,backups/fundamentals_v4_phase13c_20260911T164256Z or a later retained milestone,DELETE_CANDIDATE,HIGH
backups/fundamentals_analysis.phase11d.20260908T171358Z.db,fundamentals_analysis.phase11d.20260908T171358Z.db,.,1146810368,1.146810,2026-09-08T17:13:59.277181Z,2026-09-08T17:13:59.277181Z,20260908T171358Z,Phase 11D relative valuation publication,fundamentals_analysis,phase/migration safety backup,historical Fundamentals phase,full SQLite database copy,LEGACY_ARCHITECTURE,Historical pre-current-phase safety copy; active V4 restore code does not target this path and later milestones are retained.,backups/fundamentals_v4_phase13c_20260911T164256Z or a later retained milestone,DELETE_CANDIDATE,HIGH
backups/fundamentals_analysis.phase11d.20260908T190000Z.db,fundamentals_analysis.phase11d.20260908T190000Z.db,.,1146810368,1.146810,2026-09-08T17:04:18.935888Z,2026-09-08T17:04:18.935888Z,20260908T190000Z,Phase 11D relative valuation publication,fundamentals_analysis,phase/migration safety backup,historical Fundamentals phase,full SQLite database copy,LEGACY_ARCHITECTURE,Historical pre-current-phase safety copy; active V4 restore code does not target this path and later milestones are retained.,backups/fundamentals_v4_phase13c_20260911T164256Z or a later retained milestone,DELETE_CANDIDATE,HIGH
backups/fundamentals_analysis.phase2d.20260901T122332Z.db,fundamentals_analysis.phase2d.20260901T122332Z.db,.,201879552,0.201880,2026-09-01T12:23:51.463858Z,2026-09-01T12:23:51.463858Z,20260901T122332Z,Phase 2D analysis prototype,fundamentals_analysis,phase/migration safety backup,historical Fundamentals phase,full SQLite database copy,LEGACY_ARCHITECTURE,Historical pre-current-phase safety copy; active V4 restore code does not target this path and later milestones are retained.,backups/fundamentals_v4_phase13c_20260911T164256Z or a later retained milestone,DELETE_CANDIDATE,HIGH
backups/fundamentals_analysis.phase3d.20260901T160342Z.db,fundamentals_analysis.phase3d.20260901T160342Z.db,.,253874176,0.253874,2026-09-01T16:05:55.853000Z,2026-09-01T16:05:55.853000Z,20260901T160342Z,Phase 3D V4 transition,fundamentals_analysis,phase/migration safety backup,historical Fundamentals phase,full SQLite database copy,LEGACY_ARCHITECTURE,Historical pre-current-phase safety copy; active V4 restore code does not target this path and later milestones are retained.,backups/fundamentals_v4_phase13c_20260911T164256Z or a later retained milestone,DELETE_CANDIDATE,HIGH
backups/fundamentals_analysis.phase9e.20260906T193735Z.db,fundamentals_analysis.phase9e.20260906T193735Z.db,.,476631040,0.476631,2026-09-06T19:39:13.854574Z,2026-09-06T19:39:13.854574Z,20260906T193735Z,Phase 9E analysis transition,fundamentals_analysis,phase/migration safety backup,historical Fundamentals phase,full SQLite database copy,LEGACY_ARCHITECTURE,Historical pre-current-phase safety copy; active V4 restore code does not target this path and later milestones are retained.,backups/fundamentals_v4_phase13c_20260911T164256Z or a later retained milestone,DELETE_CANDIDATE,HIGH
backups/fundamentals_analysis.phase9e.20260906T194347Z.db,fundamentals_analysis.phase9e.20260906T194347Z.db,.,952266752,0.952267,2026-09-06T19:45:27.361621Z,2026-09-06T19:45:27.361621Z,20260906T194347Z,Phase 9E analysis transition,fundamentals_analysis,phase/migration safety backup,historical Fundamentals phase,full SQLite database copy,LEGACY_ARCHITECTURE,Historical pre-current-phase safety copy; active V4 restore code does not target this path and later milestones are retained.,backups/fundamentals_v4_phase13c_20260911T164256Z or a later retained milestone,DELETE_CANDIDATE,HIGH
backups/fundamentals_analysis.phase9e.20260907T102623Z.db,fundamentals_analysis.phase9e.20260907T102623Z.db,.,952270848,0.952271,2026-09-07T10:28:01.191350Z,2026-09-07T10:28:01.191350Z,20260907T102623Z,Phase 9E analysis transition,fundamentals_analysis,phase/migration safety backup,historical Fundamentals phase,full SQLite database copy,LEGACY_ARCHITECTURE,Historical pre-current-phase safety copy; active V4 restore code does not target this path and later milestones are retained.,backups/fundamentals_v4_phase13c_20260911T164256Z or a later retained milestone,DELETE_CANDIDATE,HIGH
backups/fundamentals_analysis.phase9e.20260907T103432Z.db,fundamentals_analysis.phase9e.20260907T103432Z.db,.,1043939328,1.043939,2026-09-07T10:36:12.385447Z,2026-09-07T10:36:12.385447Z,20260907T103432Z,Phase 9E analysis transition,fundamentals_analysis,phase/migration safety backup,historical Fundamentals phase,full SQLite database copy,LEGACY_ARCHITECTURE,Historical pre-current-phase safety copy; active V4 restore code does not target this path and later milestones are retained.,backups/fundamentals_v4_phase13c_20260911T164256Z or a later retained milestone,DELETE_CANDIDATE,HIGH
backups/fundamentals_analysis_pre_delta_phase5d_20260902T100827Z.db,fundamentals_analysis_pre_delta_phase5d_20260902T100827Z.db,.,322220032,0.322220,2026-09-02T10:08:40.870062Z,2026-09-02T10:08:40.870062Z,20260902T100827Z,Phase 5D pre-delta analysis,fundamentals_analysis,phase/migration safety backup,historical Fundamentals phase,full SQLite database copy,LEGACY_ARCHITECTURE,Historical pre-current-phase safety copy; active V4 restore code does not target this path and later milestones are retained.,backups/fundamentals_v4_phase13c_20260911T164256Z or a later retained milestone,DELETE_CANDIDATE,HIGH
backups/fundamentals_provider.phase12c.20260910T133756Z.db,fundamentals_provider.phase12c.20260910T133756Z.db,.,551792640,0.551793,2026-09-10T13:37:58.116494Z,2026-09-10T13:37:58.116494Z,20260910T133756Z,Phase 12C provider backfill,fundamentals_provider,phase/migration safety backup,historical Fundamentals phase,full SQLite database copy,LEGACY_ARCHITECTURE,Historical pre-current-phase safety copy; active V4 restore code does not target this path and later milestones are retained.,backups/fundamentals_v4_phase13c_20260911T164256Z or a later retained milestone,DELETE_CANDIDATE,HIGH
backups/fundamentals_v4.phase3d.20260901T160342Z.db,fundamentals_v4.phase3d.20260901T160342Z.db,.,269901824,0.269902,2026-09-01T16:05:50.524638Z,2026-09-01T16:05:50.524638Z,20260901T160342Z,Phase 3D V4 transition,fundamentals_v4 canonical,phase/migration safety backup,historical Fundamentals phase,full SQLite database copy,LEGACY_ARCHITECTURE,Historical pre-current-phase safety copy; active V4 restore code does not target this path and later milestones are retained.,backups/fundamentals_v4_phase13c_20260911T164256Z or a later retained milestone,DELETE_CANDIDATE,HIGH
backups/fundamentals_v4_diagnostic_flags_phase6d_20260905T190500Z/fundamentals_analysis_before_phase6d.db,fundamentals_analysis_before_phase6d.db,fundamentals_v4_diagnostic_flags_phase6d_20260905T190500Z,390258688,0.390259,2026-09-05T19:18:02.602287Z,2026-09-05T19:18:02.602287Z,20260905T190500Z,Phase 6D diagnostic flags transition,fundamentals_analysis,phase/migration safety backup,historical Fundamentals phase,full SQLite database copy,LEGACY_ARCHITECTURE,Historical pre-current-phase safety copy; active V4 restore code does not target this path and later milestones are retained.,backups/fundamentals_v4_phase13c_20260911T164256Z or a later retained milestone,DELETE_CANDIDATE,HIGH
backups/fundamentals_v4_diagnostic_flags_phase6d_20260905T190500Z/fundamentals_provider_before_phase6d.db,fundamentals_provider_before_phase6d.db,fundamentals_v4_diagnostic_flags_phase6d_20260905T190500Z,546754560,0.546755,2026-09-05T19:18:00.779048Z,2026-09-05T19:18:00.779048Z,20260905T190500Z,Phase 6D diagnostic flags transition,fundamentals_provider,phase/migration safety backup,historical Fundamentals phase,full SQLite database copy,LEGACY_ARCHITECTURE,Historical pre-current-phase safety copy; active V4 restore code does not target this path and later milestones are retained.,backups/fundamentals_v4_phase13c_20260911T164256Z or a later retained milestone,DELETE_CANDIDATE,HIGH
backups/fundamentals_v4_diagnostic_flags_phase6d_20260905T190500Z/fundamentals_v4_before_phase6d.db,fundamentals_v4_before_phase6d.db,fundamentals_v4_diagnostic_flags_phase6d_20260905T190500Z,288563200,0.288563,2026-09-05T19:18:01.819344Z,2026-09-05T19:18:01.819344Z,20260905T190500Z,Phase 6D diagnostic flags transition,fundamentals_v4 canonical,phase/migration safety backup,historical Fundamentals phase,full SQLite database copy,LEGACY_ARCHITECTURE,Historical pre-current-phase safety copy; active V4 restore code does not target this path and later milestones are retained.,backups/fundamentals_v4_phase13c_20260911T164256Z or a later retained milestone,DELETE_CANDIDATE,HIGH
backups/fundamentals_v4_phase12e_20260911T134001Z/fundamentals_analysis.before_phase12e.db,fundamentals_analysis.before_phase12e.db,fundamentals_v4_phase12e_20260911T134001Z,1152614400,1.152614,2026-09-11T13:40:03.473688Z,2026-09-11T13:40:03.473688Z,20260911T134001Z,Phase 12E pre-migration,fundamentals_analysis,phase/migration safety backup,historical Fundamentals phase,full SQLite database copy,LEGACY_ARCHITECTURE,Historical pre-current-phase safety copy; active V4 restore code does not target this path and later milestones are retained.,backups/fundamentals_v4_phase13c_20260911T164256Z or a later retained milestone,DELETE_CANDIDATE,HIGH
backups/fundamentals_v4_phase12e_20260911T134001Z/fundamentals_v4.before_phase12e.db,fundamentals_v4.before_phase12e.db,fundamentals_v4_phase12e_20260911T134001Z,372228096,0.372228,2026-09-11T13:40:01.637021Z,2026-09-11T13:40:01.637021Z,20260911T134001Z,Phase 12E pre-migration,fundamentals_v4 canonical,phase/migration safety backup,historical Fundamentals phase,full SQLite database copy,LEGACY_ARCHITECTURE,Historical pre-current-phase safety copy; active V4 restore code does not target this path and later milestones are retained.,backups/fundamentals_v4_phase13c_20260911T164256Z or a later retained milestone,DELETE_CANDIDATE,HIGH
backups/fundamentals_v4_phase12e_20260911T135700Z/fundamentals_analysis.before_phase12e.db,fundamentals_analysis.before_phase12e.db,fundamentals_v4_phase12e_20260911T135700Z,1152614400,1.152614,2026-09-11T13:57:02.462203Z,2026-09-11T13:57:02.462203Z,20260911T135700Z,Phase 12E pre-migration,fundamentals_analysis,phase/migration safety backup,historical Fundamentals phase,full SQLite database copy,LEGACY_ARCHITECTURE,Historical pre-current-phase safety copy; active V4 restore code does not target this path and later milestones are retained.,backups/fundamentals_v4_phase13c_20260911T164256Z or a later retained milestone,DELETE_CANDIDATE,HIGH
backups/fundamentals_v4_phase12e_20260911T135700Z/fundamentals_v4.before_phase12e.db,fundamentals_v4.before_phase12e.db,fundamentals_v4_phase12e_20260911T135700Z,372228096,0.372228,2026-09-11T13:57:00.622239Z,2026-09-11T13:57:00.622239Z,20260911T135700Z,Phase 12E pre-migration,fundamentals_v4 canonical,phase/migration safety backup,historical Fundamentals phase,full SQLite database copy,LEGACY_ARCHITECTURE,Historical pre-current-phase safety copy; active V4 restore code does not target this path and later milestones are retained.,backups/fundamentals_v4_phase13c_20260911T164256Z or a later retained milestone,DELETE_CANDIDATE,HIGH
backups/fundamentals_v4_phase13e_sndk_onboarding/20260912T_PHASE13E_SNDK_PRODUCTION_ONBOARDING_APPLY_R2/backup_manifest.json,backup_manifest.json,fundamentals_v4_phase13e_sndk_onboarding/20260912T_PHASE13E_SNDK_PRODUCTION_ONBOARDING_APPLY_R2,7229,0.000007,2026-09-12T16:26:25.965928Z,2026-09-12T16:26:25.965928Z,,Phase 13E SNDK production onboarding,metadata/configuration,SNDK onboarding,historical Fundamentals phase,evidence manifest,EVIDENCE_OR_METADATA,R2/R3 are byte-identical by manifest SHA-256 to retained R4 for every database role.,backups/fundamentals_v4_phase13e_sndk_onboarding/20260912T_PHASE13E_SNDK_PRODUCTION_ONBOARDING_APPLY_R4,DELETE_CANDIDATE,HIGH
backups/fundamentals_v4_phase13e_sndk_onboarding/20260912T_PHASE13E_SNDK_PRODUCTION_ONBOARDING_APPLY_R2/fundamentals_analysis.db,fundamentals_analysis.db,fundamentals_v4_phase13e_sndk_onboarding/20260912T_PHASE13E_SNDK_PRODUCTION_ONBOARDING_APPLY_R2,1534058496,1.534058,2026-09-12T16:26:21.860549Z,2026-09-12T16:26:21.860549Z,,Phase 13E SNDK production onboarding,fundamentals_analysis,SNDK onboarding,historical Fundamentals phase,full SQLite database copy,REDUNDANT_ROLLBACK,R2/R3 are byte-identical by manifest SHA-256 to retained R4 for every database role.,backups/fundamentals_v4_phase13e_sndk_onboarding/20260912T_PHASE13E_SNDK_PRODUCTION_ONBOARDING_APPLY_R4,DELETE_CANDIDATE,HIGH
backups/fundamentals_v4_phase13e_sndk_onboarding/20260912T_PHASE13E_SNDK_PRODUCTION_ONBOARDING_APPLY_R2/fundamentals_provider.db,fundamentals_provider.db,fundamentals_v4_phase13e_sndk_onboarding/20260912T_PHASE13E_SNDK_PRODUCTION_ONBOARDING_APPLY_R2,922521600,0.922522,2026-09-12T16:26:17.388557Z,2026-09-12T16:26:17.388557Z,,Phase 13E SNDK production onboarding,fundamentals_provider,SNDK onboarding,historical Fundamentals phase,full SQLite database copy,REDUNDANT_ROLLBACK,R2/R3 are byte-identical by manifest SHA-256 to retained R4 for every database role.,backups/fundamentals_v4_phase13e_sndk_onboarding/20260912T_PHASE13E_SNDK_PRODUCTION_ONBOARDING_APPLY_R4,DELETE_CANDIDATE,HIGH
backups/fundamentals_v4_phase13e_sndk_onboarding/20260912T_PHASE13E_SNDK_PRODUCTION_ONBOARDING_APPLY_R2/fundamentals_v4.db,fundamentals_v4.db,fundamentals_v4_phase13e_sndk_onboarding/20260912T_PHASE13E_SNDK_PRODUCTION_ONBOARDING_APPLY_R2,637911040,0.637911,2026-09-12T16:26:19.440553Z,2026-09-12T16:26:19.440553Z,,Phase 13E SNDK production onboarding,fundamentals_v4 canonical,SNDK onboarding,historical Fundamentals phase,full SQLite database copy,REDUNDANT_ROLLBACK,R2/R3 are byte-identical by manifest SHA-256 to retained R4 for every database role.,backups/fundamentals_v4_phase13e_sndk_onboarding/20260912T_PHASE13E_SNDK_PRODUCTION_ONBOARDING_APPLY_R4,DELETE_CANDIDATE,HIGH
backups/fundamentals_v4_phase13e_sndk_onboarding/20260912T_PHASE13E_SNDK_PRODUCTION_ONBOARDING_APPLY_R3/backup_manifest.json,backup_manifest.json,fundamentals_v4_phase13e_sndk_onboarding/20260912T_PHASE13E_SNDK_PRODUCTION_ONBOARDING_APPLY_R3,7229,0.000007,2026-09-12T16:35:14.048154Z,2026-09-12T16:35:14.048154Z,,Phase 13E SNDK production onboarding,metadata/configuration,SNDK onboarding,historical Fundamentals phase,evidence manifest,EVIDENCE_OR_METADATA,R2/R3 are byte-identical by manifest SHA-256 to retained R4 for every database role.,backups/fundamentals_v4_phase13e_sndk_onboarding/20260912T_PHASE13E_SNDK_PRODUCTION_ONBOARDING_APPLY_R4,DELETE_CANDIDATE,HIGH
backups/fundamentals_v4_phase13e_sndk_onboarding/20260912T_PHASE13E_SNDK_PRODUCTION_ONBOARDING_APPLY_R3/fundamentals_analysis.db,fundamentals_analysis.db,fundamentals_v4_phase13e_sndk_onboarding/20260912T_PHASE13E_SNDK_PRODUCTION_ONBOARDING_APPLY_R3,1534058496,1.534058,2026-09-12T16:35:10.201273Z,2026-09-12T16:35:10.201273Z,,Phase 13E SNDK production onboarding,fundamentals_analysis,SNDK onboarding,historical Fundamentals phase,full SQLite database copy,REDUNDANT_ROLLBACK,R2/R3 are byte-identical by manifest SHA-256 to retained R4 for every database role.,backups/fundamentals_v4_phase13e_sndk_onboarding/20260912T_PHASE13E_SNDK_PRODUCTION_ONBOARDING_APPLY_R4,DELETE_CANDIDATE,HIGH
backups/fundamentals_v4_phase13e_sndk_onboarding/20260912T_PHASE13E_SNDK_PRODUCTION_ONBOARDING_APPLY_R3/fundamentals_provider.db,fundamentals_provider.db,fundamentals_v4_phase13e_sndk_onboarding/20260912T_PHASE13E_SNDK_PRODUCTION_ONBOARDING_APPLY_R3,922521600,0.922522,2026-09-12T16:35:05.337765Z,2026-09-12T16:35:05.337765Z,,Phase 13E SNDK production onboarding,fundamentals_provider,SNDK onboarding,historical Fundamentals phase,full SQLite database copy,REDUNDANT_ROLLBACK,R2/R3 are byte-identical by manifest SHA-256 to retained R4 for every database role.,backups/fundamentals_v4_phase13e_sndk_onboarding/20260912T_PHASE13E_SNDK_PRODUCTION_ONBOARDING_APPLY_R4,DELETE_CANDIDATE,HIGH
backups/fundamentals_v4_phase13e_sndk_onboarding/20260912T_PHASE13E_SNDK_PRODUCTION_ONBOARDING_APPLY_R3/fundamentals_v4.db,fundamentals_v4.db,fundamentals_v4_phase13e_sndk_onboarding/20260912T_PHASE13E_SNDK_PRODUCTION_ONBOARDING_APPLY_R3,637911040,0.637911,2026-09-12T16:35:07.641618Z,2026-09-12T16:35:07.641618Z,,Phase 13E SNDK production onboarding,fundamentals_v4 canonical,SNDK onboarding,historical Fundamentals phase,full SQLite database copy,REDUNDANT_ROLLBACK,R2/R3 are byte-identical by manifest SHA-256 to retained R4 for every database role.,backups/fundamentals_v4_phase13e_sndk_onboarding/20260912T_PHASE13E_SNDK_PRODUCTION_ONBOARDING_APPLY_R4,DELETE_CANDIDATE,HIGH
backups/fundamentals_v4_phase13f4_12_structural_production/20260914T_PHASE13F4_12_PRODUCTION_ACTIVATION/backup_manifest.json,backup_manifest.json,fundamentals_v4_phase13f4_12_structural_production/20260914T_PHASE13F4_12_PRODUCTION_ACTIVATION,14877,0.000015,2026-09-14T16:33:11.954323Z,2026-09-14T16:33:11.954323Z,,Phase 13F structural production activation,metadata/configuration,structural production activation,historical Fundamentals phase,evidence manifest,EVIDENCE_OR_METADATA,All Phase 13F role files have the same manifest SHA-256 as retained durable Phase 13F4.13.,backups/fundamentals_v4_phase13f4_13_structural_production/20260914T_PHASE13F4_13_DURABLE_PRODUCTION_ACTIVATION,DELETE_CANDIDATE,HIGH
backups/fundamentals_v4_phase13f4_12_structural_production/20260914T_PHASE13F4_12_PRODUCTION_ACTIVATION/fundamentals_analysis.db,fundamentals_analysis.db,fundamentals_v4_phase13f4_12_structural_production/20260914T_PHASE13F4_12_PRODUCTION_ACTIVATION,1557794816,1.557795,2026-09-14T16:32:29.543214Z,2026-09-14T16:32:29.543214Z,,Phase 13F structural production activation,fundamentals_analysis,structural production activation,historical Fundamentals phase,full SQLite database copy,REDUNDANT_ROLLBACK,All Phase 13F role files have the same manifest SHA-256 as retained durable Phase 13F4.13.,backups/fundamentals_v4_phase13f4_13_structural_production/20260914T_PHASE13F4_13_DURABLE_PRODUCTION_ACTIVATION,DELETE_CANDIDATE,HIGH
backups/fundamentals_v4_phase13f4_12_structural_production/20260914T_PHASE13F4_12_PRODUCTION_ACTIVATION/fundamentals_provider.db,fundamentals_provider.db,fundamentals_v4_phase13f4_12_structural_production/20260914T_PHASE13F4_12_PRODUCTION_ACTIVATION,922853376,0.922853,2026-09-14T16:32:08.147269Z,2026-09-14T16:32:08.147269Z,,Phase 13F structural production activation,fundamentals_provider,structural production activation,historical Fundamentals phase,full SQLite database copy,REDUNDANT_ROLLBACK,All Phase 13F role files have the same manifest SHA-256 as retained durable Phase 13F4.13.,backups/fundamentals_v4_phase13f4_13_structural_production/20260914T_PHASE13F4_13_DURABLE_PRODUCTION_ACTIVATION,DELETE_CANDIDATE,HIGH
backups/fundamentals_v4_phase13f4_12_structural_production/20260914T_PHASE13F4_12_PRODUCTION_ACTIVATION/fundamentals_v4.db,fundamentals_v4.db,fundamentals_v4_phase13f4_12_structural_production/20260914T_PHASE13F4_12_PRODUCTION_ACTIVATION,639561728,0.639562,2026-09-14T16:32:16.199250Z,2026-09-14T16:32:16.199250Z,,Phase 13F structural production activation,fundamentals_v4 canonical,structural production activation,historical Fundamentals phase,full SQLite database copy,REDUNDANT_ROLLBACK,All Phase 13F role files have the same manifest SHA-256 as retained durable Phase 13F4.13.,backups/fundamentals_v4_phase13f4_13_structural_production/20260914T_PHASE13F4_13_DURABLE_PRODUCTION_ACTIVATION,DELETE_CANDIDATE,HIGH
backups/fundamentals_v4_phase13f4_2_structural_production/20260913T_PHASE13F4_2_PRODUCTION_APPLY/backup_manifest.json,backup_manifest.json,fundamentals_v4_phase13f4_2_structural_production/20260913T_PHASE13F4_2_PRODUCTION_APPLY,7190,0.000007,2026-09-13T14:53:51.785146Z,2026-09-13T14:53:51.785146Z,,Phase 13F structural production activation,metadata/configuration,structural production activation,historical Fundamentals phase,evidence manifest,EVIDENCE_OR_METADATA,All Phase 13F role files have the same manifest SHA-256 as retained durable Phase 13F4.13.,backups/fundamentals_v4_phase13f4_13_structural_production/20260914T_PHASE13F4_13_DURABLE_PRODUCTION_ACTIVATION,DELETE_CANDIDATE,HIGH
backups/fundamentals_v4_phase13f4_2_structural_production/20260913T_PHASE13F4_2_PRODUCTION_APPLY/fundamentals_analysis.db,fundamentals_analysis.db,fundamentals_v4_phase13f4_2_structural_production/20260913T_PHASE13F4_2_PRODUCTION_APPLY,1557794816,1.557795,2026-09-13T14:53:47.908909Z,2026-09-13T14:53:47.908909Z,,Phase 13F structural production activation,fundamentals_analysis,structural production activation,historical Fundamentals phase,full SQLite database copy,REDUNDANT_ROLLBACK,All Phase 13F role files have the same manifest SHA-256 as retained durable Phase 13F4.13.,backups/fundamentals_v4_phase13f4_13_structural_production/20260914T_PHASE13F4_13_DURABLE_PRODUCTION_ACTIVATION,DELETE_CANDIDATE,HIGH
backups/fundamentals_v4_phase13f4_2_structural_production/20260913T_PHASE13F4_2_PRODUCTION_APPLY/fundamentals_provider.db,fundamentals_provider.db,fundamentals_v4_phase13f4_2_structural_production/20260913T_PHASE13F4_2_PRODUCTION_APPLY,922853376,0.922853,2026-09-13T14:53:42.767313Z,2026-09-13T14:53:42.767313Z,,Phase 13F structural production activation,fundamentals_provider,structural production activation,historical Fundamentals phase,full SQLite database copy,REDUNDANT_ROLLBACK,All Phase 13F role files have the same manifest SHA-256 as retained durable Phase 13F4.13.,backups/fundamentals_v4_phase13f4_13_structural_production/20260914T_PHASE13F4_13_DURABLE_PRODUCTION_ACTIVATION,DELETE_CANDIDATE,HIGH
backups/fundamentals_v4_phase13f4_2_structural_production/20260913T_PHASE13F4_2_PRODUCTION_APPLY/fundamentals_v4.db,fundamentals_v4.db,fundamentals_v4_phase13f4_2_structural_production/20260913T_PHASE13F4_2_PRODUCTION_APPLY,639561728,0.639562,2026-09-13T14:53:45.260551Z,2026-09-13T14:53:45.260551Z,,Phase 13F structural production activation,fundamentals_v4 canonical,structural production activation,historical Fundamentals phase,full SQLite database copy,REDUNDANT_ROLLBACK,All Phase 13F role files have the same manifest SHA-256 as retained durable Phase 13F4.13.,backups/fundamentals_v4_phase13f4_13_structural_production/20260914T_PHASE13F4_13_DURABLE_PRODUCTION_ACTIVATION,DELETE_CANDIDATE,HIGH
backups/fundamentals_v4_phase13f4_3_structural_production/20260913T_PHASE13F4_3_PRODUCTION_RETRY/backup_manifest.json,backup_manifest.json,fundamentals_v4_phase13f4_3_structural_production/20260913T_PHASE13F4_3_PRODUCTION_RETRY,7190,0.000007,2026-09-13T15:20:16.348535Z,2026-09-13T15:20:16.348535Z,,Phase 13F structural production activation,metadata/configuration,structural production activation,historical Fundamentals phase,evidence manifest,EVIDENCE_OR_METADATA,All Phase 13F role files have the same manifest SHA-256 as retained durable Phase 13F4.13.,backups/fundamentals_v4_phase13f4_13_structural_production/20260914T_PHASE13F4_13_DURABLE_PRODUCTION_ACTIVATION,DELETE_CANDIDATE,HIGH
backups/fundamentals_v4_phase13f4_3_structural_production/20260913T_PHASE13F4_3_PRODUCTION_RETRY/fundamentals_analysis.db,fundamentals_analysis.db,fundamentals_v4_phase13f4_3_structural_production/20260913T_PHASE13F4_3_PRODUCTION_RETRY,1557794816,1.557795,2026-09-13T15:20:11.676059Z,2026-09-13T15:20:11.676059Z,,Phase 13F structural production activation,fundamentals_analysis,structural production activation,historical Fundamentals phase,full SQLite database copy,REDUNDANT_ROLLBACK,All Phase 13F role files have the same manifest SHA-256 as retained durable Phase 13F4.13.,backups/fundamentals_v4_phase13f4_13_structural_production/20260914T_PHASE13F4_13_DURABLE_PRODUCTION_ACTIVATION,DELETE_CANDIDATE,HIGH
backups/fundamentals_v4_phase13f4_3_structural_production/20260913T_PHASE13F4_3_PRODUCTION_RETRY/fundamentals_provider.db,fundamentals_provider.db,fundamentals_v4_phase13f4_3_structural_production/20260913T_PHASE13F4_3_PRODUCTION_RETRY,922853376,0.922853,2026-09-13T15:20:06.668071Z,2026-09-13T15:20:06.668071Z,,Phase 13F structural production activation,fundamentals_provider,structural production activation,historical Fundamentals phase,full SQLite database copy,REDUNDANT_ROLLBACK,All Phase 13F role files have the same manifest SHA-256 as retained durable Phase 13F4.13.,backups/fundamentals_v4_phase13f4_13_structural_production/20260914T_PHASE13F4_13_DURABLE_PRODUCTION_ACTIVATION,DELETE_CANDIDATE,HIGH
backups/fundamentals_v4_phase13f4_3_structural_production/20260913T_PHASE13F4_3_PRODUCTION_RETRY/fundamentals_v4.db,fundamentals_v4.db,fundamentals_v4_phase13f4_3_structural_production/20260913T_PHASE13F4_3_PRODUCTION_RETRY,639561728,0.639562,2026-09-13T15:20:09.216065Z,2026-09-13T15:20:09.216065Z,,Phase 13F structural production activation,fundamentals_v4 canonical,structural production activation,historical Fundamentals phase,full SQLite database copy,REDUNDANT_ROLLBACK,All Phase 13F role files have the same manifest SHA-256 as retained durable Phase 13F4.13.,backups/fundamentals_v4_phase13f4_13_structural_production/20260914T_PHASE13F4_13_DURABLE_PRODUCTION_ACTIVATION,DELETE_CANDIDATE,HIGH
backups/fundamentals_v4_phase13f4_4_structural_production/20260913T_PHASE13F4_4_PRODUCTION_FINAL_RETRY/backup_manifest.json,backup_manifest.json,fundamentals_v4_phase13f4_4_structural_production/20260913T_PHASE13F4_4_PRODUCTION_FINAL_RETRY,7226,0.000007,2026-09-13T16:06:25.804675Z,2026-09-13T16:06:25.804675Z,,Phase 13F structural production activation,metadata/configuration,structural production activation,historical Fundamentals phase,evidence manifest,EVIDENCE_OR_METADATA,All Phase 13F role files have the same manifest SHA-256 as retained durable Phase 13F4.13.,backups/fundamentals_v4_phase13f4_13_structural_production/20260914T_PHASE13F4_13_DURABLE_PRODUCTION_ACTIVATION,DELETE_CANDIDATE,HIGH
backups/fundamentals_v4_phase13f4_4_structural_production/20260913T_PHASE13F4_4_PRODUCTION_FINAL_RETRY/fundamentals_analysis.db,fundamentals_analysis.db,fundamentals_v4_phase13f4_4_structural_production/20260913T_PHASE13F4_4_PRODUCTION_FINAL_RETRY,1557794816,1.557795,2026-09-13T16:06:21.898336Z,2026-09-13T16:06:21.898336Z,,Phase 13F structural production activation,fundamentals_analysis,structural production activation,historical Fundamentals phase,full SQLite database copy,REDUNDANT_ROLLBACK,All Phase 13F role files have the same manifest SHA-256 as retained durable Phase 13F4.13.,backups/fundamentals_v4_phase13f4_13_structural_production/20260914T_PHASE13F4_13_DURABLE_PRODUCTION_ACTIVATION,DELETE_CANDIDATE,HIGH
backups/fundamentals_v4_phase13f4_4_structural_production/20260913T_PHASE13F4_4_PRODUCTION_FINAL_RETRY/fundamentals_provider.db,fundamentals_provider.db,fundamentals_v4_phase13f4_4_structural_production/20260913T_PHASE13F4_4_PRODUCTION_FINAL_RETRY,922853376,0.922853,2026-09-13T16:06:16.918340Z,2026-09-13T16:06:16.918340Z,,Phase 13F structural production activation,fundamentals_provider,structural production activation,historical Fundamentals phase,full SQLite database copy,REDUNDANT_ROLLBACK,All Phase 13F role files have the same manifest SHA-256 as retained durable Phase 13F4.13.,backups/fundamentals_v4_phase13f4_13_structural_production/20260914T_PHASE13F4_13_DURABLE_PRODUCTION_ACTIVATION,DELETE_CANDIDATE,HIGH
backups/fundamentals_v4_phase13f4_4_structural_production/20260913T_PHASE13F4_4_PRODUCTION_FINAL_RETRY/fundamentals_v4.db,fundamentals_v4.db,fundamentals_v4_phase13f4_4_structural_production/20260913T_PHASE13F4_4_PRODUCTION_FINAL_RETRY,639561728,0.639562,2026-09-13T16:06:19.238338Z,2026-09-13T16:06:19.238338Z,,Phase 13F structural production activation,fundamentals_v4 canonical,structural production activation,historical Fundamentals phase,full SQLite database copy,REDUNDANT_ROLLBACK,All Phase 13F role files have the same manifest SHA-256 as retained durable Phase 13F4.13.,backups/fundamentals_v4_phase13f4_13_structural_production/20260914T_PHASE13F4_13_DURABLE_PRODUCTION_ACTIVATION,DELETE_CANDIDATE,HIGH
backups/fundamentals_v4_phase13f4_7_structural_production/20260913T_PHASE13F4_7_PRODUCTION_ACTIVATION/backup_manifest.json,backup_manifest.json,fundamentals_v4_phase13f4_7_structural_production/20260913T_PHASE13F4_7_PRODUCTION_ACTIVATION,7220,0.000007,2026-09-13T18:56:10.970035Z,2026-09-13T18:56:10.970035Z,,Phase 13F structural production activation,metadata/configuration,structural production activation,historical Fundamentals phase,evidence manifest,EVIDENCE_OR_METADATA,All Phase 13F role files have the same manifest SHA-256 as retained durable Phase 13F4.13.,backups/fundamentals_v4_phase13f4_13_structural_production/20260914T_PHASE13F4_13_DURABLE_PRODUCTION_ACTIVATION,DELETE_CANDIDATE,HIGH
backups/fundamentals_v4_phase13f4_7_structural_production/20260913T_PHASE13F4_7_PRODUCTION_ACTIVATION/fundamentals_analysis.db,fundamentals_analysis.db,fundamentals_v4_phase13f4_7_structural_production/20260913T_PHASE13F4_7_PRODUCTION_ACTIVATION,1557794816,1.557795,2026-09-13T18:56:06.788448Z,2026-09-13T18:56:06.788448Z,,Phase 13F structural production activation,fundamentals_analysis,structural production activation,historical Fundamentals phase,full SQLite database copy,REDUNDANT_ROLLBACK,All Phase 13F role files have the same manifest SHA-256 as retained durable Phase 13F4.13.,backups/fundamentals_v4_phase13f4_13_structural_production/20260914T_PHASE13F4_13_DURABLE_PRODUCTION_ACTIVATION,DELETE_CANDIDATE,HIGH
backups/fundamentals_v4_phase13f4_7_structural_production/20260913T_PHASE13F4_7_PRODUCTION_ACTIVATION/fundamentals_provider.db,fundamentals_provider.db,fundamentals_v4_phase13f4_7_structural_production/20260913T_PHASE13F4_7_PRODUCTION_ACTIVATION,922853376,0.922853,2026-09-13T18:56:01.820455Z,2026-09-13T18:56:01.820455Z,,Phase 13F structural production activation,fundamentals_provider,structural production activation,historical Fundamentals phase,full SQLite database copy,REDUNDANT_ROLLBACK,All Phase 13F role files have the same manifest SHA-256 as retained durable Phase 13F4.13.,backups/fundamentals_v4_phase13f4_13_structural_production/20260914T_PHASE13F4_13_DURABLE_PRODUCTION_ACTIVATION,DELETE_CANDIDATE,HIGH
backups/fundamentals_v4_phase13f4_7_structural_production/20260913T_PHASE13F4_7_PRODUCTION_ACTIVATION/fundamentals_v4.db,fundamentals_v4.db,fundamentals_v4_phase13f4_7_structural_production/20260913T_PHASE13F4_7_PRODUCTION_ACTIVATION,639561728,0.639562,2026-09-13T18:56:04.128452Z,2026-09-13T18:56:04.128452Z,,Phase 13F structural production activation,fundamentals_v4 canonical,structural production activation,historical Fundamentals phase,full SQLite database copy,REDUNDANT_ROLLBACK,All Phase 13F role files have the same manifest SHA-256 as retained durable Phase 13F4.13.,backups/fundamentals_v4_phase13f4_13_structural_production/20260914T_PHASE13F4_13_DURABLE_PRODUCTION_ACTIVATION,DELETE_CANDIDATE,HIGH
backups/fundamentals_v4_phase13f4_8_structural_production/20260913T_PHASE13F4_8_PRODUCTION_ACTIVATION/backup_manifest.json,backup_manifest.json,fundamentals_v4_phase13f4_8_structural_production/20260913T_PHASE13F4_8_PRODUCTION_ACTIVATION,7220,0.000007,2026-09-13T19:44:02.280499Z,2026-09-13T19:44:02.280499Z,,Phase 13F structural production activation,metadata/configuration,structural production activation,historical Fundamentals phase,evidence manifest,EVIDENCE_OR_METADATA,All Phase 13F role files have the same manifest SHA-256 as retained durable Phase 13F4.13.,backups/fundamentals_v4_phase13f4_13_structural_production/20260914T_PHASE13F4_13_DURABLE_PRODUCTION_ACTIVATION,DELETE_CANDIDATE,HIGH
backups/fundamentals_v4_phase13f4_8_structural_production/20260913T_PHASE13F4_8_PRODUCTION_ACTIVATION/fundamentals_analysis.db,fundamentals_analysis.db,fundamentals_v4_phase13f4_8_structural_production/20260913T_PHASE13F4_8_PRODUCTION_ACTIVATION,1557794816,1.557795,2026-09-13T19:43:56.988622Z,2026-09-13T19:43:56.988622Z,,Phase 13F structural production activation,fundamentals_analysis,structural production activation,historical Fundamentals phase,full SQLite database copy,REDUNDANT_ROLLBACK,All Phase 13F role files have the same manifest SHA-256 as retained durable Phase 13F4.13.,backups/fundamentals_v4_phase13f4_13_structural_production/20260914T_PHASE13F4_13_DURABLE_PRODUCTION_ACTIVATION,DELETE_CANDIDATE,HIGH
backups/fundamentals_v4_phase13f4_8_structural_production/20260913T_PHASE13F4_8_PRODUCTION_ACTIVATION/fundamentals_provider.db,fundamentals_provider.db,fundamentals_v4_phase13f4_8_structural_production/20260913T_PHASE13F4_8_PRODUCTION_ACTIVATION,922853376,0.922853,2026-09-13T19:43:51.098722Z,2026-09-13T19:43:51.098722Z,,Phase 13F structural production activation,fundamentals_provider,structural production activation,historical Fundamentals phase,full SQLite database copy,REDUNDANT_ROLLBACK,All Phase 13F role files have the same manifest SHA-256 as retained durable Phase 13F4.13.,backups/fundamentals_v4_phase13f4_13_structural_production/20260914T_PHASE13F4_13_DURABLE_PRODUCTION_ACTIVATION,DELETE_CANDIDATE,HIGH
backups/fundamentals_v4_phase13f4_8_structural_production/20260913T_PHASE13F4_8_PRODUCTION_ACTIVATION/fundamentals_v4.db,fundamentals_v4.db,fundamentals_v4_phase13f4_8_structural_production/20260913T_PHASE13F4_8_PRODUCTION_ACTIVATION,639561728,0.639562,2026-09-13T19:43:53.907293Z,2026-09-13T19:43:53.907293Z,,Phase 13F structural production activation,fundamentals_v4 canonical,structural production activation,historical Fundamentals phase,full SQLite database copy,REDUNDANT_ROLLBACK,All Phase 13F role files have the same manifest SHA-256 as retained durable Phase 13F4.13.,backups/fundamentals_v4_phase13f4_13_structural_production/20260914T_PHASE13F4_13_DURABLE_PRODUCTION_ACTIVATION,DELETE_CANDIDATE,HIGH
backups/fundamentals_v4_phase13f4_9_structural_production/20260914T_PHASE13F4_9_PRODUCTION_ACTIVATION/backup_manifest.json,backup_manifest.json,fundamentals_v4_phase13f4_9_structural_production/20260914T_PHASE13F4_9_PRODUCTION_ACTIVATION,14772,0.000015,2026-09-14T07:31:48.450787Z,2026-09-14T07:31:48.450787Z,,Phase 13F structural production activation,metadata/configuration,structural production activation,historical Fundamentals phase,evidence manifest,EVIDENCE_OR_METADATA,All Phase 13F role files have the same manifest SHA-256 as retained durable Phase 13F4.13.,backups/fundamentals_v4_phase13f4_13_structural_production/20260914T_PHASE13F4_13_DURABLE_PRODUCTION_ACTIVATION,DELETE_CANDIDATE,HIGH
backups/fundamentals_v4_phase13f4_9_structural_production/20260914T_PHASE13F4_9_PRODUCTION_ACTIVATION/fundamentals_analysis.db,fundamentals_analysis.db,fundamentals_v4_phase13f4_9_structural_production/20260914T_PHASE13F4_9_PRODUCTION_ACTIVATION,1557794816,1.557795,2026-09-14T07:31:04.688339Z,2026-09-14T07:31:04.688339Z,,Phase 13F structural production activation,fundamentals_analysis,structural production activation,historical Fundamentals phase,full SQLite database copy,REDUNDANT_ROLLBACK,All Phase 13F role files have the same manifest SHA-256 as retained durable Phase 13F4.13.,backups/fundamentals_v4_phase13f4_13_structural_production/20260914T_PHASE13F4_13_DURABLE_PRODUCTION_ACTIVATION,DELETE_CANDIDATE,HIGH
backups/fundamentals_v4_phase13f4_9_structural_production/20260914T_PHASE13F4_9_PRODUCTION_ACTIVATION/fundamentals_provider.db,fundamentals_provider.db,fundamentals_v4_phase13f4_9_structural_production/20260914T_PHASE13F4_9_PRODUCTION_ACTIVATION,922853376,0.922853,2026-09-14T07:30:43.579047Z,2026-09-14T07:30:43.579047Z,,Phase 13F structural production activation,fundamentals_provider,structural production activation,historical Fundamentals phase,full SQLite database copy,REDUNDANT_ROLLBACK,All Phase 13F role files have the same manifest SHA-256 as retained durable Phase 13F4.13.,backups/fundamentals_v4_phase13f4_13_structural_production/20260914T_PHASE13F4_13_DURABLE_PRODUCTION_ACTIVATION,DELETE_CANDIDATE,HIGH
backups/fundamentals_v4_phase13f4_9_structural_production/20260914T_PHASE13F4_9_PRODUCTION_ACTIVATION/fundamentals_v4.db,fundamentals_v4.db,fundamentals_v4_phase13f4_9_structural_production/20260914T_PHASE13F4_9_PRODUCTION_ACTIVATION,639561728,0.639562,2026-09-14T07:30:51.263231Z,2026-09-14T07:30:51.263231Z,,Phase 13F structural production activation,fundamentals_v4 canonical,structural production activation,historical Fundamentals phase,full SQLite database copy,REDUNDANT_ROLLBACK,All Phase 13F role files have the same manifest SHA-256 as retained durable Phase 13F4.13.,backups/fundamentals_v4_phase13f4_13_structural_production/20260914T_PHASE13F4_13_DURABLE_PRODUCTION_ACTIVATION,DELETE_CANDIDATE,HIGH
