identity,ticker,category,cluster,old_status,old_candidate_count,new_candidate_count,outcome,candidate_added,candidate_lost,old_accessions,new_accessions,coverage_note,new_context_provenance
707:2027:Q1,DRI,RESOLVER_COVERAGE_GAP,EXHIBIT_QUARTER_CONTEXT,UNRESOLVED,0,1,uniquely_resolvable,True,False,,0000940944-26-000032,Bounded recognition supplies one parent candidate,"SEC_LINKED_EXHIBIT:{""exhibits"":[{""method"":""CIK_ITEM_2_02_EXACT_PERIOD_END"",""sha256"":""c730535841d3882f05d6655ad75a39f71f937971d41b235e3cb4173a8e434de7"",""url"":""https://www.sec.gov/Archives/edgar/data/940944/000094094426000032/exhibit991-q1fy27.htm""}],""fiscal_identity"":[707,2027,""Q1""],""parent_accession"":""0000940944-26-000032"",""version"":1}"
394:2027:Q1,CAG,RESOLVER_COVERAGE_GAP,EXHIBIT_QUARTER_CONTEXT,UNRESOLVED,0,1,uniquely_resolvable,True,False,,0000023217-26-000052,Bounded recognition supplies one parent candidate,"SEC_LINKED_EXHIBIT:{""exhibits"":[{""method"":""CIK_ITEM_2_02_EXACT_PERIOD_END"",""sha256"":""dc8e6871736580b2433f749ba45ac82bca94e6e43cb3568e9bf888667334e822"",""url"":""https://www.sec.gov/Archives/edgar/data/23217/000002321726000052/tmb-ex99d1.htm""}],""fiscal_identity"":[394,2027,""Q1""],""parent_accession"":""0000023217-26-000052"",""version"":1}"
1225:2027:Q2,KMX,RESOLVER_COVERAGE_GAP,EXHIBIT_QUARTER_CONTEXT,UNRESOLVED,0,1,uniquely_resolvable,True,False,,0001170010-26-000102,Bounded recognition supplies one parent candidate,"SEC_LINKED_EXHIBIT:{""exhibits"":[{""method"":""CIK_ITEM_2_02_EXACT_PERIOD_END"",""sha256"":""1271699065487c812c4538d66acbc8fffeef08c69828f7e5ea48cacc03e585d5"",""url"":""https://www.sec.gov/Archives/edgar/data/1170010/000117001026000102/q2fy27earningsrelease.htm""}],""fiscal_identity"":[1225,2027,""Q2""],""parent_accession"":""0001170010-26-000102"",""version"":1}"
420:2026:Q3,CCL,RESOLVER_COVERAGE_GAP,EXHIBIT_QUARTER_CONTEXT,UNRESOLVED,0,1,uniquely_resolvable,True,False,,0000815097-26-000104,Bounded recognition supplies one parent candidate,"SEC_LINKED_EXHIBIT:{""exhibits"":[{""method"":""CIK_ITEM_2_02_EXPLICIT_FISCAL_QUARTER"",""sha256"":""c562ecb32603186577a711df590e14b1adeecaa8fffeb0957a1c8f29236a3545"",""url"":""https://www.sec.gov/Archives/edgar/data/815097/000081509726000104/a20263qearningsrelease8-k.htm""}],""fiscal_identity"":[420,2026,""Q3""],""parent_accession"":""0000815097-26-000104"",""version"":1}"
412:2026:Q4,CBRL,RESOLVER_COVERAGE_GAP,EXHIBIT_QUARTER_CONTEXT,UNRESOLVED,0,1,uniquely_resolvable,True,False,,0001104659-26-109812,Bounded recognition supplies one parent candidate,"SEC_LINKED_EXHIBIT:{""exhibits"":[{""method"":""CIK_ITEM_2_02_EXACT_PERIOD_END"",""sha256"":""b5e02d030bfaa09a0781f0b7d188e6f85285785488ceccc3cd49eabe82aaaa79"",""url"":""https://www.sec.gov/Archives/edgar/data/1067294/000110465926109812/tm2625926d1_ex99-1.htm""}],""fiscal_identity"":[412,2026,""Q4""],""parent_accession"":""0001104659-26-109812"",""version"":1}"
265:2026:Q4,AYTU,RESOLVER_COVERAGE_GAP,FISCAL_WORD_ORDER,UNRESOLVED,0,0,unchanged,False,False,,,Bounded text lacks a safely matching actual-result period/fiscal identity,
1239:2027:Q2,KR,RESOLVER_COVERAGE_GAP,EXHIBIT_QUARTER_CONTEXT,UNRESOLVED,0,0,unchanged,False,False,,,No bounded linked results exhibit; primary context does not match safely,
1745:2027:Q2,PLAY,RESOLVER_COVERAGE_GAP,EXHIBIT_QUARTER_CONTEXT,UNRESOLVED,0,0,unchanged,False,False,,,No bounded linked results exhibit; primary context does not match safely,
605:2027:Q2,CURV,RESOLVER_COVERAGE_GAP,EXHIBIT_QUARTER_CONTEXT,UNRESOLVED,0,0,unchanged,False,False,,,No bounded linked results exhibit; primary context does not match safely,
2453:2027:Q2,ZUMZ,RESOLVER_COVERAGE_GAP,EXHIBIT_QUARTER_CONTEXT,UNRESOLVED,0,0,unchanged,False,False,,,Conflicting result-period/fiscal tokens; no unique context chosen,
726:2027:Q2,DXLG,RESOLVER_COVERAGE_GAP,EXHIBIT_QUARTER_CONTEXT,UNRESOLVED,0,0,unchanged,False,False,,,Bounded text lacks a safely matching actual-result period/fiscal identity,
1602:2026:Q3,NX,RESOLVER_COVERAGE_GAP,EXHIBIT_QUARTER_CONTEXT,UNRESOLVED,0,1,uniquely_resolvable,True,False,,0001171843-26-005882,Bounded recognition supplies one parent candidate,"SEC_LINKED_EXHIBIT:{""exhibits"":[{""method"":""CIK_ITEM_2_02_EXACT_PERIOD_END"",""sha256"":""619983b805b4ae7b2af529dd6c247b0eae29f920eec8dba05d0e7be503e748a0"",""url"":""https://www.sec.gov/Archives/edgar/data/1423221/000117184326005882/exh_991.htm""}],""fiscal_identity"":[1602,2026,""Q3""],""parent_accession"":""0001171843-26-005882"",""version"":1}"
358:2026:Q4,BRC,RESOLVER_COVERAGE_GAP,EXHIBIT_QUARTER_CONTEXT,UNRESOLVED,0,0,unchanged,False,False,,,No bounded linked results exhibit; primary context does not match safely,
1487:2026:Q4,MTRX,RESOLVER_COVERAGE_GAP,EXHIBIT_QUARTER_CONTEXT,UNRESOLVED,0,1,uniquely_resolvable,True,False,,0000866273-26-000053,Bounded recognition supplies one parent candidate,"SEC_LINKED_EXHIBIT:{""exhibits"":[{""method"":""CIK_ITEM_2_02_EXACT_PERIOD_END"",""sha256"":""b2e1835dd5fd9c13be03837edd50d062bbe089a7f5cd3cf572e00a3da4cbd5ed"",""url"":""https://www.sec.gov/Archives/edgar/data/866273/000086627326000053/a063026ex99earningsrelease.htm""}],""fiscal_identity"":[1487,2026,""Q4""],""parent_accession"":""0000866273-26-000053"",""version"":1}"
2110:2027:Q1,SWBI,RESOLVER_COVERAGE_GAP,EXHIBIT_QUARTER_CONTEXT,UNRESOLVED,0,1,uniquely_resolvable,True,False,,0001193125-26-381907,Bounded recognition supplies one parent candidate,"SEC_LINKED_EXHIBIT:{""exhibits"":[{""method"":""CIK_ITEM_2_02_EXACT_PERIOD_END"",""sha256"":""3d50db572ede11a1b70375dd9aec1b733dda1851f2afeabe4c0059bef81a8101"",""url"":""https://www.sec.gov/Archives/edgar/data/1092796/000119312526381907/swbi-ex99_1.htm""}],""fiscal_identity"":[2110,2027,""Q1""],""parent_accession"":""0001193125-26-381907"",""version"":1}"
1819:2027:Q2,PVH,RESOLVER_COVERAGE_GAP,EXHIBIT_QUARTER_CONTEXT,UNRESOLVED,0,0,unchanged,False,False,,,Bounded text lacks a safely matching actual-result period/fiscal identity,
1237:2026:Q4,KOSS,RESOLVER_COVERAGE_GAP,EXHIBIT_QUARTER_CONTEXT,UNRESOLVED,0,1,uniquely_resolvable,True,False,,0000056701-26-000032,Bounded recognition supplies one parent candidate,NORMALIZED_ITEM_2_02_HEADING:CIK_ITEM_2_02_EXACT_PERIOD_END
685:2027:Q2,DLTR,RESOLVER_COVERAGE_GAP,EXHIBIT_QUARTER_CONTEXT,UNRESOLVED,0,1,uniquely_resolvable,True,False,,0000935703-26-000108,Bounded recognition supplies one parent candidate,"SEC_LINKED_EXHIBIT:{""exhibits"":[{""method"":""CIK_ITEM_2_02_EXACT_PERIOD_END"",""sha256"":""b526ebb4af78c40fdc38f631639fbe6e3f9a28463fd755449da71fcae49bef28"",""url"":""https://www.sec.gov/Archives/edgar/data/935703/000093570326000108/ex991q2-26earningspressrel.htm""}],""fiscal_identity"":[685,2027,""Q2""],""parent_accession"":""0000935703-26-000108"",""version"":1}"
728:2027:Q2,DY,RESOLVER_COVERAGE_GAP,EXHIBIT_QUARTER_CONTEXT,UNRESOLVED,0,1,uniquely_resolvable,True,False,,0000067215-26-000039,Bounded recognition supplies one parent candidate,"SEC_LINKED_EXHIBIT:{""exhibits"":[{""method"":""CIK_ITEM_2_02_EXACT_PERIOD_END"",""sha256"":""c9b6fed0de026a489864481712a3ad971e99b3bb4d8c362aceb7872515f430b2"",""url"":""https://www.sec.gov/Archives/edgar/data/67215/000006721526000039/dyfy2027q2earningsreleasee.htm""}],""fiscal_identity"":[728,2027,""Q2""],""parent_accession"":""0000067215-26-000039"",""version"":1}"
285:2027:Q2,BBWI,RESOLVER_COVERAGE_GAP,EXHIBIT_QUARTER_CONTEXT,UNRESOLVED,0,0,unchanged,False,False,,,Bounded text lacks a safely matching actual-result period/fiscal identity,
2068:2026:Q2,SPWR,RESOLVER_COVERAGE_GAP,EXHIBIT_QUARTER_CONTEXT,UNRESOLVED,0,0,unchanged,False,False,,,New-event safety gate blocks preliminary/partial or non-result context,
1522:2026:Q3,NDSN,RESOLVER_COVERAGE_GAP,EXHIBIT_QUARTER_CONTEXT,UNRESOLVED,0,1,uniquely_resolvable,True,False,,0000072331-26-000052,Bounded recognition supplies one parent candidate,"SEC_LINKED_EXHIBIT:{""exhibits"":[{""method"":""CIK_ITEM_2_02_EXACT_PERIOD_END"",""sha256"":""b3acd66e7ee52ad93fc973cd724d6e2cc4a17e5d9ef6f47b7c0b2da3c9f2b908"",""url"":""https://www.sec.gov/Archives/edgar/data/72331/000007233126000052/ndsn-q320268kxex991.htm""}],""fiscal_identity"":[1522,2026,""Q3""],""parent_accession"":""0000072331-26-000052"",""version"":1}"
731:2026:Q4,EAT,RESOLVER_COVERAGE_GAP,EXHIBIT_QUARTER_CONTEXT,UNRESOLVED,0,1,uniquely_resolvable,True,False,,0000703351-26-000026,Bounded recognition supplies one parent candidate,"SEC_LINKED_EXHIBIT:{""exhibits"":[{""method"":""CIK_ITEM_2_02_EXACT_PERIOD_END"",""sha256"":""edc9f22f5252841e2914de5f278fc2acb99430b5a91de836357fecea2d2becc7"",""url"":""https://www.sec.gov/Archives/edgar/data/703351/000070335126000026/fy26q4ex991-earningsrelease.htm""}],""fiscal_identity"":[731,2026,""Q4""],""parent_accession"":""0000703351-26-000026"",""version"":1}"
751:2026:Q4,EL,RESOLVER_COVERAGE_GAP,EXHIBIT_QUARTER_CONTEXT,UNRESOLVED,0,1,uniquely_resolvable,True,False,,0001001250-26-000038,Bounded recognition supplies one parent candidate,"SEC_LINKED_EXHIBIT:{""exhibits"":[{""method"":""CIK_ITEM_2_02_EXACT_PERIOD_END"",""sha256"":""b0d521f90c007b391ccf8875c30d3c21ff4e8cde8b15e97998c45576f87e9342"",""url"":""https://www.sec.gov/Archives/edgar/data/1001250/000100125026000038/elq4fy2026exhibit991.htm""}],""fiscal_identity"":[751,2026,""Q4""],""parent_accession"":""0001001250-26-000038"",""version"":1}"
212:2026:Q2,ASPI,INSUFFICIENT_EVIDENCE,UNRESOLVED_NON_RESULT_CONTEXT,UNRESOLVED,0,0,unchanged,False,False,,,Bounded text lacks a safely matching actual-result period/fiscal identity,
251:2026:Q4,AVT,RESOLVER_COVERAGE_GAP,EXHIBIT_QUARTER_CONTEXT,UNRESOLVED,0,1,uniquely_resolvable,True,False,,0000008858-26-000066,Bounded recognition supplies one parent candidate,"SEC_LINKED_EXHIBIT:{""exhibits"":[{""method"":""CIK_ITEM_2_02_EXACT_PERIOD_END"",""sha256"":""9ce57e50f4f25c24d44fe940712a83096d85941a90367f129efef46f8581dd0c"",""url"":""https://www.sec.gov/Archives/edgar/data/8858/000000885826000066/avt-20260805xex99d1.htm""}],""fiscal_identity"":[251,2026,""Q4""],""parent_accession"":""0000008858-26-000066"",""version"":1}"
596:2026:Q3,CTOR,RESOLVER_COVERAGE_GAP,EXHIBIT_QUARTER_CONTEXT,UNRESOLVED,0,1,uniquely_resolvable,True,False,,0001213900-26-090182,Bounded recognition supplies one parent candidate,"SEC_LINKED_EXHIBIT:{""exhibits"":[{""method"":""CIK_ITEM_2_02_EXACT_PERIOD_END"",""sha256"":""e5604bf82ddc948a652ee6b69ddbd7a13f0ea1e5b8f1f3dc99102ff1299f2e96"",""url"":""https://www.sec.gov/Archives/edgar/data/1851484/000121390026090182/ea030222601ex99-1.htm""}],""fiscal_identity"":[596,2026,""Q3""],""parent_accession"":""0001213900-26-090182"",""version"":1}"
602:2026:Q3,CTXR,RESOLVER_COVERAGE_GAP,EXHIBIT_QUARTER_CONTEXT,UNRESOLVED,0,1,uniquely_resolvable,True,False,,0001213900-26-090181,Bounded recognition supplies one parent candidate,"SEC_LINKED_EXHIBIT:{""exhibits"":[{""method"":""CIK_ITEM_2_02_EXACT_PERIOD_END"",""sha256"":""b96737ad512d938d37955d2ba9831f666bad219e225298415b666fa04d261528"",""url"":""https://www.sec.gov/Archives/edgar/data/1506251/000121390026090181/ea030222701ex99-1.htm""}],""fiscal_identity"":[602,2026,""Q3""],""parent_accession"":""0001213900-26-090181"",""version"":1}"
2435:2026:Q2,YETI,RESOLVER_COVERAGE_GAP,EXHIBIT_QUARTER_CONTEXT,UNRESOLVED,0,1,uniquely_resolvable,True,False,,0001670592-26-000039,Bounded recognition supplies one parent candidate,"SEC_LINKED_EXHIBIT:{""exhibits"":[{""method"":""CIK_ITEM_2_02_EXACT_PERIOD_END"",""sha256"":""120ee47bf81891d0c6bd108a2018ac0648123b195d387cab6fe2c7e59d77f123"",""url"":""https://www.sec.gov/Archives/edgar/data/1670592/000167059226000039/yeti-20260813xex991pressre.htm""}],""fiscal_identity"":[2435,2026,""Q2""],""parent_accession"":""0001670592-26-000039"",""version"":1}"
232:2026:Q2,ATRO,RESOLVER_COVERAGE_GAP,EXHIBIT_QUARTER_CONTEXT,UNRESOLVED,0,1,uniquely_resolvable,True,False,,0000008063-26-000037,Bounded recognition supplies one parent candidate,"SEC_LINKED_EXHIBIT:{""exhibits"":[{""method"":""CIK_ITEM_2_02_EXACT_PERIOD_END"",""sha256"":""b8712fb751d6e2fcca519da0196ba03446dcbff86e00268a7beb19072e55f30d"",""url"":""https://www.sec.gov/Archives/edgar/data/8063/000000806326000037/ex99120260704-pr.htm""}],""fiscal_identity"":[232,2026,""Q2""],""parent_accession"":""0000008063-26-000037"",""version"":1}"
1176:2026:Q3,JACK,RESOLVER_COVERAGE_GAP,EXHIBIT_QUARTER_CONTEXT,UNRESOLVED,0,1,uniquely_resolvable,True,False,,0000807882-26-000090,Bounded recognition supplies one parent candidate,"SEC_LINKED_EXHIBIT:{""exhibits"":[{""method"":""CIK_ITEM_2_02_EXACT_PERIOD_END"",""sha256"":""a3750ac8baf3dd55c5431b93217e1028543068d046040e59018b322d5ed1153c"",""url"":""https://www.sec.gov/Archives/edgar/data/807882/000080788226000090/ex991-q326earningsrelease.htm""}],""fiscal_identity"":[1176,2026,""Q3""],""parent_accession"":""0000807882-26-000090"",""version"":1}"
2308:2027:Q1,VIVS,RESOLVER_COVERAGE_GAP,EXHIBIT_QUARTER_CONTEXT,UNRESOLVED,0,0,unchanged,False,False,,,New-event safety gate blocks preliminary/partial or non-result context,
1372:2026:Q2,MASS,RESOLVER_COVERAGE_GAP,EXHIBIT_QUARTER_CONTEXT,UNRESOLVED,0,0,unchanged,False,False,,,New-event safety gate blocks preliminary/partial or non-result context,
794:2026:Q3,ESE,RESOLVER_COVERAGE_GAP,EXHIBIT_QUARTER_CONTEXT,UNRESOLVED,0,0,unchanged,False,False,,,Conflicting result-period/fiscal tokens; no unique context chosen,
1457:2027:Q1,MPAA,RESOLVER_COVERAGE_GAP,EXHIBIT_QUARTER_CONTEXT,UNRESOLVED,0,0,unchanged,False,False,,,Bounded text lacks a safely matching actual-result period/fiscal identity,
1679:2026:Q2,PAA,INSUFFICIENT_EVIDENCE,UNRESOLVED_NON_RESULT_CONTEXT,UNRESOLVED,0,0,unchanged,False,False,,,New-event safety gate blocks preliminary/partial or non-result context,
1684:2026:Q2,PAGP,INSUFFICIENT_EVIDENCE,UNRESOLVED_NON_RESULT_CONTEXT,UNRESOLVED,0,0,unchanged,False,False,,,New-event safety gate blocks preliminary/partial or non-result context,
2135:2026:Q2,TCMD,RESOLVER_COVERAGE_GAP,EXHIBIT_QUARTER_CONTEXT,UNRESOLVED,0,0,unchanged,False,False,,,Bounded text lacks a safely matching actual-result period/fiscal identity,
425:2026:Q2,CCSI,RESOLVER_COVERAGE_GAP,EXHIBIT_QUARTER_CONTEXT,UNRESOLVED,0,0,unchanged,False,False,,,Conflicting result-period/fiscal tokens; no unique context chosen,
1923:2026:Q2,RRR,RESOLVER_COVERAGE_GAP,EXHIBIT_QUARTER_CONTEXT,UNRESOLVED,0,1,uniquely_resolvable,True,False,,0001193125-26-332721,Bounded recognition supplies one parent candidate,"SEC_LINKED_EXHIBIT:{""exhibits"":[{""method"":""CIK_ITEM_2_02_EXACT_PERIOD_END"",""sha256"":""2b8b04e6bc26097b956ca5724a1be3cc51d814100052eb79aa2c35e34ad2308a"",""url"":""https://www.sec.gov/Archives/edgar/data/1653653/000119312526332721/d173277dex991.htm""}],""fiscal_identity"":[1923,2026,""Q2""],""parent_accession"":""0001193125-26-332721"",""version"":1}"
2253:2026:Q2,UHS,RESOLVER_COVERAGE_GAP,EXHIBIT_QUARTER_CONTEXT,UNRESOLVED,0,0,unchanged,False,False,,,Conflicting result-period/fiscal tokens; no unique context chosen,
103:2026:Q2,ALGS,RESOLVER_COVERAGE_GAP,EXHIBIT_QUARTER_CONTEXT,UNRESOLVED,0,1,uniquely_resolvable,True,False,,0001171843-26-005294,Bounded recognition supplies one parent candidate,"SEC_LINKED_EXHIBIT:{""exhibits"":[{""method"":""CIK_ITEM_2_02_EXPLICIT_FISCAL_QUARTER"",""sha256"":""2929d0b5624e3d08eb1a5319127637970491763ed274be0f9f1847f356141fc2"",""url"":""https://www.sec.gov/Archives/edgar/data/1799448/000117184326005294/exh_991.htm""}],""fiscal_identity"":[103,2026,""Q2""],""parent_accession"":""0001171843-26-005294"",""version"":1}"
421:2026:Q2,CCLD,RESOLVER_COVERAGE_GAP,EXHIBIT_QUARTER_CONTEXT,UNRESOLVED,0,0,unchanged,False,False,,,Conflicting result-period/fiscal tokens; no unique context chosen,
499:2026:Q3,CMP,RESOLVER_COVERAGE_GAP,EXHIBIT_QUARTER_CONTEXT,UNRESOLVED,0,0,unchanged,False,False,,,Bounded text lacks a safely matching actual-result period/fiscal identity,
515:2026:Q2,CNR,RESOLVER_COVERAGE_GAP,EXHIBIT_QUARTER_CONTEXT,UNRESOLVED,0,1,uniquely_resolvable,True,False,,0001710366-26-000053,Bounded recognition supplies one parent candidate,"SEC_LINKED_EXHIBIT:{""exhibits"":[{""method"":""CIK_ITEM_2_02_EXPLICIT_FISCAL_QUARTER"",""sha256"":""27def50fce334b7b500a05120d3a192502b1b913bb9488c7ba370766d288341b"",""url"":""https://www.sec.gov/Archives/edgar/data/1710366/000171036626000053/cnrq22026er-exhibit991.htm""}],""fiscal_identity"":[515,2026,""Q2""],""parent_accession"":""0001710366-26-000053"",""version"":1}"
648:2026:Q2,DCO,RESOLVER_COVERAGE_GAP,EXHIBIT_QUARTER_CONTEXT,UNRESOLVED,0,0,unchanged,False,False,,,Conflicting result-period/fiscal tokens; no unique context chosen,
844:2026:Q2,FCX,RESOLVER_COVERAGE_GAP,EXHIBIT_QUARTER_CONTEXT,UNRESOLVED,0,0,unchanged,False,False,,,Bounded text lacks a safely matching actual-result period/fiscal identity,
911:2026:Q2,FUN,RESOLVER_COVERAGE_GAP,EXHIBIT_QUARTER_CONTEXT,UNRESOLVED,0,1,uniquely_resolvable,True,False,,0001999001-26-000094,Bounded recognition supplies one parent candidate,"SEC_LINKED_EXHIBIT:{""exhibits"":[{""method"":""CIK_ITEM_2_02_EXPLICIT_FISCAL_QUARTER"",""sha256"":""c2a1a758d3a17f7054e882bb401c134266de4b7b06ac9a743ebd57f94867a0b0"",""url"":""https://www.sec.gov/Archives/edgar/data/1999001/000199900126000094/sixflags-exh991xq22026.htm""}],""fiscal_identity"":[911,2026,""Q2""],""parent_accession"":""0001999001-26-000094"",""version"":1}"
1217:2026:Q4,KLAC,RESOLVER_COVERAGE_GAP,EXHIBIT_QUARTER_CONTEXT,UNRESOLVED,0,1,uniquely_resolvable,True,False,,0000319201-26-000024,Bounded recognition supplies one parent candidate,"SEC_LINKED_EXHIBIT:{""exhibits"":[{""method"":""CIK_ITEM_2_02_EXACT_PERIOD_END"",""sha256"":""0b81b4d61d537dac231a8a921d1344449ac1140e9144a62594aa191d5c74dd60"",""url"":""https://www.sec.gov/Archives/edgar/data/319201/000031920126000024/exhibit991earningsrelease7.htm""}],""fiscal_identity"":[1217,2026,""Q4""],""parent_accession"":""0000319201-26-000024"",""version"":1}"
1404:2026:Q2,MELI,RESOLVER_COVERAGE_GAP,EXHIBIT_QUARTER_CONTEXT,UNRESOLVED,0,1,uniquely_resolvable,True,False,,0001099590-26-000021,Bounded recognition supplies one parent candidate,"SEC_LINKED_EXHIBIT:{""exhibits"":[{""method"":""CIK_ITEM_2_02_EXACT_PERIOD_END"",""sha256"":""e8d9199d1c5a3eef1214f2db731837b52a4a2a6847bd1df5b8baebb6cb047b87"",""url"":""https://www.sec.gov/Archives/edgar/data/1099590/000109959026000021/meli-20260805xex991.htm""}],""fiscal_identity"":[1404,2026,""Q2""],""parent_accession"":""0001099590-26-000021"",""version"":1}"
2058:2026:Q3,SPH,RESOLVER_COVERAGE_GAP,EXHIBIT_QUARTER_CONTEXT,UNRESOLVED,0,1,uniquely_resolvable,True,False,,0001005210-26-000010,Bounded recognition supplies one parent candidate,"SEC_LINKED_EXHIBIT:{""exhibits"":[{""method"":""CIK_ITEM_2_02_EXACT_PERIOD_END"",""sha256"":""51d66e9eaaabea88baf05c9c1eda42e72b51031cdbc4727e090fab09ca56c01a"",""url"":""https://www.sec.gov/Archives/edgar/data/1005210/000100521026000010/sph-ex99_1.htm""}],""fiscal_identity"":[2058,2026,""Q3""],""parent_accession"":""0001005210-26-000010"",""version"":1}"
2180:2026:Q2,TNC,RESOLVER_COVERAGE_GAP,EXHIBIT_QUARTER_CONTEXT,UNRESOLVED,0,1,uniquely_resolvable,True,False,,0000097134-26-000022,Bounded recognition supplies one parent candidate,"SEC_LINKED_EXHIBIT:{""exhibits"":[{""method"":""CIK_ITEM_2_02_EXACT_PERIOD_END"",""sha256"":""237865c7cbada20230397eb6eaa8f5a9d482539bc72252047cf9718474100cee"",""url"":""https://www.sec.gov/Archives/edgar/data/97134/000009713426000022/tnc-20260805xexx991.htm""}],""fiscal_identity"":[2180,2026,""Q2""],""parent_accession"":""0000097134-26-000022"",""version"":1}"
2275:2026:Q2,USAC,RESOLVER_COVERAGE_GAP,EXHIBIT_QUARTER_CONTEXT,UNRESOLVED,0,0,unchanged,False,False,,,Bounded text lacks a safely matching actual-result period/fiscal identity,
441:2026:Q1,CELU,INSUFFICIENT_EVIDENCE,DOMESTIC_OR_OTHER_METADATA_ONLY,NOT_FOUND,0,0,unchanged,False,False,,,No eligible structurally recognized Item 2.02 8-K primary,
1985:2026:Q4,SGLY,INSUFFICIENT_EVIDENCE,DOMESTIC_OR_OTHER_METADATA_ONLY,NOT_FOUND,0,0,unchanged,False,False,,,No eligible structurally recognized Item 2.02 8-K primary,
888:2026:Q4,FOXX,INSUFFICIENT_EVIDENCE,DOMESTIC_OR_OTHER_METADATA_ONLY,NOT_FOUND,0,0,unchanged,False,False,,,No eligible structurally recognized Item 2.02 8-K primary,
1514:2026:Q4,NB,INSUFFICIENT_EVIDENCE,DOMESTIC_OR_OTHER_METADATA_ONLY,NOT_FOUND,0,0,unchanged,False,False,,,No eligible structurally recognized Item 2.02 8-K primary,
1773:2026:Q4,PPCB,INSUFFICIENT_EVIDENCE,DOMESTIC_OR_OTHER_METADATA_ONLY,NOT_FOUND,0,0,unchanged,False,False,,,No eligible structurally recognized Item 2.02 8-K primary,
544:2026:Q4,CPB,RESOLVER_COVERAGE_GAP,ITEM202_HEADING_VARIANTS,NOT_FOUND,0,1,uniquely_resolvable,True,False,,0000016732-26-000020,Bounded recognition supplies one parent candidate,NORMALIZED_ITEM_2_02_HEADING:CIK_ITEM_2_02_EXACT_PERIOD_END
1995:2026:Q2,SHPH,INSUFFICIENT_EVIDENCE,DOMESTIC_OR_OTHER_METADATA_ONLY,NOT_FOUND,0,0,unchanged,False,False,,,No eligible structurally recognized Item 2.02 8-K primary,
149:2026:Q4,AMST,INSUFFICIENT_EVIDENCE,DOMESTIC_OR_OTHER_METADATA_ONLY,NOT_FOUND,0,0,unchanged,False,False,,,No eligible structurally recognized Item 2.02 8-K primary,
2440:2027:Q1,YYAI,INSUFFICIENT_EVIDENCE,DOMESTIC_OR_OTHER_METADATA_ONLY,NOT_FOUND,0,0,unchanged,False,False,,,No eligible structurally recognized Item 2.02 8-K primary,
154:2026:Q2,ANAB,INSUFFICIENT_EVIDENCE,DOMESTIC_OR_OTHER_METADATA_ONLY,NOT_FOUND,0,0,unchanged,False,False,,,No eligible structurally recognized Item 2.02 8-K primary,
2440:2026:Q4,YYAI,INSUFFICIENT_EVIDENCE,DOMESTIC_OR_OTHER_METADATA_ONLY,NOT_FOUND,0,0,unchanged,False,False,,,No eligible structurally recognized Item 2.02 8-K primary,
1532:2026:Q4,NEUP,INSUFFICIENT_EVIDENCE,DOMESTIC_OR_OTHER_METADATA_ONLY,NOT_FOUND,0,0,unchanged,False,False,,,No eligible structurally recognized Item 2.02 8-K primary,
1747:2027:Q2,PLCE,INSUFFICIENT_EVIDENCE,DOMESTIC_OR_OTHER_METADATA_ONLY,NOT_FOUND,0,0,unchanged,False,False,,,No eligible structurally recognized Item 2.02 8-K primary,
1863:2026:Q2,REBN,INSUFFICIENT_EVIDENCE,DOMESTIC_OR_OTHER_METADATA_ONLY,NOT_FOUND,0,0,unchanged,False,False,,,No eligible structurally recognized Item 2.02 8-K primary,
1000:2026:Q4,GWRE,INSUFFICIENT_EVIDENCE,DOMESTIC_OR_OTHER_METADATA_ONLY,NOT_FOUND,0,0,unchanged,False,False,,,No eligible structurally recognized Item 2.02 8-K primary,
1658:2027:Q1,ORCL,RESOLVER_COVERAGE_GAP,ITEM202_HEADING_VARIANTS,NOT_FOUND,0,1,uniquely_resolvable,True,False,,0001193125-26-387905,Bounded recognition supplies one parent candidate,NORMALIZED_ITEM_2_02_HEADING:CIK_ITEM_2_02_EXACT_PERIOD_END
2277:2027:Q1,USAU,INSUFFICIENT_EVIDENCE,DOMESTIC_OR_OTHER_METADATA_ONLY,NOT_FOUND,0,0,unchanged,False,False,,,No eligible structurally recognized Item 2.02 8-K primary,
124:2027:Q1,ALZN,INSUFFICIENT_EVIDENCE,DOMESTIC_OR_OTHER_METADATA_ONLY,NOT_FOUND,0,0,unchanged,False,False,,,No eligible structurally recognized Item 2.02 8-K primary,
950:2026:Q2,GITS,INSUFFICIENT_EVIDENCE,DOMESTIC_OR_OTHER_METADATA_ONLY,NOT_FOUND,0,0,unchanged,False,False,,,No eligible structurally recognized Item 2.02 8-K primary,
1133:2026:Q4,INM,INSUFFICIENT_EVIDENCE,DOMESTIC_OR_OTHER_METADATA_ONLY,NOT_FOUND,0,0,unchanged,False,False,,,No eligible structurally recognized Item 2.02 8-K primary,
1423:2027:Q2,MIND,RESOLVER_COVERAGE_GAP,ITEM202_HEADING_VARIANTS,NOT_FOUND,0,1,uniquely_resolvable,True,False,,0001437749-26-029839,Bounded recognition supplies one parent candidate,NORMALIZED_ITEM_2_02_HEADING:CIK_ITEM_2_02_EXACT_PERIOD_END
2272:2027:Q2,URBN,INSUFFICIENT_EVIDENCE,DOMESTIC_OR_OTHER_METADATA_ONLY,NOT_FOUND,0,0,unchanged,False,False,,,No eligible structurally recognized Item 2.02 8-K primary,
2525:2026:Q2,MKDW,INSUFFICIENT_EVIDENCE,FOREIGN_6K_METADATA_ONLY,NOT_FOUND,0,0,unchanged,False,False,,,No eligible structurally recognized Item 2.02 8-K primary,
2541:2026:Q2,WDH,INSUFFICIENT_EVIDENCE,FOREIGN_6K_METADATA_ONLY,NOT_FOUND,0,0,unchanged,False,False,,,No eligible structurally recognized Item 2.02 8-K primary,
2544:2026:Q2,CAN,INSUFFICIENT_EVIDENCE,FOREIGN_6K_METADATA_ONLY,NOT_FOUND,0,0,unchanged,False,False,,,No eligible structurally recognized Item 2.02 8-K primary,
700:2027:Q2,DOMO,INSUFFICIENT_EVIDENCE,DOMESTIC_OR_OTHER_METADATA_ONLY,NOT_FOUND,0,0,unchanged,False,False,,,No eligible structurally recognized Item 2.02 8-K primary,
1358:2026:Q4,LYTS,RESOLVER_COVERAGE_GAP,ITEM202_HEADING_VARIANTS,NOT_FOUND,0,1,uniquely_resolvable,True,False,,0001437749-26-028592,Bounded recognition supplies one parent candidate,NORMALIZED_ITEM_2_02_HEADING:CIK_ITEM_2_02_EXACT_PERIOD_END
1736:2027:Q2,PHR,RESOLVER_COVERAGE_GAP,ITEM202_HEADING_VARIANTS,NOT_FOUND,0,1,uniquely_resolvable,True,False,,0001412408-26-000213,Bounded recognition supplies one parent candidate,NORMALIZED_ITEM_2_02_HEADING:CIK_ITEM_2_02_EXACT_PERIOD_END
343:2026:Q4,BMRA,INSUFFICIENT_EVIDENCE,DOMESTIC_OR_OTHER_METADATA_ONLY,NOT_FOUND,0,0,unchanged,False,False,,,No eligible structurally recognized Item 2.02 8-K primary,
1432:2026:Q2,MLGO,INSUFFICIENT_EVIDENCE,FOREIGN_6K_METADATA_ONLY,NOT_FOUND,0,0,unchanged,False,False,,,No eligible structurally recognized Item 2.02 8-K primary,
2546:2025:Q4,PSQL,INSUFFICIENT_EVIDENCE,OLD_PERIOD_RECENT_CONTEXT,NOT_FOUND,0,0,unchanged,False,False,,,No eligible structurally recognized Item 2.02 8-K primary,
1043:2026:Q2,HOLO,INSUFFICIENT_EVIDENCE,FOREIGN_6K_METADATA_ONLY,NOT_FOUND,0,0,unchanged,False,False,,,No eligible structurally recognized Item 2.02 8-K primary,
1339:2026:Q4,LUCK,RESOLVER_COVERAGE_GAP,ITEM202_HEADING_VARIANTS,NOT_FOUND,0,0,unchanged,False,False,,,New-event safety gate blocks preliminary/partial or non-result context,
1525:2026:Q2,NEGG,INSUFFICIENT_EVIDENCE,FOREIGN_6K_METADATA_ONLY,NOT_FOUND,0,0,unchanged,False,False,,,No eligible structurally recognized Item 2.02 8-K primary,
1630:2027:Q2,OKTA,RESOLVER_COVERAGE_GAP,ITEM202_HEADING_VARIANTS,NOT_FOUND,0,1,uniquely_resolvable,True,False,,0001660134-26-000068,Bounded recognition supplies one parent candidate,NORMALIZED_ITEM_2_02_HEADING:CIK_ITEM_2_02_EXACT_PERIOD_END
2357:2027:Q2,WDAY,RESOLVER_COVERAGE_GAP,ITEM202_HEADING_VARIANTS,NOT_FOUND,0,1,uniquely_resolvable,True,False,,0001327811-26-000042,Bounded recognition supplies one parent candidate,NORMALIZED_ITEM_2_02_HEADING:CIK_ITEM_2_02_EXACT_PERIOD_END
1965:2026:Q2,SCNI,INSUFFICIENT_EVIDENCE,FOREIGN_6K_METADATA_ONLY,NOT_FOUND,0,0,unchanged,False,False,,,No eligible structurally recognized Item 2.02 8-K primary,
2465:2027:Q1,BABA,INSUFFICIENT_EVIDENCE,FOREIGN_6K_METADATA_ONLY,NOT_FOUND,0,0,unchanged,False,False,,,No eligible structurally recognized Item 2.02 8-K primary,
642:2026:Q2,DBGI,INSUFFICIENT_EVIDENCE,DOMESTIC_OR_OTHER_METADATA_ONLY,NOT_FOUND,0,0,unchanged,False,False,,,No eligible structurally recognized Item 2.02 8-K primary,
1200:2026:Q2,KALA,INSUFFICIENT_EVIDENCE,DOMESTIC_OR_OTHER_METADATA_ONLY,NOT_FOUND,0,0,unchanged,False,False,,,No eligible structurally recognized Item 2.02 8-K primary,
1920:2026:Q3,RR,INSUFFICIENT_EVIDENCE,DOMESTIC_OR_OTHER_METADATA_ONLY,NOT_FOUND,0,0,unchanged,False,False,,,No eligible structurally recognized Item 2.02 8-K primary,
2105:2026:Q2,SURG,INSUFFICIENT_EVIDENCE,DOMESTIC_OR_OTHER_METADATA_ONLY,NOT_FOUND,0,0,unchanged,False,False,,,No eligible structurally recognized Item 2.02 8-K primary,
2488:2026:Q4,CHRN,INSUFFICIENT_EVIDENCE,DOMESTIC_OR_OTHER_METADATA_ONLY,NOT_FOUND,0,0,unchanged,False,False,,,No eligible structurally recognized Item 2.02 8-K primary,
1131:2026:Q3,INHD,INSUFFICIENT_EVIDENCE,DOMESTIC_OR_OTHER_METADATA_ONLY,NOT_FOUND,0,0,unchanged,False,False,,,No eligible structurally recognized Item 2.02 8-K primary,
1765:2026:Q2,POLA,INSUFFICIENT_EVIDENCE,DOMESTIC_OR_OTHER_METADATA_ONLY,NOT_FOUND,0,0,unchanged,False,False,,,No eligible structurally recognized Item 2.02 8-K primary,
2466:2026:Q4,BHP,INSUFFICIENT_EVIDENCE,FOREIGN_6K_METADATA_ONLY,NOT_FOUND,0,0,unchanged,False,False,,,No eligible structurally recognized Item 2.02 8-K primary,
2467:2026:Q2,BIDU,INSUFFICIENT_EVIDENCE,FOREIGN_6K_METADATA_ONLY,NOT_FOUND,0,0,unchanged,False,False,,,No eligible structurally recognized Item 2.02 8-K primary,
2475:2026:Q2,VNET,INSUFFICIENT_EVIDENCE,FOREIGN_6K_METADATA_ONLY,NOT_FOUND,0,0,unchanged,False,False,,,No eligible structurally recognized Item 2.02 8-K primary,
2523:2026:Q2,IQMX,INSUFFICIENT_EVIDENCE,FOREIGN_6K_METADATA_ONLY,NOT_FOUND,0,0,unchanged,False,False,,,No eligible structurally recognized Item 2.02 8-K primary,
371:2026:Q2,BTBD,INSUFFICIENT_EVIDENCE,DOMESTIC_OR_OTHER_METADATA_ONLY,NOT_FOUND,0,0,unchanged,False,False,,,No eligible structurally recognized Item 2.02 8-K primary,
2470:2026:Q2,TSEM,INSUFFICIENT_EVIDENCE,FOREIGN_6K_METADATA_ONLY,NOT_FOUND,0,0,unchanged,False,False,,,No eligible structurally recognized Item 2.02 8-K primary,
61:2026:Q2,AEI,INSUFFICIENT_EVIDENCE,DOMESTIC_OR_OTHER_METADATA_ONLY,NOT_FOUND,0,0,unchanged,False,False,,,No eligible structurally recognized Item 2.02 8-K primary,
82:2027:Q1,VAI,INSUFFICIENT_EVIDENCE,DOMESTIC_OR_OTHER_METADATA_ONLY,NOT_FOUND,0,0,unchanged,False,False,,,No eligible structurally recognized Item 2.02 8-K primary,
139:2026:Q2,AMOD,INSUFFICIENT_EVIDENCE,DOMESTIC_OR_OTHER_METADATA_ONLY,NOT_FOUND,0,0,unchanged,False,False,,,No eligible structurally recognized Item 2.02 8-K primary,
220:2026:Q2,ATER,INSUFFICIENT_EVIDENCE,DOMESTIC_OR_OTHER_METADATA_ONLY,NOT_FOUND,0,0,unchanged,False,False,,,No eligible structurally recognized Item 2.02 8-K primary,
224:2026:Q2,ATLX,INSUFFICIENT_EVIDENCE,DOMESTIC_OR_OTHER_METADATA_ONLY,NOT_FOUND,0,0,unchanged,False,False,,,No eligible structurally recognized Item 2.02 8-K primary,
228:2026:Q2,ATPC,INSUFFICIENT_EVIDENCE,DOMESTIC_OR_OTHER_METADATA_ONLY,NOT_FOUND,0,0,unchanged,False,False,,,No eligible structurally recognized Item 2.02 8-K primary,
238:2026:Q2,AUUD,INSUFFICIENT_EVIDENCE,DOMESTIC_OR_OTHER_METADATA_ONLY,NOT_FOUND,0,0,unchanged,False,False,,,No eligible structurally recognized Item 2.02 8-K primary,
281:2026:Q2,BBLG,INSUFFICIENT_EVIDENCE,DOMESTIC_OR_OTHER_METADATA_ONLY,NOT_FOUND,0,0,unchanged,False,False,,,No eligible structurally recognized Item 2.02 8-K primary,
306:2026:Q2,BFRG,INSUFFICIENT_EVIDENCE,DOMESTIC_OR_OTHER_METADATA_ONLY,NOT_FOUND,0,0,unchanged,False,False,,,No eligible structurally recognized Item 2.02 8-K primary,
308:2026:Q2,BGLC,INSUFFICIENT_EVIDENCE,DOMESTIC_OR_OTHER_METADATA_ONLY,NOT_FOUND,0,0,unchanged,False,False,,,No eligible structurally recognized Item 2.02 8-K primary,
472:2026:Q2,CISO,INSUFFICIENT_EVIDENCE,DOMESTIC_OR_OTHER_METADATA_ONLY,NOT_FOUND,0,0,unchanged,False,False,,,No eligible structurally recognized Item 2.02 8-K primary,
486:2026:Q2,CLRO,INSUFFICIENT_EVIDENCE,DOMESTIC_OR_OTHER_METADATA_ONLY,NOT_FOUND,0,0,unchanged,False,False,,,No eligible structurally recognized Item 2.02 8-K primary,
752:2026:Q2,ELAB,INSUFFICIENT_EVIDENCE,DOMESTIC_OR_OTHER_METADATA_ONLY,NOT_FOUND,0,0,unchanged,False,False,,,No eligible structurally recognized Item 2.02 8-K primary,
843:2026:Q2,FCUV,INSUFFICIENT_EVIDENCE,DOMESTIC_OR_OTHER_METADATA_ONLY,NOT_FOUND,0,0,unchanged,False,False,,,No eligible structurally recognized Item 2.02 8-K primary,
902:2026:Q2,FTFT,INSUFFICIENT_EVIDENCE,DOMESTIC_OR_OTHER_METADATA_ONLY,NOT_FOUND,0,0,unchanged,False,False,,,No eligible structurally recognized Item 2.02 8-K primary,
924:2026:Q2,GCTK,INSUFFICIENT_EVIDENCE,DOMESTIC_OR_OTHER_METADATA_ONLY,NOT_FOUND,0,0,unchanged,False,False,,,No eligible structurally recognized Item 2.02 8-K primary,
927:2026:Q2,GDC,INSUFFICIENT_EVIDENCE,DOMESTIC_OR_OTHER_METADATA_ONLY,NOT_FOUND,0,0,unchanged,False,False,,,No eligible structurally recognized Item 2.02 8-K primary,
981:2026:Q2,GRI,INSUFFICIENT_EVIDENCE,DOMESTIC_OR_OTHER_METADATA_ONLY,NOT_FOUND,0,0,unchanged,False,False,,,No eligible structurally recognized Item 2.02 8-K primary,
1164:2026:Q2,ISPC,INSUFFICIENT_EVIDENCE,DOMESTIC_OR_OTHER_METADATA_ONLY,NOT_FOUND,0,0,unchanged,False,False,,,No eligible structurally recognized Item 2.02 8-K primary,
1172:2026:Q2,IVDA,INSUFFICIENT_EVIDENCE,DOMESTIC_OR_OTHER_METADATA_ONLY,NOT_FOUND,0,0,unchanged,False,False,,,No eligible structurally recognized Item 2.02 8-K primary,
1198:2026:Q2,JTAI,INSUFFICIENT_EVIDENCE,DOMESTIC_OR_OTHER_METADATA_ONLY,NOT_FOUND,0,0,unchanged,False,False,,,No eligible structurally recognized Item 2.02 8-K primary,
1266:2026:Q2,LASE,INSUFFICIENT_EVIDENCE,DOMESTIC_OR_OTHER_METADATA_ONLY,NOT_FOUND,0,0,unchanged,False,False,,,No eligible structurally recognized Item 2.02 8-K primary,
1304:2026:Q2,NMAD,INSUFFICIENT_EVIDENCE,DOMESTIC_OR_OTHER_METADATA_ONLY,NOT_FOUND,0,0,unchanged,False,False,,,No eligible structurally recognized Item 2.02 8-K primary,
1340:2026:Q2,LUCY,INSUFFICIENT_EVIDENCE,DOMESTIC_OR_OTHER_METADATA_ONLY,NOT_FOUND,0,0,unchanged,False,False,,,No eligible structurally recognized Item 2.02 8-K primary,
1349:2026:Q2,LWLG,INSUFFICIENT_EVIDENCE,DOMESTIC_OR_OTHER_METADATA_ONLY,NOT_FOUND,0,0,unchanged,False,False,,,No eligible structurally recognized Item 2.02 8-K primary,
1507:2026:Q2,MYSE,INSUFFICIENT_EVIDENCE,DOMESTIC_OR_OTHER_METADATA_ONLY,NOT_FOUND,0,0,unchanged,False,False,,,No eligible structurally recognized Item 2.02 8-K primary,
1583:2026:Q2,NUAI,INSUFFICIENT_EVIDENCE,DOMESTIC_OR_OTHER_METADATA_ONLY,NOT_FOUND,0,0,unchanged,False,False,,,No eligible structurally recognized Item 2.02 8-K primary,
1601:2026:Q2,NWTG,INSUFFICIENT_EVIDENCE,DOMESTIC_OR_OTHER_METADATA_ONLY,NOT_FOUND,0,0,unchanged,False,False,,,No eligible structurally recognized Item 2.02 8-K primary,
1604:2026:Q2,NXDT,INSUFFICIENT_EVIDENCE,DOMESTIC_OR_OTHER_METADATA_ONLY,NOT_FOUND,0,0,unchanged,False,False,,,No eligible structurally recognized Item 2.02 8-K primary,
1631:2026:Q2,OLB,INSUFFICIENT_EVIDENCE,DOMESTIC_OR_OTHER_METADATA_ONLY,NOT_FOUND,0,0,unchanged,False,False,,,No eligible structurally recognized Item 2.02 8-K primary,
1777:2026:Q2,PPTA,INSUFFICIENT_EVIDENCE,DOMESTIC_OR_OTHER_METADATA_ONLY,NOT_FOUND,0,0,unchanged,False,False,,,No eligible structurally recognized Item 2.02 8-K primary,
1888:2026:Q2,RIME,INSUFFICIENT_EVIDENCE,DOMESTIC_OR_OTHER_METADATA_ONLY,NOT_FOUND,0,0,unchanged,False,False,,,No eligible structurally recognized Item 2.02 8-K primary,
1902:2026:Q2,RNAZ,INSUFFICIENT_EVIDENCE,DOMESTIC_OR_OTHER_METADATA_ONLY,NOT_FOUND,0,0,unchanged,False,False,,,No eligible structurally recognized Item 2.02 8-K primary,
1964:2026:Q2,SCLX,INSUFFICIENT_EVIDENCE,DOMESTIC_OR_OTHER_METADATA_ONLY,NOT_FOUND,0,0,unchanged,False,False,,,No eligible structurally recognized Item 2.02 8-K primary,
2010:2026:Q2,SKYE,INSUFFICIENT_EVIDENCE,DOMESTIC_OR_OTHER_METADATA_ONLY,NOT_FOUND,0,0,unchanged,False,False,,,No eligible structurally recognized Item 2.02 8-K primary,
2048:2026:Q2,SOBR,INSUFFICIENT_EVIDENCE,DOMESTIC_OR_OTHER_METADATA_ONLY,NOT_FOUND,0,0,unchanged,False,False,,,No eligible structurally recognized Item 2.02 8-K primary,
2079:2026:Q2,SRTS,RESOLVER_COVERAGE_GAP,ITEM202_HEADING_VARIANTS,NOT_FOUND,0,1,uniquely_resolvable,True,False,,0001753926-26-001479,Bounded recognition supplies one parent candidate,NORMALIZED_ITEM_2_02_HEADING:CIK_ITEM_2_02_EXPLICIT_FISCAL_QUARTER
2117:2026:Q2,SXTP,INSUFFICIENT_EVIDENCE,DOMESTIC_OR_OTHER_METADATA_ONLY,NOT_FOUND,0,0,unchanged,False,False,,,No eligible structurally recognized Item 2.02 8-K primary,
2205:2026:Q2,TRNR,INSUFFICIENT_EVIDENCE,DOMESTIC_OR_OTHER_METADATA_ONLY,NOT_FOUND,0,0,unchanged,False,False,,,No eligible structurally recognized Item 2.02 8-K primary,
2212:2026:Q2,TRUG,INSUFFICIENT_EVIDENCE,DOMESTIC_OR_OTHER_METADATA_ONLY,NOT_FOUND,0,0,unchanged,False,False,,,No eligible structurally recognized Item 2.02 8-K primary,
2331:2026:Q2,VS,INSUFFICIENT_EVIDENCE,DOMESTIC_OR_OTHER_METADATA_ONLY,NOT_FOUND,0,0,unchanged,False,False,,,No eligible structurally recognized Item 2.02 8-K primary,
2345:2026:Q2,VVOS,INSUFFICIENT_EVIDENCE,DOMESTIC_OR_OTHER_METADATA_ONLY,NOT_FOUND,0,0,unchanged,False,False,,,No eligible structurally recognized Item 2.02 8-K primary,
2431:2026:Q2,XXII,RESOLVER_COVERAGE_GAP,ITEM202_HEADING_VARIANTS,NOT_FOUND,0,0,unchanged,False,False,,,Bounded text lacks a safely matching actual-result period/fiscal identity,
2445:2026:Q2,ZEO,INSUFFICIENT_EVIDENCE,DOMESTIC_OR_OTHER_METADATA_ONLY,NOT_FOUND,0,0,unchanged,False,False,,,No eligible structurally recognized Item 2.02 8-K primary,
2471:2026:Q2,TSM,INSUFFICIENT_EVIDENCE,FOREIGN_6K_METADATA_ONLY,NOT_FOUND,0,0,unchanged,False,False,,,No eligible structurally recognized Item 2.02 8-K primary,
2517:2026:Q2,GTBP,INSUFFICIENT_EVIDENCE,DOMESTIC_OR_OTHER_METADATA_ONLY,NOT_FOUND,0,0,unchanged,False,False,,,No eligible structurally recognized Item 2.02 8-K primary,
41:2026:Q2,ACXP,INSUFFICIENT_EVIDENCE,DOMESTIC_OR_OTHER_METADATA_ONLY,NOT_FOUND,0,0,unchanged,False,False,,,No eligible structurally recognized Item 2.02 8-K primary,
135:2027:Q1,AMIX,INSUFFICIENT_EVIDENCE,DOMESTIC_OR_OTHER_METADATA_ONLY,NOT_FOUND,0,0,unchanged,False,False,,,No eligible structurally recognized Item 2.02 8-K primary,
319:2026:Q4,BIVI,INSUFFICIENT_EVIDENCE,DOMESTIC_OR_OTHER_METADATA_ONLY,NOT_FOUND,0,0,unchanged,False,False,,,No eligible structurally recognized Item 2.02 8-K primary,
370:2026:Q2,BTAI,INSUFFICIENT_EVIDENCE,DOMESTIC_OR_OTHER_METADATA_ONLY,NOT_FOUND,0,0,unchanged,False,False,,,No eligible structurally recognized Item 2.02 8-K primary,
435:2026:Q2,CDZI,INSUFFICIENT_EVIDENCE,DOMESTIC_OR_OTHER_METADATA_ONLY,NOT_FOUND,0,0,unchanged,False,False,,,No eligible structurally recognized Item 2.02 8-K primary,
962:2026:Q2,GNLX,INSUFFICIENT_EVIDENCE,DOMESTIC_OR_OTHER_METADATA_ONLY,NOT_FOUND,0,0,unchanged,False,False,,,No eligible structurally recognized Item 2.02 8-K primary,
1017:2026:Q2,HCTI,INSUFFICIENT_EVIDENCE,DOMESTIC_OR_OTHER_METADATA_ONLY,NOT_FOUND,0,0,unchanged,False,False,,,No eligible structurally recognized Item 2.02 8-K primary,
1111:2026:Q2,ILLR,INSUFFICIENT_EVIDENCE,DOMESTIC_OR_OTHER_METADATA_ONLY,NOT_FOUND,0,0,unchanged,False,False,,,No eligible structurally recognized Item 2.02 8-K primary,
1416:2026:Q2,MGRX,INSUFFICIENT_EVIDENCE,DOMESTIC_OR_OTHER_METADATA_ONLY,NOT_FOUND,0,0,unchanged,False,False,,,No eligible structurally recognized Item 2.02 8-K primary,
1508:2026:Q2,MYSZ,RESOLVER_COVERAGE_GAP,ITEM202_HEADING_VARIANTS,NOT_FOUND,0,1,uniquely_resolvable,True,False,,0001493152-26-037998,Bounded recognition supplies one parent candidate,NORMALIZED_ITEM_2_02_HEADING:CIK_ITEM_2_02_EXACT_PERIOD_END
1643:2026:Q2,ONCO,INSUFFICIENT_EVIDENCE,DOMESTIC_OR_OTHER_METADATA_ONLY,NOT_FOUND,0,0,unchanged,False,False,,,No eligible structurally recognized Item 2.02 8-K primary,
1675:2026:Q2,OVID,INSUFFICIENT_EVIDENCE,DOMESTIC_OR_OTHER_METADATA_ONLY,NOT_FOUND,0,0,unchanged,False,False,,,No eligible structurally recognized Item 2.02 8-K primary,
1711:2026:Q2,PDSB,RESOLVER_COVERAGE_GAP,ITEM202_HEADING_VARIANTS,NOT_FOUND,0,1,uniquely_resolvable,True,False,,0001140361-26-032650,Bounded recognition supplies one parent candidate,NORMALIZED_ITEM_2_02_HEADING:CIK_ITEM_2_02_EXACT_PERIOD_END
1955:2026:Q2,SBFM,INSUFFICIENT_EVIDENCE,DOMESTIC_OR_OTHER_METADATA_ONLY,NOT_FOUND,0,0,unchanged,False,False,,,No eligible structurally recognized Item 2.02 8-K primary,
1970:2026:Q2,SDST,INSUFFICIENT_EVIDENCE,DOMESTIC_OR_OTHER_METADATA_ONLY,NOT_FOUND,0,0,unchanged,False,False,,,No eligible structurally recognized Item 2.02 8-K primary,
2070:2026:Q2,SQFT,INSUFFICIENT_EVIDENCE,DOMESTIC_OR_OTHER_METADATA_ONLY,NOT_FOUND,0,0,unchanged,False,False,,,No eligible structurally recognized Item 2.02 8-K primary,
2090:2026:Q2,STEM,INSUFFICIENT_EVIDENCE,DOMESTIC_OR_OTHER_METADATA_ONLY,NOT_FOUND,0,0,unchanged,False,False,,,No eligible structurally recognized Item 2.02 8-K primary,
2126:2026:Q2,TAOX,INSUFFICIENT_EVIDENCE,DOMESTIC_OR_OTHER_METADATA_ONLY,NOT_FOUND,0,0,unchanged,False,False,,,No eligible structurally recognized Item 2.02 8-K primary,
2151:2026:Q2,TELO,INSUFFICIENT_EVIDENCE,DOMESTIC_OR_OTHER_METADATA_ONLY,NOT_FOUND,0,0,unchanged,False,False,,,No eligible structurally recognized Item 2.02 8-K primary,
2482:2026:Q2,POET,INSUFFICIENT_EVIDENCE,FOREIGN_6K_METADATA_ONLY,NOT_FOUND,0,0,unchanged,False,False,,,No eligible structurally recognized Item 2.02 8-K primary,
2492:2026:Q2,GDS,INSUFFICIENT_EVIDENCE,FOREIGN_6K_METADATA_ONLY,NOT_FOUND,0,0,unchanged,False,False,,,No eligible structurally recognized Item 2.02 8-K primary,
2504:2026:Q2,PAAS,INSUFFICIENT_EVIDENCE,FOREIGN_6K_METADATA_ONLY,NOT_FOUND,0,0,unchanged,False,False,,,No eligible structurally recognized Item 2.02 8-K primary,
21:2026:Q2,ABVC,INSUFFICIENT_EVIDENCE,DOMESTIC_OR_OTHER_METADATA_ONLY,NOT_FOUND,0,0,unchanged,False,False,,,No eligible structurally recognized Item 2.02 8-K primary,
203:2026:Q2,ARTL,INSUFFICIENT_EVIDENCE,DOMESTIC_OR_OTHER_METADATA_ONLY,NOT_FOUND,0,0,unchanged,False,False,,,No eligible structurally recognized Item 2.02 8-K primary,
321:2026:Q2,BJDX,INSUFFICIENT_EVIDENCE,DOMESTIC_OR_OTHER_METADATA_ONLY,NOT_FOUND,0,0,unchanged,False,False,,,No eligible structurally recognized Item 2.02 8-K primary,
432:2026:Q2,CDT,INSUFFICIENT_EVIDENCE,DOMESTIC_OR_OTHER_METADATA_ONLY,NOT_FOUND,0,0,unchanged,False,False,,,No eligible structurally recognized Item 2.02 8-K primary,
572:2026:Q4,CRS,RESOLVER_COVERAGE_GAP,ITEM202_HEADING_VARIANTS,NOT_FOUND,0,1,uniquely_resolvable,True,False,,0000017843-26-000030,Bounded recognition supplies one parent candidate,NORMALIZED_ITEM_2_02_HEADING:CIK_ITEM_2_02_EXACT_PERIOD_END
784:2026:Q2,EPSN,INSUFFICIENT_EVIDENCE,DOMESTIC_OR_OTHER_METADATA_ONLY,NOT_FOUND,0,0,unchanged,False,False,,,No eligible structurally recognized Item 2.02 8-K primary,
1216:2026:Q2,KITT,INSUFFICIENT_EVIDENCE,DOMESTIC_OR_OTHER_METADATA_ONLY,NOT_FOUND,0,0,unchanged,False,False,,,No eligible structurally recognized Item 2.02 8-K primary,
1251:2026:Q2,KTB,RESOLVER_COVERAGE_GAP,ITEM202_HEADING_VARIANTS,NOT_FOUND,0,0,unchanged,False,False,,,Bounded text lacks a safely matching actual-result period/fiscal identity,
1425:2026:Q2,MIRA,INSUFFICIENT_EVIDENCE,DOMESTIC_OR_OTHER_METADATA_ONLY,NOT_FOUND,0,0,unchanged,False,False,,,No eligible structurally recognized Item 2.02 8-K primary,
1543:2026:Q2,NIXX,INSUFFICIENT_EVIDENCE,DOMESTIC_OR_OTHER_METADATA_ONLY,NOT_FOUND,0,0,unchanged,False,False,,,No eligible structurally recognized Item 2.02 8-K primary,
1554:2026:Q3,NNE,INSUFFICIENT_EVIDENCE,DOMESTIC_OR_OTHER_METADATA_ONLY,NOT_FOUND,0,0,unchanged,False,False,,,No eligible structurally recognized Item 2.02 8-K primary,
1644:2026:Q2,ONCY,INSUFFICIENT_EVIDENCE,DOMESTIC_OR_OTHER_METADATA_ONLY,NOT_FOUND,0,0,unchanged,False,False,,,No eligible structurally recognized Item 2.02 8-K primary,
1722:2026:Q2,PESI,RESOLVER_COVERAGE_GAP,ITEM202_HEADING_VARIANTS,NOT_FOUND,0,0,unchanged,False,False,,,No bounded linked results exhibit; primary context does not match safely,
1825:2026:Q2,QCLS,INSUFFICIENT_EVIDENCE,DOMESTIC_OR_OTHER_METADATA_ONLY,NOT_FOUND,0,0,unchanged,False,False,,,No eligible structurally recognized Item 2.02 8-K primary,
2478:2026:Q2,WYFI,INSUFFICIENT_EVIDENCE,DOMESTIC_OR_OTHER_METADATA_ONLY,NOT_FOUND,0,0,unchanged,False,False,,,No eligible structurally recognized Item 2.02 8-K primary,
2486:2026:Q2,CBRS,RESOLVER_COVERAGE_GAP,ITEM202_HEADING_VARIANTS,NOT_FOUND,0,1,uniquely_resolvable,True,False,,0001628280-26-056186,Bounded recognition supplies one parent candidate,NORMALIZED_ITEM_2_02_HEADING:CIK_ITEM_2_02_EXACT_PERIOD_END
2500:2026:Q2,NBIS,INSUFFICIENT_EVIDENCE,FOREIGN_6K_METADATA_ONLY,NOT_FOUND,0,0,unchanged,False,False,,,No eligible structurally recognized Item 2.02 8-K primary,
81:2026:Q2,AIFF,INSUFFICIENT_EVIDENCE,DOMESTIC_OR_OTHER_METADATA_ONLY,NOT_FOUND,0,0,unchanged,False,False,,,No eligible structurally recognized Item 2.02 8-K primary,
395:2026:Q4,CAH,RESOLVER_COVERAGE_GAP,ITEM202_HEADING_VARIANTS,NOT_FOUND,0,1,uniquely_resolvable,True,False,,0000721371-26-000037,Bounded recognition supplies one parent candidate,NORMALIZED_ITEM_2_02_HEADING:CIK_ITEM_2_02_EXACT_PERIOD_END
986:2026:Q2,GRWG,INSUFFICIENT_EVIDENCE,DOMESTIC_OR_OTHER_METADATA_ONLY,NOT_FOUND,0,0,unchanged,False,False,,,No eligible structurally recognized Item 2.02 8-K primary,
1381:2026:Q2,MBOT,INSUFFICIENT_EVIDENCE,DOMESTIC_OR_OTHER_METADATA_ONLY,NOT_FOUND,0,0,unchanged,False,False,,,No eligible structurally recognized Item 2.02 8-K primary,
1448:2026:Q2,MNTS,INSUFFICIENT_EVIDENCE,DOMESTIC_OR_OTHER_METADATA_ONLY,NOT_FOUND,0,0,unchanged,False,False,,,No eligible structurally recognized Item 2.02 8-K primary,
1640:2026:Q2,OMEX,INSUFFICIENT_EVIDENCE,DOMESTIC_OR_OTHER_METADATA_ONLY,NOT_FOUND,0,0,unchanged,False,False,,,No eligible structurally recognized Item 2.02 8-K primary,
2107:2026:Q2,SVRA,INSUFFICIENT_EVIDENCE,DOMESTIC_OR_OTHER_METADATA_ONLY,NOT_FOUND,0,0,unchanged,False,False,,,No eligible structurally recognized Item 2.02 8-K primary,
2207:2026:Q2,TRON,INSUFFICIENT_EVIDENCE,DOMESTIC_OR_OTHER_METADATA_ONLY,NOT_FOUND,0,0,unchanged,False,False,,,No eligible structurally recognized Item 2.02 8-K primary,
2320:2026:Q2,VOR,INSUFFICIENT_EVIDENCE,DOMESTIC_OR_OTHER_METADATA_ONLY,NOT_FOUND,0,0,unchanged,False,False,,,No eligible structurally recognized Item 2.02 8-K primary,
2380:2026:Q2,WKSP,INSUFFICIENT_EVIDENCE,MONTHLY_METRICS_AMENDMENT,NOT_FOUND,0,0,unchanged,False,False,,,No eligible structurally recognized Item 2.02 8-K primary,
852:2026:Q2,FF,RESOLVER_COVERAGE_GAP,ITEM202_HEADING_VARIANTS,NOT_FOUND,0,1,uniquely_resolvable,True,False,,0001437749-26-026783,Bounded recognition supplies one parent candidate,NORMALIZED_ITEM_2_02_HEADING:CIK_ITEM_2_02_EXACT_PERIOD_END
1040:2026:Q2,HNRG,RESOLVER_COVERAGE_GAP,ITEM202_HEADING_VARIANTS,NOT_FOUND,0,1,uniquely_resolvable,True,False,,0001104659-26-093446,Bounded recognition supplies one parent candidate,NORMALIZED_ITEM_2_02_HEADING:CIK_ITEM_2_02_EXPLICIT_FISCAL_QUARTER
1122:2026:Q2,IMXI,INSUFFICIENT_EVIDENCE,DOMESTIC_OR_OTHER_METADATA_ONLY,NOT_FOUND,0,0,unchanged,False,False,,,No eligible structurally recognized Item 2.02 8-K primary,
1613:2026:Q2,OBIO,INSUFFICIENT_EVIDENCE,DOMESTIC_OR_OTHER_METADATA_ONLY,NOT_FOUND,0,0,unchanged,False,False,,,No eligible structurally recognized Item 2.02 8-K primary,
1655:2026:Q2,OPTX,INSUFFICIENT_EVIDENCE,DOMESTIC_OR_OTHER_METADATA_ONLY,NOT_FOUND,0,0,unchanged,False,False,,,No eligible structurally recognized Item 2.02 8-K primary,
1829:2027:Q1,QMCO,RESOLVER_COVERAGE_GAP,ITEM202_HEADING_VARIANTS,NOT_FOUND,0,1,uniquely_resolvable,True,False,,0001628280-26-055272,Bounded recognition supplies one parent candidate,NORMALIZED_ITEM_2_02_HEADING:CIK_ITEM_2_02_EXACT_PERIOD_END
1969:2026:Q2,SDRL,RESOLVER_COVERAGE_GAP,ITEM202_HEADING_VARIANTS,NOT_FOUND,0,1,uniquely_resolvable,True,False,,0001737706-26-000023,Bounded recognition supplies one parent candidate,NORMALIZED_ITEM_2_02_HEADING:CIK_ITEM_2_02_EXPLICIT_FISCAL_QUARTER
2468:2026:Q2,BTDR,INSUFFICIENT_EVIDENCE,FOREIGN_6K_METADATA_ONLY,NOT_FOUND,0,0,unchanged,False,False,,,No eligible structurally recognized Item 2.02 8-K primary,
2469:2026:Q2,CAMT,INSUFFICIENT_EVIDENCE,FOREIGN_6K_METADATA_ONLY,NOT_FOUND,0,0,unchanged,False,False,,,No eligible structurally recognized Item 2.02 8-K primary,
2539:2026:Q1,VOGX,INSUFFICIENT_EVIDENCE,DOMESTIC_OR_OTHER_METADATA_ONLY,NOT_FOUND,0,0,unchanged,False,False,,,No eligible structurally recognized Item 2.02 8-K primary,
138:2026:Q2,AMN,INSUFFICIENT_EVIDENCE,DOMESTIC_OR_OTHER_METADATA_ONLY,NOT_FOUND,0,0,unchanged,False,False,,,No eligible structurally recognized Item 2.02 8-K primary,
315:2026:Q2,BIAF,RESOLVER_COVERAGE_GAP,ITEM202_HEADING_VARIANTS,NOT_FOUND,0,1,uniquely_resolvable,True,False,,0001493152-26-036486,Bounded recognition supplies one parent candidate,"SEC_LINKED_EXHIBIT:{""exhibits"":[{""method"":""CIK_ITEM_2_02_EXPLICIT_FISCAL_QUARTER"",""sha256"":""e46f7312c0dd71e76c0973e2bc3220352e15937a9b66785af425e925e6588087"",""url"":""https://www.sec.gov/Archives/edgar/data/1712762/000149315226036486/ex99-1.htm""}],""fiscal_identity"":[315,2026,""Q2""],""parent_accession"":""0001493152-26-036486"",""version"":1}"
645:2026:Q2,DBX,RESOLVER_COVERAGE_GAP,ITEM202_HEADING_VARIANTS,NOT_FOUND,0,1,uniquely_resolvable,True,False,,0001467623-26-000045,Bounded recognition supplies one parent candidate,NORMALIZED_ITEM_2_02_HEADING:CIK_ITEM_2_02_EXACT_PERIOD_END
762:2026:Q2,EMPD,INSUFFICIENT_EVIDENCE,DOMESTIC_OR_OTHER_METADATA_ONLY,NOT_FOUND,0,0,unchanged,False,False,,,No eligible structurally recognized Item 2.02 8-K primary,
994:2026:Q2,GTN,RESOLVER_COVERAGE_GAP,ITEM202_HEADING_VARIANTS,NOT_FOUND,0,1,uniquely_resolvable,True,False,,0001437749-26-026422,Bounded recognition supplies one parent candidate,"SEC_LINKED_EXHIBIT:{""exhibits"":[{""method"":""CIK_ITEM_2_02_EXACT_PERIOD_END"",""sha256"":""3736afe68bb7604c49528cfca63457230c9e7c5978552703a08d0ddb76563249"",""url"":""https://www.sec.gov/Archives/edgar/data/43196/000143774926026422/ex_998938.htm""}],""fiscal_identity"":[994,2026,""Q2""],""parent_accession"":""0001437749-26-026422"",""version"":1}"
1117:2026:Q2,IMMX,INSUFFICIENT_EVIDENCE,DOMESTIC_OR_OTHER_METADATA_ONLY,NOT_FOUND,0,0,unchanged,False,False,,,No eligible structurally recognized Item 2.02 8-K primary,
1322:2026:Q2,LPSN,INSUFFICIENT_EVIDENCE,DOMESTIC_OR_OTHER_METADATA_ONLY,NOT_FOUND,0,0,unchanged,False,False,,,No eligible structurally recognized Item 2.02 8-K primary,
1629:2026:Q2,OKLO,INSUFFICIENT_EVIDENCE,DOMESTIC_OR_OTHER_METADATA_ONLY,NOT_FOUND,0,0,unchanged,False,False,,,No eligible structurally recognized Item 2.02 8-K primary,
1657:2026:Q2,ORBS,INSUFFICIENT_EVIDENCE,DOMESTIC_OR_OTHER_METADATA_ONLY,NOT_FOUND,0,0,unchanged,False,False,,,No eligible structurally recognized Item 2.02 8-K primary,
1662:2026:Q2,ORLY,RESOLVER_COVERAGE_GAP,ITEM202_HEADING_VARIANTS,NOT_FOUND,0,1,uniquely_resolvable,True,False,,0000898173-26-000042,Bounded recognition supplies one parent candidate,"SEC_LINKED_EXHIBIT:{""exhibits"":[{""method"":""CIK_ITEM_2_02_EXACT_PERIOD_END"",""sha256"":""ff685058da459aa3673e9bb05c028fac2363d7f5866b8dbcaed74f548ae16d91"",""url"":""https://www.sec.gov/Archives/edgar/data/898173/000089817326000042/orly-20260729xex99d1.htm""}],""fiscal_identity"":[1662,2026,""Q2""],""parent_accession"":""0000898173-26-000042"",""version"":1}"
1668:2026:Q2,OSUR,RESOLVER_COVERAGE_GAP,ITEM202_HEADING_VARIANTS,NOT_FOUND,0,1,uniquely_resolvable,True,False,,0001116463-26-000048,Bounded recognition supplies one parent candidate,NORMALIZED_ITEM_2_02_HEADING:CIK_ITEM_2_02_EXACT_PERIOD_END
1920:2026:Q2,RR,INSUFFICIENT_EVIDENCE,DOMESTIC_OR_OTHER_METADATA_ONLY,NOT_FOUND,0,0,unchanged,False,False,,,No eligible structurally recognized Item 2.02 8-K primary,
2041:2026:Q2,SNGX,INSUFFICIENT_EVIDENCE,DOMESTIC_OR_OTHER_METADATA_ONLY,NOT_FOUND,0,0,unchanged,False,False,,,No eligible structurally recognized Item 2.02 8-K primary,
2476:2026:Q2,WPM,INSUFFICIENT_EVIDENCE,FOREIGN_6K_METADATA_ONLY,NOT_FOUND,0,0,unchanged,False,False,,,No eligible structurally recognized Item 2.02 8-K primary,
31:2026:Q2,ACIW,RESOLVER_COVERAGE_GAP,ITEM202_HEADING_VARIANTS,NOT_FOUND,0,1,uniquely_resolvable,True,False,,0000935036-26-000026,Bounded recognition supplies one parent candidate,NORMALIZED_ITEM_2_02_HEADING:CIK_ITEM_2_02_EXACT_PERIOD_END
98:2026:Q2,ALDX,INSUFFICIENT_EVIDENCE,DOMESTIC_OR_OTHER_METADATA_ONLY,NOT_FOUND,0,0,unchanged,False,False,,,No eligible structurally recognized Item 2.02 8-K primary,
183:2026:Q2,AQB,INSUFFICIENT_EVIDENCE,DOMESTIC_OR_OTHER_METADATA_ONLY,NOT_FOUND,0,0,unchanged,False,False,,,No eligible structurally recognized Item 2.02 8-K primary,
216:2026:Q2,ASTI,INSUFFICIENT_EVIDENCE,DOMESTIC_OR_OTHER_METADATA_ONLY,NOT_FOUND,0,0,unchanged,False,False,,,No eligible structurally recognized Item 2.02 8-K primary,
451:2026:Q2,CGNX,RESOLVER_COVERAGE_GAP,ITEM202_HEADING_VARIANTS,NOT_FOUND,0,1,uniquely_resolvable,True,False,,0000851205-26-000061,Bounded recognition supplies one parent candidate,NORMALIZED_ITEM_2_02_HEADING:CIK_ITEM_2_02_EXACT_PERIOD_END
528:2026:Q2,COLD,RESOLVER_COVERAGE_GAP,ITEM202_HEADING_VARIANTS,NOT_FOUND,0,1,uniquely_resolvable,True,False,,0001628280-26-053800,Bounded recognition supplies one parent candidate,NORMALIZED_ITEM_2_02_HEADING:CIK_ITEM_2_02_EXACT_PERIOD_END
636:2026:Q2,DAN,RESOLVER_COVERAGE_GAP,ITEM202_HEADING_VARIANTS,NOT_FOUND,0,1,uniquely_resolvable,True,False,,0001193125-26-336664,Bounded recognition supplies one parent candidate,NORMALIZED_ITEM_2_02_HEADING:CIK_ITEM_2_02_EXACT_PERIOD_END
697:2027:Q1,DOCS,RESOLVER_COVERAGE_GAP,ITEM202_HEADING_VARIANTS,NOT_FOUND,0,1,uniquely_resolvable,True,False,,0001516513-26-000038,Bounded recognition supplies one parent candidate,NORMALIZED_ITEM_2_02_HEADING:CIK_ITEM_2_02_EXACT_PERIOD_END
791:2026:Q2,ERNA,INSUFFICIENT_EVIDENCE,DOMESTIC_OR_OTHER_METADATA_ONLY,NOT_FOUND,0,0,unchanged,False,False,,,No eligible structurally recognized Item 2.02 8-K primary,
885:2026:Q2,FOUR,RESOLVER_COVERAGE_GAP,ITEM202_HEADING_VARIANTS,NOT_FOUND,0,1,uniquely_resolvable,True,False,,0001794669-26-000042,Bounded recognition supplies one parent candidate,NORMALIZED_ITEM_2_02_HEADING:CIK_ITEM_2_02_EXACT_PERIOD_END
1134:2026:Q2,INMB,INSUFFICIENT_EVIDENCE,DOMESTIC_OR_OTHER_METADATA_ONLY,NOT_FOUND,0,0,unchanged,False,False,,,No eligible structurally recognized Item 2.02 8-K primary,
1307:2026:Q2,LLYVA,INSUFFICIENT_EVIDENCE,DOMESTIC_OR_OTHER_METADATA_ONLY,NOT_FOUND,0,0,unchanged,False,False,,,No eligible structurally recognized Item 2.02 8-K primary,
1353:2026:Q2,LXRX,RESOLVER_COVERAGE_GAP,ITEM202_HEADING_VARIANTS,NOT_FOUND,0,1,uniquely_resolvable,True,False,,0001062822-26-000112,Bounded recognition supplies one parent candidate,NORMALIZED_ITEM_2_02_HEADING:CIK_ITEM_2_02_EXACT_PERIOD_END
1534:2026:Q2,NFE,INSUFFICIENT_EVIDENCE,DOMESTIC_OR_OTHER_METADATA_ONLY,NOT_FOUND,0,0,unchanged,False,False,,,No eligible structurally recognized Item 2.02 8-K primary,
1636:2026:Q2,OM,RESOLVER_COVERAGE_GAP,ITEM202_HEADING_VARIANTS,NOT_FOUND,0,1,uniquely_resolvable,True,False,,0001193125-26-337953,Bounded recognition supplies one parent candidate,NORMALIZED_ITEM_2_02_HEADING:CIK_ITEM_2_02_EXACT_PERIOD_END
1802:2026:Q2,PSIX,RESOLVER_COVERAGE_GAP,ITEM202_HEADING_VARIANTS,NOT_FOUND,0,0,unchanged,False,False,,,No eligible structurally recognized Item 2.02 8-K primary,
1861:2026:Q2,RDW,RESOLVER_COVERAGE_GAP,ITEM202_HEADING_VARIANTS,NOT_FOUND,0,1,uniquely_resolvable,True,False,,0001819810-26-000121,Bounded recognition supplies one parent candidate,NORMALIZED_ITEM_2_02_HEADING:CIK_ITEM_2_02_EXACT_PERIOD_END
1945:2026:Q2,SABS,INSUFFICIENT_EVIDENCE,DOMESTIC_OR_OTHER_METADATA_ONLY,NOT_FOUND,0,0,unchanged,False,False,,,No eligible structurally recognized Item 2.02 8-K primary,
1967:2026:Q2,SD,RESOLVER_COVERAGE_GAP,ITEM202_HEADING_VARIANTS,NOT_FOUND,0,0,unchanged,False,False,,,Bounded text lacks a safely matching actual-result period/fiscal identity,
2016:2026:Q2,SLDB,INSUFFICIENT_EVIDENCE,DOMESTIC_OR_OTHER_METADATA_ONLY,NOT_FOUND,0,0,unchanged,False,False,,,No eligible structurally recognized Item 2.02 8-K primary,
2042:2027:Q1,SNOA,INSUFFICIENT_EVIDENCE,DOMESTIC_OR_OTHER_METADATA_ONLY,NOT_FOUND,0,0,unchanged,False,False,,,No eligible structurally recognized Item 2.02 8-K primary,
2108:2026:Q2,SVV,RESOLVER_COVERAGE_GAP,ITEM202_HEADING_VARIANTS,NOT_FOUND,0,0,unchanged,False,False,,,Bounded text lacks a safely matching actual-result period/fiscal identity,
2124:2026:Q2,TALK,INSUFFICIENT_EVIDENCE,DOMESTIC_OR_OTHER_METADATA_ONLY,NOT_FOUND,0,0,unchanged,False,False,,,No eligible structurally recognized Item 2.02 8-K primary,
2131:2026:Q2,TBCH,RESOLVER_COVERAGE_GAP,ITEM202_HEADING_VARIANTS,NOT_FOUND,0,1,uniquely_resolvable,True,False,,0001193125-26-338051,Bounded recognition supplies one parent candidate,NORMALIZED_ITEM_2_02_HEADING:CIK_ITEM_2_02_EXACT_PERIOD_END
2294:2026:Q2,VEEE,INSUFFICIENT_EVIDENCE,DOMESTIC_OR_OTHER_METADATA_ONLY,NOT_FOUND,0,0,unchanged,False,False,,,No eligible structurally recognized Item 2.02 8-K primary,
2414:2026:Q2,XFOR,INSUFFICIENT_EVIDENCE,DOMESTIC_OR_OTHER_METADATA_ONLY,NOT_FOUND,0,0,unchanged,False,False,,,No eligible structurally recognized Item 2.02 8-K primary,
2428:2026:Q2,XRAY,RESOLVER_COVERAGE_GAP,ITEM202_AMENDMENT,NOT_FOUND,0,0,unchanged,False,False,,,No eligible structurally recognized Item 2.02 8-K primary,
2502:2026:Q2,NVMI,INSUFFICIENT_EVIDENCE,FOREIGN_6K_METADATA_ONLY,NOT_FOUND,0,0,unchanged,False,False,,,No eligible structurally recognized Item 2.02 8-K primary,
2506:2026:Q2,CLLS,INSUFFICIENT_EVIDENCE,FOREIGN_6K_METADATA_ONLY,NOT_FOUND,0,0,unchanged,False,False,,,No eligible structurally recognized Item 2.02 8-K primary,
9:2026:Q4,ABAT,TRUE_AMBIGUOUS_PUBLICATION,PARTIAL_PRELIMINARY_REVISION_VS_RESULTS,AMBIGUOUS,2,2,ambiguous,False,False,0001493152-26-039500;0001493152-26-042948,0001493152-26-039500;0001493152-26-042948,Existing ambiguity retained,
956:2027:Q2,GME,TRUE_AMBIGUOUS_PUBLICATION,PARTIAL_PRELIMINARY_REVISION_VS_RESULTS,AMBIGUOUS,2,2,ambiguous,False,False,0001326380-26-000046;0001326380-26-000050,0001326380-26-000046;0001326380-26-000050,Existing ambiguity retained,
2027:2026:Q4,SMCI,TRUE_AMBIGUOUS_PUBLICATION,PARTIAL_PRELIMINARY_REVISION_VS_RESULTS,AMBIGUOUS,2,2,ambiguous,False,False,0001375365-26-000019;0001375365-26-000021,0001375365-26-000019;0001375365-26-000021,Existing ambiguity retained,
2527:2026:Q4,OPTT,TRUE_AMBIGUOUS_PUBLICATION,PARTIAL_PRELIMINARY_REVISION_VS_RESULTS,AMBIGUOUS,2,2,ambiguous,False,False,0001493152-26-034425;0001493152-26-039793,0001493152-26-034425;0001493152-26-039793,Existing ambiguity retained,
1455:2026:Q2,MOVE,RESOLVER_COVERAGE_GAP,NON_RESULT_OR_REPEATED_EVENT_CONTEXT,AMBIGUOUS,2,2,ambiguous,False,False,0001213900-26-090115;0001213900-26-097690,0001213900-26-090115;0001213900-26-097690,Existing ambiguity retained,
970:2026:Q2,GOSS,TRUE_AMBIGUOUS_PUBLICATION,PARTIAL_PRELIMINARY_REVISION_VS_RESULTS,AMBIGUOUS,2,2,ambiguous,False,False,0001728117-26-000064;0001728117-26-000073,0001728117-26-000064;0001728117-26-000073,Existing ambiguity retained,
1867:2026:Q2,REKR,TRUE_AMBIGUOUS_PUBLICATION,PARTIAL_PRELIMINARY_REVISION_VS_RESULTS,AMBIGUOUS,2,2,ambiguous,False,False,0001437749-26-023616;0001437749-26-027481,0001437749-26-023616;0001437749-26-027481,Existing ambiguity retained,
162:2026:Q2,ANRO,TRUE_AMBIGUOUS_PUBLICATION,PARTIAL_PRELIMINARY_REVISION_VS_RESULTS,AMBIGUOUS,2,2,ambiguous,False,False,0001104659-26-082875;0001999480-26-000022,0001104659-26-082875;0001999480-26-000022,Existing ambiguity retained,
1249:2026:Q2,KSCP,TRUE_AMBIGUOUS_PUBLICATION,PARTIAL_PRELIMINARY_REVISION_VS_RESULTS,AMBIGUOUS,2,2,ambiguous,False,False,0001104659-26-084853;0001104659-26-094868,0001104659-26-084853;0001104659-26-094868,Existing ambiguity retained,
2144:2026:Q2,TE,TRUE_AMBIGUOUS_PUBLICATION,PARTIAL_PRELIMINARY_REVISION_VS_RESULTS,AMBIGUOUS,2,2,ambiguous,False,False,0001213900-26-081974;0001213900-26-088022,0001213900-26-081974;0001213900-26-088022,Existing ambiguity retained,
434:2026:Q2,CDXS,TRUE_AMBIGUOUS_PUBLICATION,PARTIAL_PRELIMINARY_REVISION_VS_RESULTS,AMBIGUOUS,2,2,ambiguous,False,False,0001193125-26-314158;0001193125-26-344646,0001193125-26-314158;0001193125-26-344646,Existing ambiguity retained,
1221:2026:Q2,KLXE,RESOLVER_COVERAGE_GAP,NON_RESULT_OR_REPEATED_EVENT_CONTEXT,AMBIGUOUS,2,2,ambiguous,False,False,0001738827-26-000025;0001738827-26-000028,0001738827-26-000025;0001738827-26-000028,Existing ambiguity retained,
217:2026:Q2,ASTS,TRUE_AMBIGUOUS_PUBLICATION,PARTIAL_PRELIMINARY_REVISION_VS_RESULTS,AMBIGUOUS,2,2,ambiguous,False,False,0001193125-26-342540;0001493152-26-033365,0001193125-26-342540;0001493152-26-033365,Existing ambiguity retained,
323:2026:Q2,BKD,TRUE_AMBIGUOUS_PUBLICATION,PARTIAL_PRELIMINARY_REVISION_VS_RESULTS,AMBIGUOUS,2,2,ambiguous,False,False,0001332349-26-000057;0001332349-26-000062,0001332349-26-000057;0001332349-26-000062,Existing ambiguity retained,
556:2026:Q2,CRC,TRUE_AMBIGUOUS_PUBLICATION,PARTIAL_PRELIMINARY_REVISION_VS_RESULTS,AMBIGUOUS,2,2,ambiguous,False,False,0001609253-26-000122;0001609253-26-000127,0001609253-26-000122;0001609253-26-000127,Existing ambiguity retained,
1755:2026:Q2,PLUG,TRUE_AMBIGUOUS_PUBLICATION,PARTIAL_PRELIMINARY_REVISION_VS_RESULTS,AMBIGUOUS,2,2,ambiguous,False,False,0001104659-26-082854;0001104659-26-093339,0001104659-26-082854;0001104659-26-093339,Existing ambiguity retained,
1860:2026:Q2,RDVT,TRUE_AMBIGUOUS_PUBLICATION,PARTIAL_PRELIMINARY_REVISION_VS_RESULTS,AMBIGUOUS,2,2,ambiguous,False,False,0001193125-26-335043;0001193125-26-345050,0001193125-26-335043;0001193125-26-345050,Existing ambiguity retained,
1938:2026:Q2,RXT,TRUE_AMBIGUOUS_PUBLICATION,PARTIAL_PRELIMINARY_REVISION_VS_RESULTS,AMBIGUOUS,2,2,ambiguous,False,False,0001810019-26-000078;0001810019-26-000092,0001810019-26-000078;0001810019-26-000092,Existing ambiguity retained,
145:2026:Q2,AMR,TRUE_AMBIGUOUS_PUBLICATION,PARTIAL_PRELIMINARY_REVISION_VS_RESULTS,AMBIGUOUS,2,2,ambiguous,False,False,0001704715-26-000025;0001704715-26-000030,0001704715-26-000025;0001704715-26-000030,Existing ambiguity retained,
195:2026:Q2,ARKO,TRUE_AMBIGUOUS_PUBLICATION,PARTIAL_PRELIMINARY_REVISION_VS_RESULTS,AMBIGUOUS,2,2,ambiguous,False,False,0001193125-26-337978;0001193125-26-339092,0001193125-26-337978;0001193125-26-339092,Existing ambiguity retained,
168:2026:Q2,APA,TRUE_AMBIGUOUS_PUBLICATION,PARTIAL_PRELIMINARY_REVISION_VS_RESULTS,AMBIGUOUS,2,2,ambiguous,False,False,0001841666-26-000045;0001841666-26-000050,0001841666-26-000045;0001841666-26-000050,Existing ambiguity retained,
448:2026:Q2,CF,RESOLVER_COVERAGE_GAP,NON_RESULT_OR_REPEATED_EVENT_CONTEXT,AMBIGUOUS,2,2,ambiguous,False,False,0001104659-26-091275;0001324404-26-000017,0001104659-26-091275;0001324404-26-000017,Existing ambiguity retained,
688:2026:Q2,DMLP,RESOLVER_COVERAGE_GAP,NON_RESULT_OR_REPEATED_EVENT_CONTEXT,AMBIGUOUS,2,2,ambiguous,False,False,0001437749-26-024295;0001437749-26-026405,0001437749-26-024295;0001437749-26-026405,Existing ambiguity retained,
1712:2026:Q2,PDYN,TRUE_AMBIGUOUS_PUBLICATION,PARTIAL_PRELIMINARY_REVISION_VS_RESULTS,AMBIGUOUS,2,2,ambiguous,False,False,0001193125-26-297985;0001193125-26-336621,0001193125-26-297985;0001193125-26-336621,Existing ambiguity retained,
1878:2026:Q2,RGLD,TRUE_AMBIGUOUS_PUBLICATION,PARTIAL_PRELIMINARY_REVISION_VS_RESULTS,AMBIGUOUS,2,2,ambiguous,False,False,0000085535-26-000032;0000085535-26-000038,0000085535-26-000032;0000085535-26-000038,Existing ambiguity retained,
2026:2026:Q2,SM,TRUE_AMBIGUOUS_PUBLICATION,PARTIAL_PRELIMINARY_REVISION_VS_RESULTS,AMBIGUOUS,2,2,ambiguous,False,False,0000893538-26-000104;0000893538-26-000119,0000893538-26-000104;0000893538-26-000119,Existing ambiguity retained,
