company_id,fiscal_year,fiscal_quarter,quarter_id,before_status,after_status,selected_evidence_id,accession,publication_timestamp_utc,source_type,source_reference,approved_evidence_fingerprint,before_authority_fingerprint,after_authority_fingerprint,verified_at_utc,parity
22,2025,Q1,800,NOT_FOUND,VERIFIED,rpe_5319e5b72d21c90eafc14d87,0001739445-25-000065,2025-05-06T20:20:08Z,SEC_8K_ITEM_2_02,https://www.sec.gov/Archives/edgar/data/1739445/000173944525000065/aca-20250506.htm,1cb1fffd257ad694d0a792e3cf58b2d02d775b8e90fcc791d8a3135ef2ada82f,1f8d2006f8dcc6ce5c7b43796fc37e87a49b7f840c29f3391785054360762c6e,c735f11beda932e10afd7d555eed1a7c6969405535ac74df33a3ed6b36b0ec92,2026-10-09T17:51:50Z,PASS
22,2025,Q2,801,NOT_FOUND,VERIFIED,rpe_6c6fdcb24c8d290c19516267,0001739445-25-000113,2025-08-07T20:37:22Z,SEC_8K_ITEM_2_02,https://www.sec.gov/Archives/edgar/data/1739445/000173944525000113/aca-20250807.htm,7ed501a11c3e7c9efc89d8f8160e10682b977c2ddc062a4572c44ad228f260e6,dbe466a56f97608df7ce2b021d2f9858f79e39d60389042ab07f5c2d1a6091f8,10d455b793cdaecf46eca5dc8d233c591387be26d8b2cdd91e4f2d0542b133ac,2026-10-09T17:51:50Z,PASS
22,2026,Q1,804,NOT_FOUND,VERIFIED,rpe_d07f169de2e0d50365b4ccdb,0001739445-26-000064,2026-04-30T20:22:00Z,SEC_8K_ITEM_2_02,https://www.sec.gov/Archives/edgar/data/1739445/000173944526000064/aca-20260430.htm,cdaf38c086a54c888756e9b6c0b3817bdc71b3cb6edd4bebe6fd394b02f4b239,2d8aa80d3245b56b4d41941a5ef75de342a1bca06f3c85c65fcb4912a57bb6ba,f819dc88a15d86b397fc8fdac37c485c4a9fe0d93a5f0459067b017ef2ba5e28,2026-10-09T17:51:50Z,PASS
22,2026,Q2,805,NOT_FOUND,VERIFIED,rpe_07ee736519d67cc26c609e4f,0001739445-26-000124,2026-08-05T20:19:02Z,SEC_8K_ITEM_2_02,https://www.sec.gov/Archives/edgar/data/1739445/000173944526000124/aca-20260805.htm,15342cda8fba5015bf518faa22b043de734991f88beadaf877a8a361f160b8e8,27cbb003131fa228b590d63d0a505f19960a51e6e5d4363fec075dc0ed056a52,6cd656be01cd992f911e09e8d1e93f86a9935bc8bf886db6d7ca957cf8f237e1,2026-10-09T17:51:50Z,PASS
31,2026,Q2,1125,NOT_FOUND,VERIFIED,rpe_5ff6755af9744f23e4d7878f,0000935036-26-000026,2026-08-06T12:04:28Z,SEC_8K_ITEM_2_02,https://www.sec.gov/Archives/edgar/data/935036/000093503626000026/aciw-20260806.htm,99fd8ba12cd55d1a6e399d0b29b4518248a7e959d29e22686a9ae9a4bf7c4c3d,fb0dfee80002a390088806d8794261d38c9b457092e874db760e0aa5d1c3fcef,971eb93d0b2a5d0d010113594a27e9a3f770d99704111d255c6573c735fe9e8d,2026-10-09T17:51:50Z,PASS
176,2026,Q4,6216,UNRESOLVED,VERIFIED,rpe_8713f6420df4f65a77067868,0000006845-26-000020,2026-04-24T17:05:11Z,SEC_8K_ITEM_2_02,https://www.sec.gov/Archives/edgar/data/6845/000000684526000020/apog-20260424.htm,154cf932613d525c3a0ab73b7d4276842d0f46b8fa4d9939fec32121f01f99cf,97f976d04db80a2072edf172446fd0009e4e309a0a5ed16ec25f86fc8388e402,063bdfefd6f305fba44d328f2b0854d24a0322b3525e3d993b954d52bf9b75e0,2026-10-09T17:51:50Z,PASS
330,2025,Q1,11682,UNRESOLVED,VERIFIED,rpe_2054bd33a7d5b4c8012505a1,0001171843-25-002819,2025-05-06T20:06:01Z,SEC_8K_ITEM_2_02,https://www.sec.gov/Archives/edgar/data/1666134/000117184325002819/f8k_050625.htm,488e17ee03434d3b1b5559627ba2883c11b74375dc779252ee519c95cc837998,e58ee439f6888ac0759a02931df150d25748c98919e4efeb02673f759b2caa3f,061ea6ecc7d4413f71083ca3c22076ab13dbb0682e47e389044a693728f8f84f,2026-10-09T17:51:50Z,PASS
330,2025,Q2,11683,UNRESOLVED,VERIFIED,rpe_f5554dd645da29d7b367820d,0001171843-25-005050,2025-08-05T20:06:42Z,SEC_8K_ITEM_2_02,https://www.sec.gov/Archives/edgar/data/1666134/000117184325005050/f8k_080525.htm,593403d1dc7a1a9d8f16480646d99aedb0f37a38938675aa5a8c9156b27818e7,6bfbf0c5133ccb9ce010e2c8ef33da44fc15742d7cb944b88a56a5e29a8f8dbc,ea601631c16575cb94e992a317020b66e71fa365e3fa27d63192da4a6d26e0c6,2026-10-09T17:51:50Z,PASS
330,2025,Q3,11684,UNRESOLVED,VERIFIED,rpe_383e585537a9b9bb39412378,0001171843-25-007093,2025-11-06T21:07:26Z,SEC_8K_ITEM_2_02,https://www.sec.gov/Archives/edgar/data/1666134/000117184325007093/f8k_110625.htm,036ef9a95d4ac595f61a0c0fecb42f9be1928ace3bfd8801758881c963014adc,3892c3d32125ebfbe1189c3d3e684e9a6d6d52dd3f72090efe711b8a17a5c982,53e46658b6383230647a3aa2f28b9fd2a98511d84af0ab639e9b052473772e4c,2026-10-09T17:51:50Z,PASS
330,2025,Q4,11685,UNRESOLVED,VERIFIED,rpe_85fe776be36bae3787d624ce,0001171843-26-000734,2026-02-10T21:05:28Z,SEC_8K_ITEM_2_02,https://www.sec.gov/Archives/edgar/data/1666134/000117184326000734/f8k_021026.htm,f9aa623f10ad0a06bd410744a3f900b1ad4e16799e7969644bf7604676c0d79a,f7e8c5ab66bdff50743621849bd08df4bbe76b557a4905e64d70df509a57e4df,56938961414f11e8f2397b4b3c67a51fd354200217084a32060cd23df1f4da20,2026-10-09T17:51:50Z,PASS
330,2026,Q1,11686,UNRESOLVED,VERIFIED,rpe_307a6ff1c6a4a957531a825f,0001171843-26-003023,2026-05-05T20:05:34Z,SEC_8K_ITEM_2_02,https://www.sec.gov/Archives/edgar/data/1666134/000117184326003023/f8k_050526.htm,a30c709d57b4784fac64c1346b18086ab74a2bbf939c4766b817d77de3f69769,8c9e55f82db6c36f048659c894ec4198d779915f984d91fe9aa4289feb5ed40e,3c1fd1a63a89891ff43be37161940132fba6259518229de60f8817aab4cc20e0,2026-10-09T17:51:50Z,PASS
330,2026,Q2,11687,UNRESOLVED,VERIFIED,rpe_17497d83f63c953414a7c923,0001171843-26-005201,2026-08-04T20:05:29Z,SEC_8K_ITEM_2_02,https://www.sec.gov/Archives/edgar/data/1666134/000117184326005201/f8k_080426.htm,733c823e10ed5426204d2bbe48b9e6b0f5cfbe82f535dc1361b773e6a1e44f56,491cdaa62feafde24e47fb72fb807aca41f1c56d361d6f0348e3daf4693fbe1e,f2c8dbd464bedfb9c3cb9483b1db4d3c56403e4103696c540715e4e70bca5920,2026-10-09T17:51:50Z,PASS
358,2025,Q1,12644,UNRESOLVED,VERIFIED,rpe_3dfa89c6d735c7a421b872cb,0000746598-24-000137,2024-11-18T17:05:24Z,SEC_8K_ITEM_2_02,https://www.sec.gov/Archives/edgar/data/746598/000074659824000137/brc-20241118.htm,2bad51b16349ec009f80c3b8f0749941e1807ca62cf459898cff8c21f1d1cd02,034290edbddf6bf414a59c9bf17f8afbcbcac4ae8dd621a03336f52b53dfeb47,c9e9dda647f49932187c2bd9ecb2f676cb1bcf51386ae5f378bc11c404309a24,2026-10-09T17:51:50Z,PASS
358,2025,Q2,12645,UNRESOLVED,VERIFIED,rpe_b2d3cc97a86bc306ff58c06d,0000746598-25-000007,2025-02-21T17:06:17Z,SEC_8K_ITEM_2_02,https://www.sec.gov/Archives/edgar/data/746598/000074659825000007/brc-20250221.htm,e018cd3cdfa2bd4c6a1666cbe3670915dc9f396e6d11e1f1fcd1805a72b8a889,b6a501b88d3befe87c500c911b619267c72e04fc05ea389c3932bf2d67235e34,e152352dc536d7174e6c65d6357a471d2ddfba63500b965fa383c900722250a9,2026-10-09T17:51:50Z,PASS
358,2026,Q1,12648,UNRESOLVED,VERIFIED,rpe_c290b0b8cec98c335089b21e,0000746598-25-000059,2025-11-17T17:15:33Z,SEC_8K_ITEM_2_02,https://www.sec.gov/Archives/edgar/data/746598/000074659825000059/brc-20251117.htm,1c5dcde32ca2e7ef701a6a7f0c5946f511b282130cf876b7efdaa591834926f4,5a6c94e9410be8c53bf240128249627ba9e4ebb2e6f57fae2269f4144fad64e7,8cc752ec727f164bba15098245cdb07cd6d7a21bf52b2e95bd2df01d885b5bbf,2026-10-09T17:51:50Z,PASS
358,2026,Q2,12649,UNRESOLVED,VERIFIED,rpe_ead834d661e38544054f264b,0000746598-26-000005,2026-02-19T17:05:23Z,SEC_8K_ITEM_2_02,https://www.sec.gov/Archives/edgar/data/746598/000074659826000005/brc-20260219.htm,33cb76db1203e909a3cc53730e52a9d59e402623d218f5f3298eb4fb4c653899,9de3f777f48eef8057daa478a2318092c48287ba34269c6bcb138b9b1c1eebf8,4bec1a5ab9476a4c32a8e62abe03802885cd756cee5150a5601e8f71cf5422d0,2026-10-09T17:51:50Z,PASS
421,2025,Q2,14759,UNRESOLVED,VERIFIED,rpe_0dfd431c09a0e5e9e3e1c61d,0001493152-25-011596,2025-08-05T15:05:48Z,SEC_8K_ITEM_2_02,https://www.sec.gov/Archives/edgar/data/1582982/000149315225011596/form8-k.htm,8de75c5bbdbba165952808a51d5f0127c3df2ba23a99da801191c8f4c4be2a78,273cbc0896dbca988e6aebe3c166fcff6c1cc9d8320701e824b63632a01ef11b,fbbdd7d173c9b25468427ca2b4503786529c5b21c1993f0fd8c587cd99ea8fb5,2026-10-09T17:51:50Z,PASS
451,2026,Q2,15831,NOT_FOUND,VERIFIED,rpe_84b99f8f2e85bd3175f70bb9,0000851205-26-000061,2026-08-05T20:32:16Z,SEC_8K_ITEM_2_02,https://www.sec.gov/Archives/edgar/data/851205/000085120526000061/cgnx-20260805.htm,bf9671991f53f29f890f99463a025d6875e064219f1475d75238044f8d3cffef,69756089137ad4cce4366a92be43d5cb0c70f22528612b833dafd284b465b76c,65c57bf82fc2ebca722732bfa65cbeacbbbfecc28fdd51133e87e7d50d3b9c89,2026-10-09T17:51:50Z,PASS
524,2025,Q1,18488,UNRESOLVED,VERIFIED,rpe_ecb9bc57e5d4112e5db6f492,0001193125-24-252062,2024-11-07T02:20:03Z,SEC_8K_ITEM_2_02,https://www.sec.gov/Archives/edgar/data/820318/000119312524252062/d857703d8k.htm,b126101d930418da4bf6a5e26f6e755d1632e164a029096a14ac90873f2d0444,bc5e2929f0d65fc8566ba8afa2a00707cf01bf871143a8db293fccdb921c7604,c9b9ac9c696f2155d84d01f1639abe7638cfec65b9718b05fe7f68809ddb9b6d,2026-10-09T17:51:50Z,PASS
524,2025,Q2,18489,UNRESOLVED,VERIFIED,rpe_c72c4e33a32d1fe1246814c5,0001193125-25-020821,2025-02-06T02:05:24Z,SEC_8K_ITEM_2_02,https://www.sec.gov/Archives/edgar/data/820318/000119312525020821/d835094d8k.htm,34e5f3b051f38a28ed0899514613fc305f978f983945fc47f6e7703cfbf42e61,8ba065ec4ff8fb0b55fa926cb3cc50e058719f5282ab059af6cfa8de195594e2,ab283910a676b299a9e25fd7c598a2b64973eafe0958c5c8e0afb6594ab9d00a,2026-10-09T17:51:50Z,PASS
524,2025,Q3,18490,UNRESOLVED,VERIFIED,rpe_f20f90aa14dbf8fb9f8d7885,0001193125-25-114882,2025-05-08T00:05:27Z,SEC_8K_ITEM_2_02,https://www.sec.gov/Archives/edgar/data/820318/000119312525114882/d930395d8k.htm,c4d377d8fda53960727d68ff29da8bf05a0353f2cdc5f6c50b1cfa245a2fb37d,f562ef407b1f23fad916898901797da110e10d5f403c5586fe3264dfa67f81a0,92179f61b1303389a0131a3be4a3f223e36012eccac6f9933387768e75adf246,2026-10-09T17:51:50Z,PASS
602,2026,Q1,21243,UNRESOLVED,VERIFIED,rpe_949ba920e6cc9c5b2f56eae8,0001213900-26-015895,2026-02-13T13:30:27Z,SEC_8K_ITEM_2_02,https://www.sec.gov/Archives/edgar/data/1506251/000121390026015895/ea0276948-8k_citius.htm,f093df590003aa2f3c09ffebe1ed68ce66eebe775a9d87bf4b08af6fb020ff09,ca8e2bf57a404bc3d6743b49591a27dd2e11ad28bc3a34807eb98313aaaf3d1e,ef009629428365ddb5ce560aacab5b7344ea8fce9995477da403b5f5a0d2e9a3,2026-10-09T17:51:50Z,PASS
636,2026,Q2,22530,NOT_FOUND,VERIFIED,rpe_36dce86bb0cbf721bfb5ee64,0001193125-26-336664,2026-08-06T11:00:22Z,SEC_8K_ITEM_2_02,https://www.sec.gov/Archives/edgar/data/26780/000119312526336664/d125905d8k.htm,9e1223824ff7a719b5caa500455d1690d14aa522412eaddc8ebbfdddd5a75087,d6f741f85d3bc213028b5b5f5430b83ead16ee71878ed66eb94d4cca87ce7e35,c1725a3f38daf9227ebfc22c7c9b9d546889301cdc4d2f86fbd14da3f99e98a2,2026-10-09T17:51:50Z,PASS
697,2027,Q1,24643,NOT_FOUND,VERIFIED,rpe_0a9be09bcd190fdfbf27c788,0001516513-26-000038,2026-08-07T00:04:42Z,SEC_8K_ITEM_2_02,https://www.sec.gov/Archives/edgar/data/1516513/000151651326000038/docs-20260806.htm,918043acb58357ed9174f29d6e8d1e50b0a1847c606122cbc40bcfc0448f7c89,345c7db93170abb5c354d1768f19050aa98812781537ba9cbcfdf5a54368ef4a,49421beb934fd6a4f4e21c71ac87283604048cf0f4c543c8c86f359606ba7376,2026-10-09T17:51:50Z,PASS
780,2025,Q2,27584,UNRESOLVED,VERIFIED,rpe_d5de3f9865bdc97421fbda82,0001628280-25-022844,2025-05-07T10:06:10Z,SEC_8K_ITEM_2_02,https://www.sec.gov/Archives/edgar/data/1096752/000162828025022844/epc-20250507.htm,93374d5dd5a084abfeb2ad791ad61fb6cae53860f673f55363f0c0194333401e,881d82091d968e659a0df3571b8950d99e08daf50af1230fe60d9afc71718c1f,cd34e7effa9b0301f116977b2ab354a572d6cee28a16960c7fe79dbcd8220352,2026-10-09T17:51:50Z,PASS
780,2025,Q3,27585,UNRESOLVED,VERIFIED,rpe_e916fd344e77d27cb5f569b9,0001628280-25-037579,2025-08-05T10:11:29Z,SEC_8K_ITEM_2_02,https://www.sec.gov/Archives/edgar/data/1096752/000162828025037579/epc-20250805.htm,afddebe97647d1ae614b42e8091339598aa881d678eea15c4429dcf686dd08be,1d17f989b69ecbb15b4e60ef0664710ca1fcba30d3c7bd21ddb89bfd3eb77894,e02d4863886baf6ac5c97fcce79541bd86f30c4ff354f3e9f188455864c88235,2026-10-09T17:51:50Z,PASS
780,2026,Q3,27589,UNRESOLVED,VERIFIED,rpe_fd7a9236537521c2bbbdeef1,0001628280-26-052881,2026-08-05T10:10:48Z,SEC_8K_ITEM_2_02,https://www.sec.gov/Archives/edgar/data/1096752/000162828026052881/epc-20260805.htm,aa7d2916f53f4f4ee6a4735be929b7eee3466ff47d37d0e86a8cc954dff8f6f4,f03accc8c9778ca5bd29c7eb1ad4cfebccd7207da01ededde5143e8264e25e7a,c385ded362fe632da4069dc5c7dcff7bce36414a53047e800db757e04688aa6b,2026-10-09T17:51:50Z,PASS
835,2026,Q2,29570,UNRESOLVED,VERIFIED,rpe_b41d8fb3286f91fdafca73f0,0000815556-26-000037,2026-07-14T12:01:18Z,SEC_8K_ITEM_2_02,https://www.sec.gov/Archives/edgar/data/815556/000081555626000037/fast-20260714.htm,795688e7ee33aadb3d23fe2a5731944299de7c6437a6131059eb493c9b1b68e6,ed804ad029abca1e258a909a2e77a4776c8df7f0ffe8ba1cf5fbd5732675bc9a,72b4fe69322c14ff8eab2e626515748213f0a7dfaa0c729db2108d65df69aaed,2026-10-09T17:51:50Z,PASS
1067,2025,Q1,37898,UNRESOLVED,VERIFIED,rpe_7d3867ffc22b62d870fc5314,0000766829-25-000035,2025-04-28T21:15:50Z,SEC_8K_ITEM_2_02,https://www.sec.gov/Archives/edgar/data/766829/000076682925000035/sjw-20250428.htm,770d18609e435e50a870f2c917d4035d6719aa6a9f1e5bad175835aa36d29d29,137ac1b2b916f120ff132b6ea70f2716ba3604029e46cef7845901eacf4d1a15,22e9c4b0f42dd0c4a5f0f492e91779a455aa71cbe89734efe4973696ba3d4aae,2026-10-09T17:51:50Z,PASS
1103,2025,Q3,39239,NOT_FOUND,VERIFIED,rpe_f6964146c40a01b3b924a9c4,0001628280-25-046909,2025-10-29T11:08:27Z,SEC_8K_ITEM_2_02,https://www.sec.gov/Archives/edgar/data/832101/000162828025046909/iex-20251029.htm,a4e3cb144bc44de2fb85b78f1e92f24885a44178e26125dde4899792d45d2099,db21740962790849ddafbc14d97394edf6319eb877334779d36338ef33b9aa6e,00a9059fd99402150b08cca53facda80bf7c612013e63d009527de9699357d83,2026-10-09T17:51:50Z,PASS
1404,2025,Q1,50040,UNRESOLVED,VERIFIED,rpe_a3a500f703872b07fa5cde94,0001099590-25-000025,2025-05-07T20:01:57Z,SEC_8K_ITEM_2_02,https://www.sec.gov/Archives/edgar/data/1099590/000109959025000025/meli-20250507.htm,73192b263aea8a9b92f482ca7ce1706f4dc3f06c6add80cb41ca4109f8c7cc1e,63314f32dfb4df0ce8b0fcf597c4fcbe9b75f0895860e1d5083f4e22f22e3214,92dc0ea9225a5688e5fa5cafdb3e7068ba9b9d407efa49db1c53d73f6ec9f36f,2026-10-09T17:51:50Z,PASS
1404,2025,Q2,50041,UNRESOLVED,VERIFIED,rpe_6de363b640364fc250d038e7,0001099590-25-000041,2025-08-04T20:01:19Z,SEC_8K_ITEM_2_02,https://www.sec.gov/Archives/edgar/data/1099590/000109959025000041/meli-20250804.htm,45c2b024a51683d55632bd7ccf891564c9bf2b082bf2e0c6a03138955875edb4,a6733608b65938e2684b4a4d233043279c363289318b96e3cb564b1f511ba2f3,458f76fbe8a7b538398c3c224d3f4a2421693644e0e44385dde30b6a66f5301c,2026-10-09T17:51:50Z,PASS
1404,2026,Q1,50044,UNRESOLVED,VERIFIED,rpe_61a3a1910046f0d952e2866c,0001099590-26-000014,2026-05-07T20:00:57Z,SEC_8K_ITEM_2_02,https://www.sec.gov/Archives/edgar/data/1099590/000109959026000014/meli-20260507.htm,8910ce9c4db65672c9d3bdbf5c4b438921dcbec828d8f937429bc5a465857214,7c371724cc2c1e4ae6c68116225164bd0439094502f54136b3fa2a07a2eb163e,bd9fe434803ade6ca143aa0cc092c7460981bf87bde84b63afc4265e0e083ad0,2026-10-09T17:51:50Z,PASS
1404,2026,Q2,50045,UNRESOLVED,VERIFIED,rpe_577b34fe44cdacc2f8b4de04,0001099590-26-000021,2026-08-05T20:00:58Z,SEC_8K_ITEM_2_02,https://www.sec.gov/Archives/edgar/data/1099590/000109959026000021/meli-20260805.htm,e7d4c1b579f6ba85718c7c192f4b6764701617ded8c947f333bcde19b752fb24,e642bba576deb2b3eb57c057f110dc960ffe968345374ddcf4a64fad458ef73d,8c7db641465504113a0e9ed73c0c0f63940324418636c46132132c9de0f548e2,2026-10-09T17:51:50Z,PASS
1443,2025,Q1,51444,UNRESOLVED,VERIFIED,rpe_0345fa740b9e6635ad2dfb77,0000950170-25-066426,2025-05-08T12:08:08Z,SEC_8K_ITEM_2_02,https://www.sec.gov/Archives/edgar/data/899460/000095017025066426/mnkd-20250508.htm,527f915b99508edb80393cbae4cf10468eaea82a739aea05232286c16bb257c3,f70ac3ecc7a5d3aec8183761a3a4b2a30c648c7483b0edee4d21b6dde558daf9,f72daa85f785e0e747cea23fae938289981d7b4244fe8740037a4863897e4493,2026-10-09T17:51:50Z,PASS
1457,2025,Q1,51924,UNRESOLVED,VERIFIED,rpe_866e017c9a64533f15ee4c8a,0001140361-24-036287,2024-08-08T11:59:11Z,SEC_8K_ITEM_2_02,https://www.sec.gov/Archives/edgar/data/918251/000114036124036287/ef20033577_8k.htm,7ec1f7e7f0d99d2b7a3366e5faad3f0908535b50394cdd419a73ed2bb5f6f173,3a8fe5237e8bc795dc06dc81e761568a3c7edabc932f7b3553d5f5d4adfcfaaa,a0d9c0d017cca026a05038aa1cfe340d5cea7124d6076f9767baf5b17c1bacb9,2026-10-09T17:51:50Z,PASS
1457,2025,Q2,51925,UNRESOLVED,VERIFIED,rpe_0e080061685d7f5d9d366224,0001140361-24-046024,2024-11-12T12:58:16Z,SEC_8K_ITEM_2_02,https://www.sec.gov/Archives/edgar/data/918251/000114036124046024/ef20038262_8k.htm,823db11e06062b83498da6b1a6e9357c8a22ed154daddaee923a6263c3ffe6fc,2edd6b78e11e65649bf7ed6aa152e7ffd880acb083667ec29e5154413a9ef3ca,edc8c046464887bf2bc1ed2e9a6e68f7035127aa5ef04df44924880ef5dafa58,2026-10-09T17:51:50Z,PASS
1457,2025,Q3,51926,UNRESOLVED,VERIFIED,rpe_abe5d43896e96ddd23bb4ece,0001140361-25-003643,2025-02-10T12:58:17Z,SEC_8K_ITEM_2_02,https://www.sec.gov/Archives/edgar/data/918251/000114036125003643/ef20042936_8k.htm,5b8676c15d4f3837e9a6c376620347a0248f443980eaf5594e6878c354d6c341,3e2ee4c6941b68e2c53f5babfc1978a709e48d08f8fbbdd33064659764cc5463,6fd5f6d62685a8e25471df950a768d5fe584601b952049c4877a7bb0e3e59e6e,2026-10-09T17:51:50Z,PASS
1487,2025,Q1,53034,UNRESOLVED,VERIFIED,rpe_fc50e468b3958824580da53a,0000866273-24-000112,2024-11-06T21:17:26Z,SEC_8K_ITEM_2_02,https://www.sec.gov/Archives/edgar/data/866273/000086627324000112/mtrx-20241106.htm,ea2df02df3842e32f0120c1a555daef0122543a2b2fe6133751b5cdc2f3de246,4079753c272e5dc84853dc55898bcf4e07ba92cf02846a9e51cd639bc5149d82,088316e6d81f52e3a76983492c3230cbbb75be67fcdbf0d9aeecfa4fc8a92036,2026-10-09T17:51:50Z,PASS
1487,2025,Q2,53035,UNRESOLVED,VERIFIED,rpe_c634f3114091cfd51f7a2fe4,0000866273-25-000013,2025-02-05T21:40:10Z,SEC_8K_ITEM_2_02,https://www.sec.gov/Archives/edgar/data/866273/000086627325000013/mtrx-20250205.htm,8556999a50b98bf3f29d689c79b3989c2e5c2df182f31c0e535c3359d1f268e6,2b0e4be13c49908692a5bf9fac4efce0d7e4f7d9f067d6406799d7f4ef5980d6,1d9faf37167cd4473ddc53de8858fa3bcdebeeb03813768f549b90dea0c9eec9,2026-10-09T17:51:50Z,PASS
1487,2025,Q3,53036,UNRESOLVED,VERIFIED,rpe_12e0d6ebdedc34d9f66ca64b,0000866273-25-000027,2025-05-07T20:13:36Z,SEC_8K_ITEM_2_02,https://www.sec.gov/Archives/edgar/data/866273/000086627325000027/mtrx-20250507.htm,3f9fe900e0c0d247c85c4b5d76013edcb0238609cc23702bb0195246393009e3,dce836f8d0342cb1db02b467ec7dc12eda18e1b941cd761c17a9a8196613fb13,22b2ef27fbf5baac9cd6905cc26b76113f5a8e0f64cc3c035cf99d935e94332b,2026-10-09T17:51:50Z,PASS
1487,2025,Q4,53037,UNRESOLVED,VERIFIED,rpe_8f0b2547de34f8ae720b0b84,0000866273-25-000066,2025-09-09T20:19:50Z,SEC_8K_ITEM_2_02,https://www.sec.gov/Archives/edgar/data/866273/000086627325000066/mtrx-20250909.htm,2685e2de0b4ee5e293f048d293cd8dbb707c5a06cc0ad000515b33b9a62136d2,99b5fafddcd3f92276789ede605daba82a29fbe9b8576d23b5be2ea8e6cb542f,7859d07a90025fe1903e92d132d889a71436c49803af1c8d9b85df3ce2719790,2026-10-09T17:51:50Z,PASS
1487,2026,Q1,53038,UNRESOLVED,VERIFIED,rpe_2876fdad0a47fdfcf81c8cdd,0000866273-25-000098,2025-11-05T21:53:49Z,SEC_8K_ITEM_2_02,https://www.sec.gov/Archives/edgar/data/866273/000086627325000098/mtrx-20251105.htm,14cd933dddd7cf1235acbe41605bc6f5d3d11bd435439a312a24984efd0c7c96,af5abae469843a56ea9ce0fb8f9964fb480dd946ca1a397e77c5ee440e2975c8,1a9d453381324b896e9c874a68fa31be33364ea9fd944f2e83086cf6f77e6386,2026-10-09T17:51:50Z,PASS
1487,2026,Q2,53039,UNRESOLVED,VERIFIED,rpe_099a797865975353ad05318d,0000866273-26-000012,2026-02-04T21:50:17Z,SEC_8K_ITEM_2_02,https://www.sec.gov/Archives/edgar/data/866273/000086627326000012/mtrx-20260204.htm,79ad6931da9e6aeb6becf7f7bb2dd0726a17da23c9c59b567dd56d2b760059cb,5869e6410a0cc642edf03412de411bfb2e097841f57a0653353631b8499037d5,1ca7774f65a03f0c5d0a75f50859f79e15fc4faad6be8d59a75a80cba6d31bc6,2026-10-09T17:51:50Z,PASS
1602,2025,Q2,57074,UNRESOLVED,VERIFIED,rpe_a85f9b0c0844d5184bdddc90,0001171843-25-003726,2025-06-06T00:17:35Z,SEC_8K_ITEM_2_02,https://www.sec.gov/Archives/edgar/data/1423221/000117184325003726/f8k_060525.htm,c8cf7bb0dd371e31ad07568d337316c49fae13384c58b414ca53e2395c8833ee,52ad9222f53cebb2959a6aa7950b6023748f7640fa4d5f6d134c0391f1b9f066,b691282e7b7e9cf9b68fbab60144f5de2fc39d5880ab374cae035d485d3a80bc,2026-10-09T17:51:50Z,PASS
1602,2025,Q4,57076,UNRESOLVED,VERIFIED,rpe_da276c6c17293b338e2894d4,0001171843-25-007891,2025-12-12T02:17:27Z,SEC_8K_ITEM_2_02,https://www.sec.gov/Archives/edgar/data/1423221/000117184325007891/f8k_121125.htm,89a65aa4a7af464f9c32f0129eaf01565f3af45b992e41ca98bdafc5a7549c84,0acd55b85f6411213b1359d2e496f3324cd3a3158b9c3be0ac6cfb10352eedc4,dd1d8dae88581579e67f60f65fae1cc60a59e3520abaa5a300d8f108f99a545c,2026-10-09T17:51:50Z,PASS
1602,2026,Q1,57077,UNRESOLVED,VERIFIED,rpe_fa80eb44189d9158e261a75c,0001171843-26-001364,2026-03-06T02:17:28Z,SEC_8K_ITEM_2_02,https://www.sec.gov/Archives/edgar/data/1423221/000117184326001364/f8k_030526.htm,420831cab508108887854fe3d374bae0659f9b4f373174e0c11fb9eeada16cc3,c3071337fdbfe7878601c8a69038d04098948768215f3ccd7b8ab3b3f15ff4f6,3d2be3f6a7b3f7354988ead8b31395c29fc5a4890f1671b616954fc628efbb7d,2026-10-09T17:51:50Z,PASS
1772,2025,Q1,63225,UNRESOLVED,VERIFIED,rpe_0db916e21ef47e33b7e88dbe,0000802481-25-000059,2025-04-30T22:52:27Z,SEC_8K_ITEM_2_02,https://www.sec.gov/Archives/edgar/data/802481/000080248125000059/ppc-20250430.htm,ff25ac9b2e86dcc852d18f5044107c751a3e5e20ff78ced549c69056a714a93c,7a59e1030988f2adf8d451f3c3800b6259dd70a24df3dc5016987ecc6918b5bb,c0c2e901ccf0dc6c814e788a30bd3c366e40354d69e968f9efc2ab7070c51a84,2026-10-09T17:51:50Z,PASS
1772,2025,Q2,63226,UNRESOLVED,VERIFIED,rpe_741e5dce987e43e236a8e271,0000802481-25-000108,2025-07-30T22:27:49Z,SEC_8K_ITEM_2_02,https://www.sec.gov/Archives/edgar/data/802481/000080248125000108/ppc-20250730.htm,53537090c0ced0c6b13a2ec413b2900534acdda8553cb51b863fd735bd69bf74,f3acc0c97699ca4bfff13e0e2499d3e9c05a29f933e52ab187391819f4ab6eaa,dce1538dd3557c60d8d44ab77f016ff1d60bfacf10a78f9580aa5303e8141c94,2026-10-09T17:51:50Z,PASS
1826,2025,Q1,65076,UNRESOLVED,VERIFIED,rpe_e8855e442b9530f6acbe28bf,0000804328-25-000010,2025-02-05T21:04:42Z,SEC_8K_ITEM_2_02,https://www.sec.gov/Archives/edgar/data/804328/000080432825000010/qcom-20250205.htm,81825f43a1230710af388c6405a87d206a604d2fb65dfc0b9b64a7a84066e77e,1e08f6f2be15827d0f9747274a436660f1a931a8c69666993148d2cef4e6b76d,22466343b4344e9c56a88a5a35773895fa9614c9135d79a6d43ed97fb482167f,2026-10-09T17:51:50Z,PASS
1826,2025,Q2,65077,UNRESOLVED,VERIFIED,rpe_657d427f9235cb06b9bc54de,0000804328-25-000029,2025-04-30T20:04:10Z,SEC_8K_ITEM_2_02,https://www.sec.gov/Archives/edgar/data/804328/000080432825000029/qcom-20250430.htm,2b30be8da62a9e38c17404704d2cd8f2c7fc8092e334ae0d5a3dabcd12c557a2,047012c4150a676794909cf78108068ea698a3d67b328367672d84f5cfa4bcba,dddcfa4a316b0ba94daa00024267d594b29fc3b4e2837750eb9651781758b657,2026-10-09T17:51:50Z,PASS
1826,2026,Q1,65080,UNRESOLVED,VERIFIED,rpe_eaa5e14eb8735a62cd244a52,0000804328-26-000016,2026-02-04T21:00:59Z,SEC_8K_ITEM_2_02,https://www.sec.gov/Archives/edgar/data/804328/000080432826000016/qcom-20260204.htm,c28098943f80c0d2b25311989ddc77dce286c6e7edf87e6a9593e313e7a86a23,52f8c2523a2e5a1bdfaa7f1c3bf4a4f9e095ef1acfe18fc92bde35fa6df2f349,2eeebdb5042cd1fa31181ad289531bc8a17d4491dca267176d741f00988c4346,2026-10-09T17:51:50Z,PASS
1826,2026,Q2,65081,UNRESOLVED,VERIFIED,rpe_b77beb36fa4a11f064738637,0000804328-26-000060,2026-04-29T20:02:20Z,SEC_8K_ITEM_2_02,https://www.sec.gov/Archives/edgar/data/804328/000080432826000060/qcom-20260429.htm,ad53e7c65501f9f370334c63089d480219622cf65c8f189a25cdb46b4ed193fe,f6b6e981fd1b15208dafd4bebc2ed9c699c23a98e113b4d58a8d8354c3fa329b,aca90a5f43e499735349317e7a866d0036fcfebd29d43d55e6b7b93224c8c8c3,2026-10-09T17:51:50Z,PASS
1826,2026,Q3,65082,UNRESOLVED,VERIFIED,rpe_f9171be833b46be316313038,0000804328-26-000085,2026-07-29T20:01:35Z,SEC_8K_ITEM_2_02,https://www.sec.gov/Archives/edgar/data/804328/000080432826000085/qcom-20260729.htm,dcc88f3b6a93eb040e3c11524b0e7bd2925e074f866b08b259ec00064d770513,c50fd00bfe810f5e82dd8a99619cf1048d8d52229627f97cb73173d010129035,45948d256ca50af25375d50eed8d3673d92d6d6d8f0f6b2c8bd81b970b273310,2026-10-09T17:51:50Z,PASS
1861,2026,Q2,66352,NOT_FOUND,VERIFIED,rpe_f3f5bf4fe144568c58ca1182,0001819810-26-000121,2026-08-06T00:28:41Z,SEC_8K_ITEM_2_02,https://www.sec.gov/Archives/edgar/data/1819810/000181981026000121/rdw-20260805.htm,35872cc5291048440775cd376018c71fb6810738bca067622c901dc19b10187e,38bae6fa05631cbf21216bc940c21f68263828b0b83e14cdad1d8e44ff86e1e1,18f1415d4db088d6d9577c2f45ea5746da26e5197250716ea82b7353e96765fd,2026-10-09T17:51:50Z,PASS
1923,2025,Q1,68561,UNRESOLVED,VERIFIED,rpe_25e6056884834675c8c87a10,0001193125-25-109965,2025-05-01T20:10:06Z,SEC_8K_ITEM_2_02,https://www.sec.gov/Archives/edgar/data/1653653/000119312525109965/d935648d8k.htm,cb1c47566ad7e90eaf9f9df2d46ff149b287fd9747f4e3481513ae51536d9512,563603d1873535ef7eca8676303d6cb980355e7ff97645f7bc0e4a8438f118de,6bcc0eb25fffda6f78aec9f6a23471f304ff0adf8bc881509a53711e31845e44,2026-10-09T17:51:50Z,PASS
1923,2025,Q2,68562,UNRESOLVED,VERIFIED,rpe_8b8598d6755efd7a140c0e01,0001193125-25-167977,2025-07-29T20:01:29Z,SEC_8K_ITEM_2_02,https://www.sec.gov/Archives/edgar/data/1653653/000119312525167977/d927857d8k.htm,a01dc7555a81c1dd00588f02af4ae3bdb08755bb227c819954ac032aec151123,d75bdece58e5c3f0951e2a1ceeaf8a466e3b51dc31f64f02c67935efb74e12be,97d370dd77569b011f8ba45e7b1fdd6ab7700fc16d1f1a3d753b10a4cc981eee,2026-10-09T17:51:50Z,PASS
1923,2025,Q3,68563,UNRESOLVED,VERIFIED,rpe_c3e707d152c4d4f857b049f0,0001193125-25-253457,2025-10-28T20:01:12Z,SEC_8K_ITEM_2_02,https://www.sec.gov/Archives/edgar/data/1653653/000119312525253457/d31085d8k.htm,bc5235e41f92fbf2022afa29e3d1ce0b8c929b9d02bf47ebf714e460b74f5b21,90cb950298dff4f557f5f0f92aa4358914c0255ecf2825fb84631b6a75b8814c,d126027c8ebe26170b1b58b1c0d775fb811907fc1eafcff5b7bc17af59d3bde5,2026-10-09T17:51:50Z,PASS
1923,2025,Q4,68564,UNRESOLVED,VERIFIED,rpe_645ca9459b93607bbcf37311,0001193125-26-044612,2026-02-10T21:01:18Z,SEC_8K_ITEM_2_02,https://www.sec.gov/Archives/edgar/data/1653653/000119312526044612/d72367d8k.htm,763012d17fd52009b909ec4fe119cd35d2ea368941b2c535819b111a8b8336b5,fc5f166467604e891a5f28d4cb89bb5bd000684767853ddd240cc73a917222d2,b1fa6787fef058f6d877d5e1b1f6dcb18acc996c036626e274a5caec43181208,2026-10-09T17:51:50Z,PASS
2050,2025,Q1,72833,UNRESOLVED,VERIFIED,rpe_121d229e4f6bf1887a3a1fa7,0001964738-25-000049,2025-05-08T20:13:51Z,SEC_8K_ITEM_2_02,https://www.sec.gov/Archives/edgar/data/1964738/000196473825000049/solv-20250508.htm,1a6c436a9a52d38434ed4e37457fcf82629963e362523f5ba0c928786f845150,d1c142581b07f83d6ac5e98205e5b037e1052e9befc4d9a091f0eba163bb4ea3,de75dc7dfa1a83c50180c75c2c8d4eeefc12bbf27fb1028ecd754dfb7239221a,2026-10-09T17:51:50Z,PASS
2050,2025,Q2,72834,UNRESOLVED,VERIFIED,rpe_c4e1a7cb00b834730a4457f8,0001964738-25-000062,2025-08-07T20:12:27Z,SEC_8K_ITEM_2_02,https://www.sec.gov/Archives/edgar/data/1964738/000196473825000062/solv-20250807.htm,0c5366941642f68aeb85c52a9e37cf130027fcec0b02e6e2d90de88e085ae01a,e207e95d8ab6177fa48278c3b47e33e69bd51d61ad4c1883e4966589249a07e6,e2829423ea35d3c5e91310f4eda76390e4fba22814fde28d377fe2c2375f4b4f,2026-10-09T17:51:50Z,PASS
2050,2025,Q3,72835,UNRESOLVED,VERIFIED,rpe_f79ea0738ebf9a44004219d5,0001964738-25-000089,2025-11-06T21:11:32Z,SEC_8K_ITEM_2_02,https://www.sec.gov/Archives/edgar/data/1964738/000196473825000089/solv-20251106.htm,14fef6abbe066943000d831f4796a786c11fbb8f663f9b7745e7e02037ea312f,20ea068ba95fb4dd0e320776b833ba20ac66e4e755ca5f8a4fef13bd72e6fe00,9a6a82dae90cbd4a54a1c1aba4f94eabd415dbaf321d980117ef28df49937ff4,2026-10-09T17:51:50Z,PASS
2050,2025,Q4,72836,UNRESOLVED,VERIFIED,rpe_b456a493f9cf7da99d189a47,0001964738-26-000005,2026-02-26T21:08:05Z,SEC_8K_ITEM_2_02,https://www.sec.gov/Archives/edgar/data/1964738/000196473826000005/solv-20260226.htm,a35545e4c85154274c37a25f6d18fd7727206a2ea178dde1261ac1017dddf58d,885d44ce6bfb0ccde72ff7c4383cf074a55f8efe2a68750a0412ffb09498f84a,329988b95a4cf9dcc4b089f15932ed05286726725ba5af354d01d58add98ec16,2026-10-09T17:51:50Z,PASS
2050,2026,Q1,72837,UNRESOLVED,VERIFIED,rpe_45be330fb484e65d0f67678b,0001964738-26-000022,2026-05-05T20:08:36Z,SEC_8K_ITEM_2_02,https://www.sec.gov/Archives/edgar/data/1964738/000196473826000022/solv-20260505.htm,697a6577fda6f861e2c2210b7b0637c908987496525a7c7e490786bb37b58ce1,4dd89a8d6526ebadda2978957b239a98f4e9117783f84f26b8577731a9258a55,0a2780b1b9ff14ce2c8caf08428a56aa4ecf58ff373c14efd3caafcfdccb4302,2026-10-09T17:51:50Z,PASS
2050,2026,Q2,72838,UNRESOLVED,VERIFIED,rpe_cde0354c713ab86fb72b7999,0001964738-26-000045,2026-08-05T20:17:48Z,SEC_8K_ITEM_2_02,https://www.sec.gov/Archives/edgar/data/1964738/000196473826000045/solv-20260805.htm,a61e05170e0ec17cdf033e2c20b4f639d67bd515d8291dd7dea04bfc6f2c1cc9,e13d4a8a0c9c9ce4c7af973159e6da2440160462cf145cf5ca2182efd9adfb8a,82b2ae6bb2b3e6ff5c22a04f170f57be6abad1386e094805287e93c4db6e5802,2026-10-09T17:51:50Z,PASS
2110,2025,Q2,75010,UNRESOLVED,VERIFIED,rpe_ffb60473b47945f516cd3cb0,0001193125-24-271518,2024-12-05T21:08:32Z,SEC_8K_ITEM_2_02,https://www.sec.gov/Archives/edgar/data/1092796/000119312524271518/d915227d8k.htm,eb6025d152b9ce32e2bc60b59ecb00efd2a8e222a0d50ee02fdae85f70c9d90d,2ef39f1f845e1df738d67d8cb6082ba9f0737d164212eac5b359efbe11bde93f,5da98ee3db9d901a65332937bfe37e5f99d612aabbe2e0c3fda9f09e3f87c0d7,2026-10-09T17:51:50Z,PASS
2110,2025,Q3,75011,UNRESOLVED,VERIFIED,rpe_81e7891a61ca9816a8d70ec8,0001193125-25-048413,2025-03-06T21:05:38Z,SEC_8K_ITEM_2_02,https://www.sec.gov/Archives/edgar/data/1092796/000119312525048413/d894656d8k.htm,fdd05460442c4fcdfacb50691627c10ded2c8db5869525f338268f99a14bbe13,61c675e18c9fc11f28a9cb07ff7c52791d7cb467babd7be47508156c0e6304d1,a193cc76562f7ad489369bb1d65655ce1f0d13b1ccec063e37ea473e0f8a8063,2026-10-09T17:51:50Z,PASS
2110,2025,Q4,75012,UNRESOLVED,VERIFIED,rpe_0e0065e35cec7f633f92fb64,0001193125-25-142704,2025-06-18T20:05:38Z,SEC_8K_ITEM_2_02,https://www.sec.gov/Archives/edgar/data/1092796/000119312525142704/d19177d8k.htm,294050a0a50e281cd470fd9134f79bcbffc2baba519fc34a13232f59bd7f7617,158f6d5aaf396fdf9a382aaf7dae1fe0464524e63502c3607f7254dd2d084329,d4281d80ab1eb9dca524f5d83b6547b526bb77d836cdf2dbbac0e46158f87169,2026-10-09T17:51:50Z,PASS
2110,2026,Q1,75013,UNRESOLVED,VERIFIED,rpe_28d7b7d77ecb6bdc1833cd3d,0001193125-25-196031,2025-09-04T20:06:24Z,SEC_8K_ITEM_2_02,https://www.sec.gov/Archives/edgar/data/1092796/000119312525196031/d24388d8k.htm,fbd30338c4442b83e870f564cff30604648d8a85578894d0dcbfbf251c7b5888,ec90ec7c33fde422e5570357ab9e4db8e6320e5585302634b315142130cbccc6,4e9aa1c65d30ca50797c7acd9cc50f158e4df82ad38ed85790911921300f4938,2026-10-09T17:51:50Z,PASS
2110,2026,Q3,75015,UNRESOLVED,VERIFIED,rpe_1de34e018b315539773ac414,0001193125-26-093923,2026-03-05T21:05:58Z,SEC_8K_ITEM_2_02,https://www.sec.gov/Archives/edgar/data/1092796/000119312526093923/d120095d8k.htm,28e45a4d8d4f5c3e330303f149a2772b5c15f993478af8f1109c6c96f50b233e,ccc51fc95575b8f0423597d7be6dad8fb5e3456676673ece258d1966ba875e76,d8c7a2fa6f1b9ae9357288c3112b60f5caea3d4f2733d0bb75f23728a0441a23,2026-10-09T17:51:50Z,PASS
2131,2025,Q4,75743,NOT_FOUND,VERIFIED,rpe_3cf2c435260e1d8d71dba3d3,0001193125-26-104292,2026-03-12T20:35:25Z,SEC_8K_ITEM_2_02,https://www.sec.gov/Archives/edgar/data/1493761/000119312526104292/tbch-20260312.htm,c5340f2c04e4756eb52e82ad825d85d8e01f1b946f429d9b7d6b4091cc3d5f04,f082979ac1d008b1dd93d5a8ee36217fd90fee473dede9805bc22d7aff0e41e8,f0b52a9eef3d92c88cff9e6473bde4a73b32eab18a9fcf17d096078e1e3a60b9,2026-10-09T17:51:50Z,PASS
2131,2026,Q2,75745,NOT_FOUND,VERIFIED,rpe_82bf18828313eb7c683aa275,0001193125-26-338051,2026-08-06T20:15:24Z,SEC_8K_ITEM_2_02,https://www.sec.gov/Archives/edgar/data/1493761/000119312526338051/tbch-20260806.htm,357289038fa688be45537d68b0f9e8d5b2518d6cf2096cdb89762f590fe0e4c9,7671a9932bb364a1606f373645589c23e733d70497455d3fe6c7b6e4801cdc51,02b6f8ea15f7f0518b9e531a55cff9f2f3d73c3cad24ed5950bf9d3ae79810b9,2026-10-09T17:51:50Z,PASS
2180,2025,Q1,77427,UNRESOLVED,VERIFIED,rpe_47d9f262a73e942d43398885,0000097134-25-000011,2025-04-30T20:46:34Z,SEC_8K_ITEM_2_02,https://www.sec.gov/Archives/edgar/data/97134/000009713425000011/tnc-20250430.htm,d8cf56394d9ebef9f185640ba1742ea10b29b6036e89f5420f2df265fc0a6f0a,70a0a19b3433be0e5205e30bd28df80ac76c003f7477cfb61c6d363ff8fd1fd9,248c8b92730e841b59a31cf8135187f32beaa951be5ba84d2377340f3f12364a,2026-10-09T17:51:50Z,PASS
2180,2025,Q2,77428,UNRESOLVED,VERIFIED,rpe_ea06ff8e9913ac097dc4195f,0000097134-25-000024,2025-08-06T20:39:24Z,SEC_8K_ITEM_2_02,https://www.sec.gov/Archives/edgar/data/97134/000009713425000024/tnc-20250806.htm,2ee9eb55ed36a192e1aae3094a22b6ce7ca13cd0229b89776515e990f60c4a1e,1752c0edec4107fb8c29f8e483ed5df42efc190358cc3977c69f437300e057c4,b570b518740b3fbceecb1bbcea3d80e71fe358a354c6e4d8755259b3eb70e844,2026-10-09T17:51:50Z,PASS
2180,2025,Q3,77429,UNRESOLVED,VERIFIED,rpe_23fe619029daaaf2b2b2edf4,0000097134-25-000034,2025-11-03T21:19:11Z,SEC_8K_ITEM_2_02,https://www.sec.gov/Archives/edgar/data/97134/000009713425000034/tnc-20251103.htm,f02c3dc48a46804f65a4b3995b797a388eeb1b4760b49946aab941f6fa57b292,ba15309679dfc029b780976eaf4c480d0314ff740e556fe4c02ba762e3dff2c2,31fc992c97de2bb8ef12f536148b27a0a21b8187676e86ecac1f2e85c10fc279,2026-10-09T17:51:50Z,PASS
2180,2026,Q1,77431,UNRESOLVED,VERIFIED,rpe_aa09c9f22652a3d2e85fad5d,0000097134-26-000012,2026-05-04T20:57:59Z,SEC_8K_ITEM_2_02,https://www.sec.gov/Archives/edgar/data/97134/000009713426000012/tnc-20260504.htm,094fd1f425ce6e8f468982dee701486d01d3d6d7e5abb5943a3d2305e5cac71a,40d60cadc7ada93b429a242581e28e5ebee23491c2209f41d05406b139b5b1cc,756bdc78b19f3e483a414b9b8e588114bc5dc3eb8c35a964fbbb76026ce801cf,2026-10-09T17:51:50Z,PASS
2180,2026,Q2,77432,UNRESOLVED,VERIFIED,rpe_af8c04011ea304240a03b7c6,0000097134-26-000022,2026-08-05T22:41:48Z,SEC_8K_ITEM_2_02,https://www.sec.gov/Archives/edgar/data/97134/000009713426000022/tnc-20260805.htm,0b01fbc33ff9e5a191f6edfe1d297d79f3d00afcee533ee7dcbb512200ef4e85,9b5bf454322bf6ccff405e74b9e335a613b61afa638681bb1de8155736ee0574,fd60ef4a8597f58b9cf3435f8da8047b195ccb163a24b72d4c1191e4f5c58c62,2026-10-09T17:51:50Z,PASS
2283,2025,Q1,81208,UNRESOLVED,VERIFIED,rpe_7dd2584d68bfaee8e8eea5f0,0001261654-25-000003,2025-02-05T21:10:20Z,SEC_8K_ITEM_2_02,https://www.sec.gov/Archives/edgar/data/1261654/000126165425000003/uti-20250205.htm,9f209fda9d256eeee6fd647f8faaedd238ee30fe395f30a2f960dc179be6ad0c,c2a9684325daaa99be5db1e658bf4ce122c4b77d913acbf902db6876e07f9c5e,9db387d94156bba12dc1dad7219fd99d0bc25c5e38542fee162b79eb8545c102,2026-10-09T17:51:50Z,PASS
2321,2025,Q4,82564,UNRESOLVED,VERIFIED,rpe_4a23e5ed24a8b39ce8731a38,0001437749-26-003697,2026-02-11T11:20:35Z,SEC_8K_ITEM_2_02,https://www.sec.gov/Archives/edgar/data/1487952/000143774926003697/vpg20251030_8k.htm,eefd336e4726a3f9a011e0d59c24900476f8cc5ae3bc75259943f2f777101e47,95e8be6627a1bfb482eea2ad3e799e084360b4d47e6adaa329bc100d302aff92,f2848207edeee4d8b9644765dc2319886815dda8f3cff7b6b86374a34c1b8631,2026-10-09T17:51:50Z,PASS
2400,2026,Q1,85524,UNRESOLVED,VERIFIED,rpe_d08c340282a6a355b51f955c,0000105770-26-000047,2026-04-23T11:11:01Z,SEC_8K_ITEM_2_02,https://www.sec.gov/Archives/edgar/data/105770/000010577026000047/wst-20260423.htm,5974dd4826211244b87840d4860afb526d5b15522d7980e1acc6828c22dbb32c,c1c8df0bf354ec80f202a1dd364639f19e4565cb45abbc082e1a00427e007451,36a761f517347794d1918011b3349c4b54de0cc62190f65f54f9b1be42098fc2,2026-10-09T17:51:50Z,PASS
2400,2026,Q2,85525,UNRESOLVED,VERIFIED,rpe_f7c154db6aa93ae734ccc1d5,0000105770-26-000097,2026-07-23T11:14:59Z,SEC_8K_ITEM_2_02,https://www.sec.gov/Archives/edgar/data/105770/000010577026000097/wst-20260723.htm,44bd2f59b80fb82bbe9b5db109f96b75f6946acbe2ebc9aad2b21f60ceb3102f,2d906af83099c788e4b1fda9a4c6548fb5086b7deba786526a0b9f23f8b36998,17742ca29601bdd91299361ebb631196e273635191983fd8e5aa476c64facd34,2026-10-09T17:51:50Z,PASS
2435,2025,Q1,86806,UNRESOLVED,VERIFIED,rpe_b1a8542fd4d4b3a8de49b16b,0001670592-25-000022,2025-05-08T10:10:15Z,SEC_8K_ITEM_2_02,https://www.sec.gov/Archives/edgar/data/1670592/000167059225000022/yeti-20250508.htm,977427aa45e531fe495f2b34df7e1e0079d00548669b39cc2e98eb0359d08811,1d1f038726b54cac59fff77851d348d9f25bd4b5838034a62024f051564bea97,f714db478c635a25aaa1cbded59cf3861e19b235c19446bcd849212e2732ac3f,2026-10-09T17:51:50Z,PASS
2435,2025,Q2,86807,UNRESOLVED,VERIFIED,rpe_e0263f6d3c641ee0ef4625f9,0001670592-25-000038,2025-08-07T10:04:51Z,SEC_8K_ITEM_2_02,https://www.sec.gov/Archives/edgar/data/1670592/000167059225000038/yeti-20250807.htm,47bfc5db404fef314b7e0cf4f9e1f3a76512f8d443cbb1018715af6f0a47312a,b1e2f1f4435a2369c0c437a7e71dc9603070bff357bade7455a60610a81dac0d,37134924a4e7dfb894517bba0a32a989805b26c892233e1c01917b5991dc1ac7,2026-10-09T17:51:50Z,PASS
2435,2025,Q3,86808,UNRESOLVED,VERIFIED,rpe_206e07d807ece293e234ddc1,0001670592-25-000046,2025-11-06T11:03:29Z,SEC_8K_ITEM_2_02,https://www.sec.gov/Archives/edgar/data/1670592/000167059225000046/yeti-20251106.htm,15fe2722c01aa0cbe6b72fc84bf01ee5eec60327f74462af6eb62af50318ee38,ae95baeffd3b5309b1504e06f37da5c4c183f443e0fe9d23de7b8691fef64121,a6926071fcafbf4461933bdaf0dd41cc1053ae4d9f516d62b6789b212c626d61,2026-10-09T17:51:50Z,PASS
2435,2025,Q4,86809,UNRESOLVED,VERIFIED,rpe_efa87ab1c1a9b173e3466fbc,0001670592-26-000004,2026-02-19T11:08:48Z,SEC_8K_ITEM_2_02,https://www.sec.gov/Archives/edgar/data/1670592/000167059226000004/yeti-20260219.htm,75539e14a5c16b5ba8e867e5c9593937d9f549a8d8c027d14ae8407edfb991c3,1b6d13a31fec4cc0a3fe8240ca10b93e90910c7981dc9bb585092e057d11b605,f437bc7dd6a67a21d5d95032dda7b4df7d4e7e69771e631f528a170f02f3fac4,2026-10-09T17:51:50Z,PASS
