ticker,company_id,fiscal_year,fiscal_quarter,current_status,current_60d_scope,authority_version,source_type,source_rank,security_type_reviewed,is_adr_or_ads,underlying_issuer,sec_cik,identity_result,provider_security_type_conflict,candidate_6k_count,event_result,authority_v1_result,selected_accession,selected_timestamp,timestamp_conflict,acceptance_results,relation_result,review_reason,independent_issuer_candidate,independent_issuer_timestamp,copy_simulation_result,production_ready,decision_fingerprint
MKDW,2525,2026,Q2,NOT_FOUND,INSIDE,FORM_6K_RESULT_PUBLICATION_AUTHORITY_V1,SEC_FORM_6K_RESULT,2,COMMON_SHARES,False,MKDWELL Tech Inc.,0001991332,PROVEN_OFFICIAL_IDENTITY_CHAIN,True,1,FULL_PERIOD_RESULTS,WRONG_PERIOD,,,False,CONSISTENT_PARENT_ACCEPTANCE,NO_REVIEWED_RELATION,WRONG_PERIOD,False,,HELD_UNCHANGED,False,ad82a5dccca78e803817f715b1973a974ee05bad5b268068b2f6faccd800cc57
WDH,2541,2026,Q2,NOT_FOUND,INSIDE,FORM_6K_RESULT_PUBLICATION_AUTHORITY_V1,SEC_FORM_6K_RESULT,2,ADS,True,Waterdrop Inc.,0001823986,PROVEN_OFFICIAL_IDENTITY_CHAIN,False,1,FULL_PERIOD_RESULTS,UNIQUE,0001104659-26-105667,2026-09-08T11:30:46Z,False,CONSISTENT_PARENT_ACCEPTANCE,NO_REVIEWED_RELATION,,False,,VERIFIED_COPY_ONLY,False,ba5fe6e2453fc3d959866e24ef93c749a7a4d516fe163fbfe988fe46ef78aeb2
CAN,2544,2026,Q2,NOT_FOUND,INSIDE,FORM_6K_RESULT_PUBLICATION_AUTHORITY_V1,SEC_FORM_6K_RESULT,2,ADS,True,Canaan Inc.,0001780652,PROVEN_OFFICIAL_IDENTITY_CHAIN,False,1,FULL_PERIOD_RESULTS,UNIQUE,0001104659-26-105660,2026-09-08T11:20:24Z,False,CONSISTENT_PARENT_ACCEPTANCE,NO_REVIEWED_RELATION,,False,,VERIFIED_COPY_ONLY,False,397b4612da968df41c1220ec1f671f93a70d651f943d42b8491a8334c1d633ae
MLGO,1432,2026,Q2,NOT_FOUND,INSIDE,FORM_6K_RESULT_PUBLICATION_AUTHORITY_V1,SEC_FORM_6K_RESULT,2,CLASS_A_ORDINARY_SHARES,False,MicroAlgo Inc.,0001800392,PROVEN_OFFICIAL_IDENTITY_CHAIN,True,1,FULL_PERIOD_RESULTS,WRONG_PERIOD,,,False,CONSISTENT_PARENT_ACCEPTANCE,NO_REVIEWED_RELATION,WRONG_PERIOD,False,,HELD_UNCHANGED,False,0b1c5a7cba1bc9acaeab7f748cfce227a454a99a43d03187290d0a598e0d2bc6
HOLO,1043,2026,Q2,NOT_FOUND,INSIDE,FORM_6K_RESULT_PUBLICATION_AUTHORITY_V1,SEC_FORM_6K_RESULT,2,CLASS_A_ORDINARY_SHARES,False,MicroCloud Hologram Inc.,0001841209,PROVEN_OFFICIAL_IDENTITY_CHAIN,True,1,FULL_PERIOD_RESULTS,WRONG_PERIOD,,,False,CONSISTENT_PARENT_ACCEPTANCE,NO_REVIEWED_RELATION,WRONG_PERIOD,False,,HELD_UNCHANGED,False,ca1f401b42d1a0b965c3490f163e40bc5c89e9ab79b43fa7406367ad2305989a
NEGG,1525,2026,Q2,NOT_FOUND,INSIDE,FORM_6K_RESULT_PUBLICATION_AUTHORITY_V1,SEC_FORM_6K_RESULT,2,COMMON_SHARES,False,"Newegg Commerce, Inc.",0001474627,PROVEN_OFFICIAL_IDENTITY_CHAIN,True,1,FULL_PERIOD_RESULTS,UNIQUE,0001213900-26-094402,2026-08-27T20:30:01Z,False,CONSISTENT_PARENT_ACCEPTANCE,NO_REVIEWED_RELATION,,False,,VERIFIED_COPY_ONLY,False,736ce95cd8b9feed7875be4d4e23eaaa37e877cef12535a66f4be6a3a8599413
SCNI,1965,2026,Q2,NOT_FOUND,INSIDE,FORM_6K_RESULT_PUBLICATION_AUTHORITY_V1,SEC_FORM_6K_RESULT,2,ADS,True,Scinai Immunotherapeutics Ltd.,0001611747,PROVEN_OFFICIAL_IDENTITY_CHAIN,True,1,FULL_PERIOD_RESULTS,WRONG_PERIOD,,,False,CONSISTENT_PARENT_ACCEPTANCE,NO_REVIEWED_RELATION,WRONG_PERIOD,False,,HELD_UNCHANGED,False,eaa288f5450ab0535fcd5e081d83dcb34f9ee80694d10fae46759f0077885e2e
BABA,2465,2027,Q1,NOT_FOUND,INSIDE,FORM_6K_RESULT_PUBLICATION_AUTHORITY_V1,SEC_FORM_6K_RESULT,2,ADS,True,Alibaba Group Holding Ltd,0001577552,PROVEN_OFFICIAL_IDENTITY_CHAIN,False,1,FULL_PERIOD_RESULTS,REVIEW_ACCEPTANCE_TIMESTAMP_CONFLICT,,,True,REVIEW_ACCEPTANCE_TIMESTAMP_CONFLICT,NO_REVIEWED_RELATION,REVIEW_ACCEPTANCE_TIMESTAMP_CONFLICT,False,,HELD_UNCHANGED,False,c08465c52369fd1cc2656ce87497b7fd8d8969bc1e5d6b0fb4e68ddd7b16374d
BHP,2466,2026,Q4,NOT_FOUND,INSIDE,FORM_6K_RESULT_PUBLICATION_AUTHORITY_V1,SEC_FORM_6K_RESULT,2,ADS,True,BHP Group Ltd,0000811809,PROVEN_OFFICIAL_IDENTITY_CHAIN,False,1,FULL_PERIOD_RESULTS,WRONG_PERIOD,,,False,CONSISTENT_PARENT_ACCEPTANCE,NO_REVIEWED_RELATION,WRONG_PERIOD,False,,HELD_UNCHANGED,False,49eafe6f3c013e3b9a08867218718c847cafe51a0c3ab172f8eb86f221d4c841
BIDU,2467,2026,Q2,NOT_FOUND,INSIDE,FORM_6K_RESULT_PUBLICATION_AUTHORITY_V1,SEC_FORM_6K_RESULT,2,ADS,True,"Baidu, Inc.",0001329099,PROVEN_OFFICIAL_IDENTITY_CHAIN,False,1,FULL_PERIOD_RESULTS,REVIEW_ACCEPTANCE_TIMESTAMP_CONFLICT,,,True,REVIEW_ACCEPTANCE_TIMESTAMP_CONFLICT,NO_REVIEWED_RELATION,REVIEW_ACCEPTANCE_TIMESTAMP_CONFLICT,False,,HELD_UNCHANGED,False,b65e7a0a1432bdbe82bac331e0fe826c749c3f25daabc881cc33ff9d6f376456
VNET,2475,2026,Q2,NOT_FOUND,INSIDE,FORM_6K_RESULT_PUBLICATION_AUTHORITY_V1,SEC_FORM_6K_RESULT,2,ADS,True,"VNET Group, Inc.",0001508475,PROVEN_OFFICIAL_IDENTITY_CHAIN,False,1,FULL_PERIOD_RESULTS,UNIQUE,0001104659-26-098054,2026-08-18T10:16:34Z,False,CONSISTENT_PARENT_ACCEPTANCE,NO_REVIEWED_RELATION,,False,,VERIFIED_COPY_ONLY,False,81bad5605f91c37fec0fba3ab99a1535f3eaca925c16fee145e729c37f10dec6
IQMX,2523,2026,Q2,NOT_FOUND,INSIDE,FORM_6K_RESULT_PUBLICATION_AUTHORITY_V1,SEC_FORM_6K_RESULT,2,ADS,True,IQM Quantum Computers Oyj,0002113060,IDENTITY_TEMPORAL_REVIEW,False,1,FULL_PERIOD_RESULTS,IDENTITY_TEMPORAL_REVIEW,,,True,REVIEW_ACCEPTANCE_TIMESTAMP_CONFLICT,NO_REVIEWED_RELATION,IDENTITY_TEMPORAL_REVIEW,True,2026-08-04T05:00:00Z,HELD_UNCHANGED,False,62b1f7b6d64bf3d4f1b5d6c5b893335cc17518b33c384d3a1fbc4a0a4cd96eba
TSEM,2470,2026,Q2,NOT_FOUND,INSIDE,FORM_6K_RESULT_PUBLICATION_AUTHORITY_V1,SEC_FORM_6K_RESULT,2,COMMON_SHARES,False,TOWER SEMICONDUCTOR LTD,0000928876,PROVEN_OFFICIAL_IDENTITY_CHAIN,True,2,FULL_PERIOD_RESULTS;FULL_PERIOD_RESULTS,MULTIPLE_COMPETING_EVENTS,,,False,CONSISTENT_PARENT_ACCEPTANCE;CONSISTENT_PARENT_ACCEPTANCE,NO_REVIEWED_RELATION,NO_PROVEN_SINGLE_RESULT_CHAIN,False,,HELD_UNCHANGED,False,a565e891c88b2df45040876c29b5460cd60bd8d8b8a4c7225aa1edcc352d6dc2
TSM,2471,2026,Q2,NOT_FOUND,INSIDE,FORM_6K_RESULT_PUBLICATION_AUTHORITY_V1,SEC_FORM_6K_RESULT,2,ADS,True,TAIWAN SEMICONDUCTOR MANUFACTURING CO LTD,0001046179,PROVEN_OFFICIAL_IDENTITY_CHAIN,False,2,PRELIMINARY_RESULTS;FULL_PERIOD_RESULTS,MULTIPLE_COMPETING_EVENTS,,,False,CONSISTENT_PARENT_ACCEPTANCE;CONSISTENT_PARENT_ACCEPTANCE,NO_REVIEWED_RELATION,NO_PROVEN_SINGLE_RESULT_CHAIN,False,,HELD_UNCHANGED,False,b50db6d8c201a5491bca7eb6224d0735471b54a3f200ab1d51b25e883732236d
POET,2482,2026,Q2,NOT_FOUND,INSIDE,FORM_6K_RESULT_PUBLICATION_AUTHORITY_V1,SEC_FORM_6K_RESULT,2,COMMON_SHARES,False,POET TECHNOLOGIES INC.,0001437424,PROVEN_OFFICIAL_IDENTITY_CHAIN,False,2,FULL_PERIOD_RESULTS;FULL_PERIOD_RESULTS,MULTIPLE_COMPETING_EVENTS,,,False,CONSISTENT_PARENT_ACCEPTANCE;CONSISTENT_PARENT_ACCEPTANCE,NO_REVIEWED_RELATION,NO_PROVEN_SINGLE_RESULT_CHAIN,False,,HELD_UNCHANGED,False,852c94d57a442fc389bdd877dfd168dfa90c68d9d0fd49b737dcbd17c7b03b40
GDS,2492,2026,Q2,NOT_FOUND,INSIDE,FORM_6K_RESULT_PUBLICATION_AUTHORITY_V1,SEC_FORM_6K_RESULT,2,ADS,True,GDS Holdings Ltd,0001526125,PROVEN_OFFICIAL_IDENTITY_CHAIN,False,2,FULL_PERIOD_RESULTS;FULL_PERIOD_RESULTS,MULTIPLE_COMPETING_EVENTS,,,False,CONSISTENT_PARENT_ACCEPTANCE;CONSISTENT_PARENT_ACCEPTANCE,NO_REVIEWED_RELATION,NO_PROVEN_SINGLE_RESULT_CHAIN,False,,HELD_UNCHANGED,False,ebbb3fdf97ad54a045551de6a8bde39c2cd329a8d580b767b59586f651491dcb
PAAS,2504,2026,Q2,NOT_FOUND,INSIDE,FORM_6K_RESULT_PUBLICATION_AUTHORITY_V1,SEC_FORM_6K_RESULT,2,COMMON_SHARES,False,PAN AMERICAN SILVER CORP,0000771992,PROVEN_OFFICIAL_IDENTITY_CHAIN,False,1,FULL_PERIOD_RESULTS,UNIQUE,0000771992-26-000063,2026-08-12T21:38:01Z,False,CONSISTENT_PARENT_ACCEPTANCE,NO_REVIEWED_RELATION,,False,,VERIFIED_COPY_ONLY,False,116c68b34dc6d7f5bf82b73a294b584737a9069e47c75434ea0a2291f642168e
NBIS,2500,2026,Q2,NOT_FOUND,INSIDE,FORM_6K_RESULT_PUBLICATION_AUTHORITY_V1,SEC_FORM_6K_RESULT,2,CLASS_A_ORDINARY_SHARES,False,Nebius Group N.V.,0001513845,PROVEN_OFFICIAL_IDENTITY_CHAIN,True,2,FULL_PERIOD_RESULTS;FULL_PERIOD_RESULTS,MULTIPLE_COMPETING_EVENTS,,,True,REVIEW_ACCEPTANCE_TIMESTAMP_CONFLICT;REVIEW_ACCEPTANCE_TIMESTAMP_CONFLICT,NO_REVIEWED_RELATION,REVIEW_ACCEPTANCE_TIMESTAMP_CONFLICT,False,,HELD_UNCHANGED,False,b0f8ef4e2fa6a0ac2ef60669322ffd43ea20433961d4d0506b47f025c2f8aa3c
BTDR,2468,2026,Q2,NOT_FOUND,INSIDE,FORM_6K_RESULT_PUBLICATION_AUTHORITY_V1,SEC_FORM_6K_RESULT,2,CLASS_A_ORDINARY_SHARES,False,Bitdeer Technologies Group,0001899123,PROVEN_OFFICIAL_IDENTITY_CHAIN,True,1,FULL_PERIOD_RESULTS,UNIQUE,0001213900-26-086938,2026-08-10T11:08:07Z,False,CONSISTENT_PARENT_ACCEPTANCE,NO_REVIEWED_RELATION,,False,,VERIFIED_COPY_ONLY,False,85428361ab234c06225babd0094a9d734287751e966b4d64107545702d6910fe
CAMT,2469,2026,Q2,NOT_FOUND,INSIDE,FORM_6K_RESULT_PUBLICATION_AUTHORITY_V1,SEC_FORM_6K_RESULT,2,COMMON_SHARES,False,CAMTEK LTD,0001109138,PROVEN_OFFICIAL_IDENTITY_CHAIN,True,1,FULL_PERIOD_RESULTS,UNIQUE,0001178913-26-003975,2026-08-10T11:16:13Z,False,CONSISTENT_PARENT_ACCEPTANCE,NO_REVIEWED_RELATION,,False,,VERIFIED_COPY_ONLY,False,e1216878d89f916c2a65355a578951b02d7bcb82387e858dc406b1b35d2ba455
WPM,2476,2026,Q2,NOT_FOUND,INSIDE,FORM_6K_RESULT_PUBLICATION_AUTHORITY_V1,SEC_FORM_6K_RESULT,2,COMMON_SHARES,False,Wheaton Precious Metals Corp.,0001323404,PROVEN_OFFICIAL_IDENTITY_CHAIN,False,1,FULL_PERIOD_RESULTS,UNIQUE,0001193125-26-338641,2026-08-06T22:47:58Z,False,CONSISTENT_PARENT_ACCEPTANCE,NO_REVIEWED_RELATION,,False,,VERIFIED_COPY_ONLY,False,b34f3f1aa4f8447600bb6bc661ed772b447a7810ff96d9a529983851b4ae0031
NVMI,2502,2026,Q2,NOT_FOUND,OUTSIDE,FORM_6K_RESULT_PUBLICATION_AUTHORITY_V1,SEC_FORM_6K_RESULT,2,COMMON_SHARES,False,NOVA LTD.,0001109345,PROVEN_OFFICIAL_IDENTITY_CHAIN,True,1,FULL_PERIOD_RESULTS,UNIQUE,0001178913-26-003892,2026-08-06T11:30:57Z,False,CONSISTENT_PARENT_ACCEPTANCE,NO_REVIEWED_RELATION,,False,,VERIFIED_COPY_ONLY,False,f61d0fe67c99e29d1e9d9177c9e7f3f93d2c8d0acf048ff7930be675fe8026c7
CLLS,2506,2026,Q2,NOT_FOUND,OUTSIDE,FORM_6K_RESULT_PUBLICATION_AUTHORITY_V1,SEC_FORM_6K_RESULT,2,ADS,True,Cellectis S.A.,0001627281,PROVEN_OFFICIAL_IDENTITY_CHAIN,False,3,FULL_PERIOD_RESULTS;FULL_PERIOD_RESULTS;SUPPLEMENTAL_RESULT_INFORMATION,MULTIPLE_COMPETING_EVENTS,,,False,CONSISTENT_PARENT_ACCEPTANCE;CONSISTENT_PARENT_ACCEPTANCE;CONSISTENT_PARENT_ACCEPTANCE,PROVEN_XBRL_SUPPLEMENT_ONLY,NO_PROVEN_SINGLE_RESULT_CHAIN,False,,HELD_UNCHANGED,False,026e41b9aa830dee0a42a46b25a643872fb228bbe3bf4c9c0f33894a0e61b517
