ticker,company_id,pb1_strict_candidate,pb1_quality_notes,pb3_reason,pb3_secondary_reasons,security_category,active_security_count,membership_status,sharefactor,sharesbas,shareswa,shareswadil,sharesbas_vs_shareswa_pct,provider_price,provider_marketcap,provider_marketcap_reconstructed,provider_marketcap_diff_pct,provider_date,market_close_provider_date,raw_close_provider_date,provider_price_close_diff_pct,raw_price_close_diff_pct,current_price_date,independent_inconsistency_count,exclusion_assessment,notes,provider_reference_reason,parent_equity_usd,source_availability_date
AEMD,63,1,,SHARE_BASIS_UNVERIFIED,AVERAGE_SHARES_GT25,Domestic Common Stock,1,ACTIVE_SINGLE_SECURITY,1.0,711136.0,384705.0,384705.0,84.85228941656592,2.93,2083628.0,2083628.4800000002,2.3036741692017415e-05,2026-08-13,2.930000066757202,2.930000066757202,2.278402799760215e-06,2.278402799760215e-06,2026-10-06,0,LIKELY_OVERFILTERED,Same-row marketcap and provider P/B reconcile; historical raw close also reconciles. Endpoint/average difference or invalid historical OHLC geometry alone does not demonstrate incorrect current ownership shares.,OK,5199329.0,2026-08-13
AIN,84,1,,SHARE_BASIS_UNVERIFIED,PROVIDER_DATE_VALID_OHLC_MISSING,Domestic Common Stock,1,ACTIVE_SINGLE_SECURITY,1.0,28400000.0,28361000.0,28588000.0,0.13751278163676162,62.98,1788632000.0,1788632000.0,0.0,2026-08-04,,62.97999954223633,,7.268397439474938e-07,2026-10-06,0,LIKELY_OVERFILTERED,Same-row marketcap and provider P/B reconcile; historical raw close also reconciles. Endpoint/average difference or invalid historical OHLC geometry alone does not demonstrate incorrect current ownership shares.,OK,745689000.0,2026-08-04
ALG,100,1,,SHARE_BASIS_UNVERIFIED,PROVIDER_DATE_VALID_OHLC_MISSING,Domestic Common Stock,1,ACTIVE_SINGLE_SECURITY,1.0,12170965.0,12068000.0,12122000.0,0.8532068279748062,163.93,1995186292.0,1995186292.45,2.2554291767562518e-08,2026-08-03,,163.92999267578125,,4.4678940769316e-06,2026-10-06,0,LIKELY_OVERFILTERED,Same-row marketcap and provider P/B reconcile; historical raw close also reconciles. Endpoint/average difference or invalid historical OHLC geometry alone does not demonstrate incorrect current ownership shares.,OK,1188110000.0,2026-08-03
AMIX,135,1,,SHARE_BASIS_UNVERIFIED,AVERAGE_SHARES_GT25,Domestic Common Stock,1,ACTIVE_SINGLE_SECURITY,1.0,971043.0,543685.0,543685.0,78.60397104941282,6.86,6661355.0,6661354.98,3.0023921127053654e-07,2026-08-13,6.860000133514404,6.860000133514404,1.9462741196463185e-06,1.9462741196463185e-06,2026-10-06,0,LIKELY_OVERFILTERED,Same-row marketcap and provider P/B reconcile; historical raw close also reconciles. Endpoint/average difference or invalid historical OHLC geometry alone does not demonstrate incorrect current ownership shares.,OK,3162000.0,2026-08-13
APVO,182,1,,SHARE_BASIS_UNVERIFIED,AVERAGE_SHARES_GT25,Domestic Common Stock,1,ACTIVE_SINGLE_SECURITY,1.0,1801970.0,1196364.0,1196364.0,50.62054692384592,2.94,5297792.0,5297791.8,3.7751576531519504e-06,2026-08-14,2.940000057220459,2.940000057220459,1.9462741196463185e-06,1.9462741196463185e-06,2026-10-06,0,LIKELY_OVERFILTERED,Same-row marketcap and provider P/B reconcile; historical raw close also reconciles. Endpoint/average difference or invalid historical OHLC geometry alone does not demonstrate incorrect current ownership shares.,OK,6041000.0,2026-08-14
ATER,220,1,,SHARE_BASIS_UNVERIFIED,AVERAGE_SHARES_GT25,Domestic Common Stock,1,ACTIVE_SINGLE_SECURITY,1.0,17966910.0,9160187.0,9160187.0,96.14130148216407,0.5,8985252.0,8983455.0,0.01999943908084223,2026-08-14,0.5001000165939331,0.5001000165939331,0.020003318786621094,0.020003318786621094,2026-10-06,0,LIKELY_OVERFILTERED,Same-row marketcap and provider P/B reconcile; historical raw close also reconciles. Endpoint/average difference or invalid historical OHLC geometry alone does not demonstrate incorrect current ownership shares.,OK,12615000.0,2026-08-14
AWI,256,1,,SHARE_BASIS_UNVERIFIED,PROVIDER_DATE_VALID_OHLC_MISSING,Domestic Common Stock,1,ACTIVE_SINGLE_SECURITY,1.0,42262826.0,42500000.0,42700000.0,0.5580564705882307,178.65,7550253865.0,7550253864.900001,1.3244516594568267e-09,2026-07-28,,178.64999389648438,,3.4164655104973463e-06,2026-10-06,0,LIKELY_OVERFILTERED,Same-row marketcap and provider P/B reconcile; historical raw close also reconciles. Endpoint/average difference or invalid historical OHLC geometry alone does not demonstrate incorrect current ownership shares.,OK,884300000.0,2026-07-28
BCC,288,1,,SHARE_BASIS_UNVERIFIED,PROVIDER_DATE_VALID_OHLC_MISSING,Domestic Common Stock,1,ACTIVE_SINGLE_SECURITY,1.0,34891351.0,35212000.0,35227000.0,0.9106242190162428,83.03,2897028874.0,2897028873.53,1.6223511423163473e-08,2026-08-03,,83.02999877929688,,1.4701952655293837e-06,2026-10-06,0,LIKELY_OVERFILTERED,Same-row marketcap and provider P/B reconcile; historical raw close also reconciles. Endpoint/average difference or invalid historical OHLC geometry alone does not demonstrate incorrect current ownership shares.,OK,2025665000.0,2026-08-03
BFAM,304,1,,SHARE_BASIS_UNVERIFIED,PROVIDER_DATE_VALID_OHLC_MISSING,Domestic Common Stock,1,ACTIVE_SINGLE_SECURITY,1.0,48635306.0,51538729.0,51757065.0,5.633478078204068,73.97,3597553585.0,3597553584.82,5.003397696157208e-09,2026-08-06,,73.97000122070312,,1.6502678557017703e-06,2026-10-06,0,LIKELY_OVERFILTERED,Same-row marketcap and provider P/B reconcile; historical raw close also reconciles. Endpoint/average difference or invalid historical OHLC geometry alone does not demonstrate incorrect current ownership shares.,OK,943519000.0,2026-08-06
BJDX,321,1,,SHARE_BASIS_UNVERIFIED,AVERAGE_SHARES_GT25,Domestic Common Stock,1,ACTIVE_SINGLE_SECURITY,1.0,4468051.0,2079263.0,2079263.0,114.88628422667068,1.05,4691454.0,4691453.55,9.591909033712653e-06,2026-08-12,1.0499999523162842,1.0499999523162842,4.541306275474e-06,4.541306275474e-06,2026-10-06,0,LIKELY_OVERFILTERED,Same-row marketcap and provider P/B reconcile; historical raw close also reconciles. Endpoint/average difference or invalid historical OHLC geometry alone does not demonstrate incorrect current ownership shares.,OK,9414840.0,2026-08-12
BMRA,343,1,,SHARE_BASIS_UNVERIFIED,AVERAGE_SHARES_GT25,Domestic Common Stock,1,ACTIVE_SINGLE_SECURITY,1.0,4588968.0,3103647.0,3103647.0,47.85727887224287,2.09,9590943.0,9590943.12,1.2511804037274032e-06,2026-08-31,2.0899999141693115,2.0899999141693115,4.106731499309291e-06,4.106731499309291e-06,2026-10-06,0,LIKELY_OVERFILTERED,Same-row marketcap and provider P/B reconcile; historical raw close also reconciles. Endpoint/average difference or invalid historical OHLC geometry alone does not demonstrate incorrect current ownership shares.,OK,2630000.0,2026-08-31
BROS,361,1,,SHARE_BASIS_UNVERIFIED,AVERAGE_SHARES_GT25;PROVIDER_DATE_VALID_OHLC_MISSING,Domestic Common Stock,1,ACTIVE_SINGLE_SECURITY,1.0,174681716.0,134494000.0,134765000.0,29.880675717875892,53.33,9315775914.0,9315775914.279999,3.0056401811862088e-09,2026-08-06,,53.33000183105469,,3.433442130607034e-06,2026-10-06,0,LIKELY_OVERFILTERED,Same-row marketcap and provider P/B reconcile; historical raw close also reconciles. Endpoint/average difference or invalid historical OHLC geometry alone does not demonstrate incorrect current ownership shares.,OK,797652000.0,2026-08-06
BRTX,363,1,,SHARE_BASIS_UNVERIFIED,AVERAGE_SHARES_GT25;PROVIDER_DATE_PRICE_MISMATCH,Domestic Common Stock,1,ACTIVE_SINGLE_SECURITY,1.0,1273908.0,886387.0,886387.0,43.71916555635404,3.778,4812824.0,4812824.424,8.809796492315058e-06,2026-05-14,0.18889999389648438,0.18889999389648438,95.00000016155414,95.00000016155414,2026-10-06,1,JUSTIFIED,"Historical price bases disagree by a near-integer factor; basis uncertainty is demonstrated, corporate-action cause is unproven.",OK,3025642.0,2026-05-14
BSM,367,1,,SHARE_BASIS_UNVERIFIED,PROVIDER_DATE_VALID_OHLC_MISSING,Domestic Common Stock,1,ACTIVE_SINGLE_SECURITY,1.0,227421790.0,212596000.0,212596000.0,6.973691885077793,14.78,3361294056.0,3361294056.2,5.950084869255079e-09,2026-08-04,,14.779999732971191,,1.806690175243375e-06,2026-10-06,0,LIKELY_OVERFILTERED,Same-row marketcap and provider P/B reconcile; historical raw close also reconciles. Endpoint/average difference or invalid historical OHLC geometry alone does not demonstrate incorrect current ownership shares.,OK,812988000.0,2026-08-04
BV,377,1,,SHARE_BASIS_UNVERIFIED,PROVIDER_DATE_VALID_OHLC_MISSING,Domestic Common Stock,1,ACTIVE_SINGLE_SECURITY,1.0,92600000.0,92600000.0,,0.0,13.12,1214912000.0,1214912000.0,0.0,2026-08-04,,13.119999885559082,,8.722630839841372e-07,2026-10-06,0,LIKELY_OVERFILTERED,Same-row marketcap and provider P/B reconcile; historical raw close also reconciles. Endpoint/average difference or invalid historical OHLC geometry alone does not demonstrate incorrect current ownership shares.,OK,1234700000.0,2026-08-04
BYD,384,1,,SHARE_BASIS_UNVERIFIED,PROVIDER_DATE_VALID_OHLC_MISSING,Domestic Common Stock,1,ACTIVE_SINGLE_SECURITY,1.0,72655414.0,74817000.0,74817000.0,2.88916422738148,87.05,6324653789.0,6324653788.7,4.7433501570992576e-09,2026-07-30,,87.05000305175781,,3.5057527991710913e-06,2026-10-06,0,LIKELY_OVERFILTERED,Same-row marketcap and provider P/B reconcile; historical raw close also reconciles. Endpoint/average difference or invalid historical OHLC geometry alone does not demonstrate incorrect current ownership shares.,OK,2500521000.0,2026-07-30
CAPS,401,1,,SHARE_BASIS_UNVERIFIED,AVERAGE_SHARES_GT25,Domestic Common Stock,1,ACTIVE_SINGLE_SECURITY,1.0,20578551.0,12643383.0,12643383.0,62.76143022796985,0.233,4790687.0,4794802.383,0.08590381713520223,2026-08-12,0.23280000686645508,0.23280000686645508,0.08583396289482126,0.08583396289482126,2026-10-06,0,LIKELY_OVERFILTERED,Same-row marketcap and provider P/B reconcile; historical raw close also reconciles. Endpoint/average difference or invalid historical OHLC geometry alone does not demonstrate incorrect current ownership shares.,OK,12420000.0,2026-08-12
CE,436,1,,SHARE_BASIS_UNVERIFIED,PROVIDER_DATE_VALID_OHLC_MISSING,Domestic Common Stock,1,ACTIVE_SINGLE_SECURITY,1.0,109748926.0,109776090.0,110249548.0,0.02474491485350283,43.14,4734568668.0,4734568667.64,7.603639939901541e-09,2026-08-05,,43.13999938964844,,1.4148158644644582e-06,2026-10-06,0,LIKELY_OVERFILTERED,Same-row marketcap and provider P/B reconcile; historical raw close also reconciles. Endpoint/average difference or invalid historical OHLC geometry alone does not demonstrate incorrect current ownership shares.,OK,4167000000.0,2026-08-05
CECO,437,1,,SHARE_BASIS_UNVERIFIED,AVERAGE_SHARES_GT25,Domestic Common Stock,1,ACTIVE_SINGLE_SECURITY,1.0,58569830.0,43310506.0,43310506.0,35.232384493499104,70.38,4122144635.0,4122144635.3999996,9.703682302131256e-09,2026-08-10,70.37999725341797,70.37999725341797,3.90250358694999e-06,3.90250358694999e-06,2026-10-06,0,LIKELY_OVERFILTERED,Same-row marketcap and provider P/B reconcile; historical raw close also reconciles. Endpoint/average difference or invalid historical OHLC geometry alone does not demonstrate incorrect current ownership shares.,OK,2075858000.0,2026-08-10
CMP,499,1,,SHARE_BASIS_UNVERIFIED,PROVIDER_DATE_VALID_OHLC_MISSING,Domestic Common Stock,1,ACTIVE_SINGLE_SECURITY,1.0,41980874.0,42246000.0,42246000.0,0.627576575297073,25.66,1077229227.0,1077229226.84,1.485292999703347e-08,2026-08-06,,25.65999984741211,,5.94652727059497e-07,2026-10-06,0,LIKELY_OVERFILTERED,Same-row marketcap and provider P/B reconcile; historical raw close also reconciles. Endpoint/average difference or invalid historical OHLC geometry alone does not demonstrate incorrect current ownership shares.,OK,263500000.0,2026-08-06
CNH,509,1,,SHARE_BASIS_UNVERIFIED,AVERAGE_SHARES_GT25,Domestic Common Stock,1,ACTIVE_SINGLE_SECURITY,1.0,1608183308.0,1238000000.0,1241000000.0,29.901721163166407,10.8,17368379726.0,17368379726.4,2.3030466422824247e-09,2026-08-03,10.800000190734863,10.800000190734863,1.7660635398542013e-06,1.7660635398542013e-06,2026-10-06,0,LIKELY_OVERFILTERED,Same-row marketcap and provider P/B reconcile; historical raw close also reconciles. Endpoint/average difference or invalid historical OHLC geometry alone does not demonstrate incorrect current ownership shares.,OK,7756000000.0,2026-08-03
CNMD,512,1,,SHARE_BASIS_UNVERIFIED,PROVIDER_DATE_VALID_OHLC_MISSING,Domestic Common Stock,1,ACTIVE_SINGLE_SECURITY,1.0,29951248.0,30069000.0,30117000.0,0.3916059729289323,43.21,1294193426.0,1294193426.08,6.1814553475869616e-09,2026-07-29,,43.209999084472656,,2.1187858023630213e-06,2026-10-06,0,LIKELY_OVERFILTERED,Same-row marketcap and provider P/B reconcile; historical raw close also reconciles. Endpoint/average difference or invalid historical OHLC geometry alone does not demonstrate incorrect current ownership shares.,OK,1041390000.0,2026-07-29
COOK,533,1,,SHARE_BASIS_UNVERIFIED,PROVIDER_DATE_VALID_OHLC_MISSING,Domestic Common Stock,1,ACTIVE_SINGLE_SECURITY,1.0,2798224.0,2748334.0,2748334.0,1.8152815487491702,59.43,166298452.0,166298452.32,1.924251202822802e-07,2026-08-06,,59.43000030517578,,5.135045944015815e-07,2026-10-06,0,LIKELY_OVERFILTERED,Same-row marketcap and provider P/B reconcile; historical raw close also reconciles. Endpoint/average difference or invalid historical OHLC geometry alone does not demonstrate incorrect current ownership shares.,OK,167289000.0,2026-08-06
COP,534,1,,SHARE_BASIS_UNVERIFIED,PROVIDER_DATE_VALID_OHLC_MISSING,Domestic Common Stock,1,ACTIVE_SINGLE_SECURITY,1.0,1201337479.0,1213453000.0,1214255000.0,0.9984334786761417,116.76,140268164048.0,140268164048.04,2.8532731732866523e-11,2026-08-06,,116.76000213623047,,1.829591012025844e-06,2026-10-06,0,LIKELY_OVERFILTERED,Same-row marketcap and provider P/B reconcile; historical raw close also reconciles. Endpoint/average difference or invalid historical OHLC geometry alone does not demonstrate incorrect current ownership shares.,OK,65349000000.0,2026-08-06
COSM,538,1,,SHARE_BASIS_UNVERIFIED,AVERAGE_SHARES_GT25,Domestic Common Stock,1,ACTIVE_SINGLE_SECURITY,1.0,100633773.0,59923199.0,59923199.0,67.93791833443339,0.207,20790938.0,20831191.011,0.19360844133151645,2026-08-18,0.20659999549388885,0.20659999549388885,0.19323889184112986,0.19323889184112986,2026-10-06,0,LIKELY_OVERFILTERED,Same-row marketcap and provider P/B reconcile; historical raw close also reconciles. Endpoint/average difference or invalid historical OHLC geometry alone does not demonstrate incorrect current ownership shares.,OK,20674483.0,2026-08-18
CR,553,1,,SHARE_BASIS_UNVERIFIED,PROVIDER_DATE_VALID_OHLC_MISSING,Domestic Common Stock,1,ACTIVE_SINGLE_SECURITY,1.0,57800356.0,57700000.0,58700000.0,0.17392720970537123,213.46,12338063992.0,12338063991.76,1.9451995569852443e-09,2026-07-31,,213.4600067138672,,3.145257743142338e-06,2026-10-06,0,LIKELY_OVERFILTERED,Same-row marketcap and provider P/B reconcile; historical raw close also reconciles. Endpoint/average difference or invalid historical OHLC geometry alone does not demonstrate incorrect current ownership shares.,OK,2177600000.0,2026-07-31
CRL,564,1,,SHARE_BASIS_UNVERIFIED,PROVIDER_DATE_VALID_OHLC_MISSING,Domestic Common Stock,1,ACTIVE_SINGLE_SECURITY,1.0,47738872.0,48021000.0,48021000.0,0.5875096312030204,260.72,12446478708.0,12446478707.840002,1.2854828312924838e-09,2026-08-05,,260.7200012207031,,4.6820463062147155e-07,2026-10-06,0,LIKELY_OVERFILTERED,Same-row marketcap and provider P/B reconcile; historical raw close also reconciles. Endpoint/average difference or invalid historical OHLC geometry alone does not demonstrate incorrect current ownership shares.,OK,2839636000.0,2026-08-05
CRM,565,1,,SHARE_BASIS_UNVERIFIED,PROVIDER_DATE_VALID_OHLC_MISSING,Domestic Common Stock,1,ACTIVE_SINGLE_SECURITY,1.0,823000000.0,820000000.0,821000000.0,0.3658536585365857,252.05,207437150000.0,207437150000.0,0.0,2026-08-27,,252.0500030517578,,1.2107747693335114e-06,2026-10-06,0,LIKELY_OVERFILTERED,Same-row marketcap and provider P/B reconcile; historical raw close also reconciles. Endpoint/average difference or invalid historical OHLC geometry alone does not demonstrate incorrect current ownership shares.,OK,38378000000.0,2026-08-27
CRVO,577,1,,SHARE_BASIS_UNVERIFIED,AVERAGE_SHARES_GT25,Domestic Common Stock,1,ACTIVE_SINGLE_SECURITY,1.0,15119096.0,10244516.0,10244516.0,47.5823357589563,2.87,43391806.0,43391805.52,1.1061996318950662e-06,2026-08-07,2.869999885559082,2.869999885559082,3.987488439438636e-06,3.987488439438636e-06,2026-10-06,0,LIKELY_OVERFILTERED,Same-row marketcap and provider P/B reconcile; historical raw close also reconciles. Endpoint/average difference or invalid historical OHLC geometry alone does not demonstrate incorrect current ownership shares.,OK,22960297.0,2026-08-07
CVNA,612,1,,SHARE_BASIS_UNVERIFIED,AVERAGE_SHARES_GT25,Domestic Common Stock,1,ACTIVE_SINGLE_SECURITY,1.0,1100463770.0,717691000.0,739960000.0,53.33392365237965,66.32,72982757226.0,72982757226.4,5.480726983364548e-10,2026-07-29,66.31999969482422,66.31999969482422,4.601564795869706e-07,4.601564795869706e-07,2026-10-06,0,LIKELY_OVERFILTERED,Same-row marketcap and provider P/B reconcile; historical raw close also reconciles. Endpoint/average difference or invalid historical OHLC geometry alone does not demonstrate incorrect current ownership shares.,OK,4028000000.0,2026-07-29
DK,678,1,,SHARE_BASIS_UNVERIFIED,PROVIDER_DATE_VALID_OHLC_MISSING,Domestic Common Stock,1,ACTIVE_SINGLE_SECURITY,1.0,61232174.0,61315020.0,62486336.0,0.1351153436792485,59.75,3658622396.0,3658622396.5,1.3666356935004842e-08,2026-08-05,,59.75,,0.0,2026-10-06,0,LIKELY_OVERFILTERED,Same-row marketcap and provider P/B reconcile; historical raw close also reconciles. Endpoint/average difference or invalid historical OHLC geometry alone does not demonstrate incorrect current ownership shares.,OK,186500000.0,2026-08-05
DSP,711,1,,SHARE_BASIS_UNVERIFIED,AVERAGE_SHARES_GT25,Domestic Common Stock,1,ACTIVE_SINGLE_SECURITY,1.0,66474838.0,19695000.0,65193000.0,237.52139121604466,14.09,936630467.0,936630467.42,4.484159710216318e-08,2026-08-10,14.09000015258789,14.09000015258789,1.0829516838839481e-06,1.0829516838839481e-06,2026-10-06,0,LIKELY_OVERFILTERED,Same-row marketcap and provider P/B reconcile; historical raw close also reconciles. Endpoint/average difference or invalid historical OHLC geometry alone does not demonstrate incorrect current ownership shares.,OK,113449000.0,2026-08-10
EDIT,740,1,,SHARE_BASIS_UNVERIFIED,AVERAGE_SHARES_GT25,Domestic Common Stock,1,ACTIVE_SINGLE_SECURITY,1.0,153580035.0,119294615.0,119294615.0,28.740123768369585,2.75,422345096.0,422345096.25,5.919329471026913e-08,2026-08-05,2.75,2.75,0.0,0.0,2026-10-06,0,LIKELY_OVERFILTERED,Same-row marketcap and provider P/B reconcile; historical raw close also reconciles. Endpoint/average difference or invalid historical OHLC geometry alone does not demonstrate incorrect current ownership shares.,OK,105281000.0,2026-08-05
EE,742,1,,SHARE_BASIS_UNVERIFIED,AVERAGE_SHARES_GT25,Domestic Common Stock,1,ACTIVE_SINGLE_SECURITY,1.0,113402105.0,31733765.0,32362952.0,257.354713504685,37.86,4293403695.0,4293403695.2999997,6.987455059004333e-09,2026-08-06,37.86000061035156,37.86000061035156,1.6121277424119285e-06,1.6121277424119285e-06,2026-10-06,0,LIKELY_OVERFILTERED,Same-row marketcap and provider P/B reconcile; historical raw close also reconciles. Endpoint/average difference or invalid historical OHLC geometry alone does not demonstrate incorrect current ownership shares.,OK,686812000.0,2026-08-06
EGP,747,1,,SHARE_BASIS_UNVERIFIED,PROVIDER_DATE_VALID_OHLC_MISSING,Domestic Common Stock,1,ACTIVE_SINGLE_SECURITY,1.0,53773317.0,53672000.0,53783000.0,0.18877068117453266,216.33,11632781667.0,11632781666.61,3.3525848763815702e-09,2026-07-22,,216.3300018310547,,8.464173584243895e-07,2026-10-06,0,LIKELY_OVERFILTERED,Same-row marketcap and provider P/B reconcile; historical raw close also reconciles. Endpoint/average difference or invalid historical OHLC geometry alone does not demonstrate incorrect current ownership shares.,OK,3574995000.0,2026-07-22
EL,751,1,,SHARE_BASIS_UNVERIFIED,PROVIDER_DATE_VALID_OHLC_MISSING,Domestic Common Stock,1,ACTIVE_SINGLE_SECURITY,1.0,361798567.0,363200000.0,365700000.0,0.3858571035242342,98.01,35459877552.0,35459877551.67,9.306333481617912e-10,2026-08-19,,98.01000213623047,,2.1796045857058743e-06,2026-10-06,0,LIKELY_OVERFILTERED,Same-row marketcap and provider P/B reconcile; historical raw close also reconciles. Endpoint/average difference or invalid historical OHLC geometry alone does not demonstrate incorrect current ownership shares.,OK,3806000000.0,2026-08-19
ELAB,752,1,,SHARE_BASIS_UNVERIFIED,AVERAGE_SHARES_GT25,Domestic Common Stock,1,ACTIVE_SINGLE_SECURITY,1.0,809579.0,487650.0,487650.0,66.01640520865375,9.1,7367169.0,7367168.899999999,1.3573735135885556e-06,2026-08-14,9.100000381469727,9.100000381469727,4.191975011558213e-06,4.191975011558213e-06,2026-10-06,0,LIKELY_OVERFILTERED,Same-row marketcap and provider P/B reconcile; historical raw close also reconciles. Endpoint/average difference or invalid historical OHLC geometry alone does not demonstrate incorrect current ownership shares.,OK,16736899.0,2026-08-14
ELDN,754,1,,SHARE_BASIS_UNVERIFIED,AVERAGE_SHARES_GT25,Domestic Common Stock,1,ACTIVE_SINGLE_SECURITY,1.0,81261152.0,113631565.0,113631565.0,28.48716639606257,3.7,300666262.0,300666262.40000004,1.3303789181406955e-07,2026-08-13,3.700000047683716,3.700000047683716,1.28874906302201e-06,1.28874906302201e-06,2026-10-06,0,LIKELY_OVERFILTERED,Same-row marketcap and provider P/B reconcile; historical raw close also reconciles. Endpoint/average difference or invalid historical OHLC geometry alone does not demonstrate incorrect current ownership shares.,OK,33013000.0,2026-08-13
EPAC,778,1,,SHARE_BASIS_UNVERIFIED,PROVIDER_DATE_VALID_OHLC_MISSING,Domestic Common Stock,1,ACTIVE_SINGLE_SECURITY,1.0,51137646.0,51316000.0,51568000.0,0.34756021513757673,33.78,1727429682.0,1727429681.88,6.946732078461082e-09,2026-07-09,,33.779998779296875,,3.613685983783199e-06,2026-10-06,0,LIKELY_OVERFILTERED,Same-row marketcap and provider P/B reconcile; historical raw close also reconciles. Endpoint/average difference or invalid historical OHLC geometry alone does not demonstrate incorrect current ownership shares.,OK,424028000.0,2026-07-09
EQ,785,1,,SHARE_BASIS_UNVERIFIED,AVERAGE_SHARES_GT25,Domestic Common Stock,1,ACTIVE_SINGLE_SECURITY,1.0,63408082.0,111805635.0,111805635.0,43.287221614545636,2.01,127450245.0,127450244.82,1.4123159308709887e-07,2026-08-13,2.009999990463257,2.009999990463257,4.7446482298596493e-07,4.7446482298596493e-07,2026-10-06,0,LIKELY_OVERFILTERED,Same-row marketcap and provider P/B reconcile; historical raw close also reconciles. Endpoint/average difference or invalid historical OHLC geometry alone does not demonstrate incorrect current ownership shares.,OK,56016000.0,2026-08-13
ESAB,793,1,,SHARE_BASIS_UNVERIFIED,PROVIDER_DATE_VALID_OHLC_MISSING,Domestic Common Stock,1,ACTIVE_SINGLE_SECURITY,1.0,62167810.0,62167810.0,,0.0,94.51,5875479723.0,5875479723.1,1.7019941012108575e-09,2026-08-06,,94.51000213623047,,2.2603221516703798e-06,2026-10-06,0,LIKELY_OVERFILTERED,Same-row marketcap and provider P/B reconcile; historical raw close also reconciles. Endpoint/average difference or invalid historical OHLC geometry alone does not demonstrate incorrect current ownership shares.,OK,2538681000.0,2026-08-06
ESI,795,1,,SHARE_BASIS_UNVERIFIED,PROVIDER_DATE_VALID_OHLC_MISSING,Domestic Common Stock,1,ACTIVE_SINGLE_SECURITY,1.0,243690914.0,243600000.0,243900000.0,0.03732101806239729,36.5,8894718361.0,8894718361.0,0.0,2026-07-28,,36.5,,0.0,2026-10-06,0,LIKELY_OVERFILTERED,Same-row marketcap and provider P/B reconcile; historical raw close also reconciles. Endpoint/average difference or invalid historical OHLC geometry alone does not demonstrate incorrect current ownership shares.,OK,2812700000.0,2026-07-28
ETN,803,1,,SHARE_BASIS_UNVERIFIED,PROVIDER_DATE_VALID_OHLC_MISSING,Domestic Common Stock,1,ACTIVE_SINGLE_SECURITY,1.0,388400000.0,388500000.0,389500000.0,0.02574002574002865,415.2,161263680000.0,161263680000.0,0.0,2026-07-31,,415.20001220703125,,2.9400364365272935e-06,2026-10-06,0,LIKELY_OVERFILTERED,Same-row marketcap and provider P/B reconcile; historical raw close also reconciles. Endpoint/average difference or invalid historical OHLC geometry alone does not demonstrate incorrect current ownership shares.,OK,20254000000.0,2026-07-31
FLNC,869,1,,SHARE_BASIS_UNVERIFIED,AVERAGE_SHARES_GT25,Domestic Common Stock,1,ACTIVE_SINGLE_SECURITY,1.0,184596369.0,138129139.0,138129139.0,33.64042542826535,14.23,2626806331.0,2626806330.87,4.948974563490083e-09,2026-08-05,14.229999542236328,14.229999542236328,3.216891586443893e-06,3.216891586443893e-06,2026-10-06,0,LIKELY_OVERFILTERED,Same-row marketcap and provider P/B reconcile; historical raw close also reconciles. Endpoint/average difference or invalid historical OHLC geometry alone does not demonstrate incorrect current ownership shares.,OK,373210000.0,2026-08-05
FRGT,892,1,,SHARE_BASIS_UNVERIFIED,AVERAGE_SHARES_GT25,Domestic Common Stock,1,ACTIVE_SINGLE_SECURITY,1.0,332125.0,113266.0,113266.0,193.22568113997139,3.05,1013147.0,1012981.2499999999,0.016359916181962753,2026-05-14,3.049999952316284,3.049999952316284,1.5634005090525704e-06,1.5634005090525704e-06,2026-10-06,0,LIKELY_OVERFILTERED,Same-row marketcap and provider P/B reconcile; historical raw close also reconciles. Endpoint/average difference or invalid historical OHLC geometry alone does not demonstrate incorrect current ownership shares.,OK,5326535.0,2026-05-14
FTFT,902,1,,SHARE_BASIS_UNVERIFIED,AVERAGE_SHARES_GT25;PROVIDER_DATE_VALID_OHLC_MISSING,Domestic Common Stock,1,ACTIVE_SINGLE_SECURITY,1.0,8061611.0,382016.0,382016.0,2010.2809829954765,3.32,26764549.0,26764548.52,1.7934171037126134e-06,2026-08-14,,,,,2026-10-06,0,NEEDS_MORE_EVIDENCE,Previously identified extreme endpoint/average discontinuity; stored row arithmetic does not establish the corporate-action/current ownership basis. Quarantine pending explicit evidence; threshold alone is not proof.,OK,44427616.0,2026-08-14
FUBO,908,1,,SHARE_BASIS_UNVERIFIED,AVERAGE_SHARES_GT25,Domestic Common Stock,1,ACTIVE_SINGLE_SECURITY,1.0,109196795.0,32758090.0,32758090.0,233.34298489319738,10.66,1164037835.0,1164037834.7,2.5772350920050258e-08,2026-08-05,10.65999984741211,10.65999984741211,1.4314061047571158e-06,1.4314061047571158e-06,2026-10-06,0,LIKELY_OVERFILTERED,Same-row marketcap and provider P/B reconcile; historical raw close also reconciles. Endpoint/average difference or invalid historical OHLC geometry alone does not demonstrate incorrect current ownership shares.,OK,813353000.0,2026-08-05
GFF,942,1,,SHARE_BASIS_UNVERIFIED,PROVIDER_DATE_VALID_OHLC_MISSING,Domestic Common Stock,1,ACTIVE_SINGLE_SECURITY,1.0,45294716.0,43970000.0,45148000.0,3.0127723447805232,102.81,4656749752.0,4656749751.96,8.589684519222374e-10,2026-08-05,,102.80999755859375,,2.3746778099464905e-06,2026-10-06,0,LIKELY_OVERFILTERED,Same-row marketcap and provider P/B reconcile; historical raw close also reconciles. Endpoint/average difference or invalid historical OHLC geometry alone does not demonstrate incorrect current ownership shares.,OK,129156000.0,2026-08-05
GGG,943,1,,SHARE_BASIS_UNVERIFIED,PROVIDER_DATE_VALID_OHLC_MISSING,Domestic Common Stock,1,ACTIVE_SINGLE_SECURITY,1.0,161953824.0,161953824.0,,0.0,73.88,11965148517.0,11965148517.119999,1.002908867064889e-09,2026-07-22,,73.87999725341797,,3.7176259182203353e-06,2026-10-06,0,LIKELY_OVERFILTERED,Same-row marketcap and provider P/B reconcile; historical raw close also reconciles. Endpoint/average difference or invalid historical OHLC geometry alone does not demonstrate incorrect current ownership shares.,OK,2522688000.0,2026-07-22
GNLN,961,1,,SHARE_BASIS_UNVERIFIED,AVERAGE_SHARES_GT25,Domestic Common Stock,1,ACTIVE_SINGLE_SECURITY,1.0,694544.0,4097688.0,4097688.0,83.05034448693995,1.93,1340470.0,1340469.92,5.968055982741305e-06,2026-08-14,1.9299999475479126,1.9299999475479126,2.717724734146998e-06,2.717724734146998e-06,2026-10-06,0,LIKELY_OVERFILTERED,Same-row marketcap and provider P/B reconcile; historical raw close also reconciles. Endpoint/average difference or invalid historical OHLC geometry alone does not demonstrate incorrect current ownership shares.,OK,25483000.0,2026-08-14
HCTI,1017,1,,SHARE_BASIS_UNVERIFIED,AVERAGE_SHARES_GT25,Domestic Common Stock,1,ACTIVE_SINGLE_SECURITY,1.0,14974322.0,2805546.0,2805546.0,433.74002778781744,1.73,25905577.0,25905577.06,2.3161035311858313e-07,2026-08-13,1.7300000190734863,1.7300000190734863,1.10251365814662e-06,1.10251365814662e-06,2026-10-06,0,LIKELY_OVERFILTERED,Same-row marketcap and provider P/B reconcile; historical raw close also reconciles. Endpoint/average difference or invalid historical OHLC geometry alone does not demonstrate incorrect current ownership shares.,OK,49188000.0,2026-08-13
HCWB,1018,1,,SHARE_BASIS_UNVERIFIED,AVERAGE_SHARES_GT25,Domestic Common Stock,1,ACTIVE_SINGLE_SECURITY,1.0,1836324.0,1327966.0,1327966.0,38.2809499640804,2.68,4921348.0,4921348.32,6.502283533826869e-06,2026-08-14,2.680000066757202,2.680000066757202,2.490940365085237e-06,2.490940365085237e-06,2026-10-06,0,LIKELY_OVERFILTERED,Same-row marketcap and provider P/B reconcile; historical raw close also reconciles. Endpoint/average difference or invalid historical OHLC geometry alone does not demonstrate incorrect current ownership shares.,OK,7427614.0,2026-08-14
HGV,1025,1,,SHARE_BASIS_UNVERIFIED,PROVIDER_DATE_VALID_OHLC_MISSING,Domestic Common Stock,1,ACTIVE_SINGLE_SECURITY,1.0,77724145.0,77724145.0,,0.0,46.32,3600182396.0,3600182396.4,1.1110556918936254e-08,2026-07-30,,46.31999969482422,,6.588423584474867e-07,2026-10-06,0,LIKELY_OVERFILTERED,Same-row marketcap and provider P/B reconcile; historical raw close also reconciles. Endpoint/average difference or invalid historical OHLC geometry alone does not demonstrate incorrect current ownership shares.,OK,1102000000.0,2026-07-30
HIW,1030,1,,SHARE_BASIS_UNVERIFIED,PROVIDER_DATE_VALID_OHLC_MISSING,Domestic Common Stock,1,ACTIVE_SINGLE_SECURITY,1.0,110306211.0,110284000.0,112301000.0,0.020139820826226007,33.64,3710700938.0,3710700938.04,1.0779599435295495e-09,2026-07-28,,33.63999938964844,,1.8143625490907311e-06,2026-10-06,0,LIKELY_OVERFILTERED,Same-row marketcap and provider P/B reconcile; historical raw close also reconciles. Endpoint/average difference or invalid historical OHLC geometry alone does not demonstrate incorrect current ownership shares.,OK,2330600000.0,2026-07-28
HXL,1080,1,,SHARE_BASIS_UNVERIFIED,PROVIDER_DATE_VALID_OHLC_MISSING,Domestic Common Stock,1,ACTIVE_SINGLE_SECURITY,1.0,75623452.0,75700000.0,76500000.0,0.10112021136063909,105.61,7986592766.0,7986592765.72,3.5058733693915656e-09,2026-07-29,,105.61000061035156,,5.779297040930942e-07,2026-10-06,0,LIKELY_OVERFILTERED,Same-row marketcap and provider P/B reconcile; historical raw close also reconciles. Endpoint/average difference or invalid historical OHLC geometry alone does not demonstrate incorrect current ownership shares.,OK,1298200000.0,2026-07-29
IDA,1094,1,,SHARE_BASIS_UNVERIFIED,PROVIDER_DATE_VALID_OHLC_MISSING,Domestic Common Stock,1,ACTIVE_SINGLE_SECURITY,1.0,57842043.0,55782000.0,57229000.0,3.6930246316015936,141.9,8207785902.0,8207785901.700001,3.655054037210448e-09,2026-07-30,,141.89999389648438,,4.301279510343647e-06,2026-10-06,0,LIKELY_OVERFILTERED,Same-row marketcap and provider P/B reconcile; historical raw close also reconciles. Endpoint/average difference or invalid historical OHLC geometry alone does not demonstrate incorrect current ownership shares.,OK,3774605000.0,2026-07-30
IESC,1102,1,,SHARE_BASIS_UNVERIFIED,PROVIDER_DATE_PRICE_MISMATCH,Domestic Common Stock,1,ACTIVE_SINGLE_SECURITY,1.0,39848712.0,39848308.0,40395414.0,0.0010138448036434156,372.27,14834480016.0,14834480016.24,1.6178614004047631e-09,2026-07-31,744.5399780273438,744.5399780273438,99.99999409765594,99.99999409765594,2026-10-06,1,JUSTIFIED,"Historical price bases disagree by a near-integer factor; basis uncertainty is demonstrated, corporate-action cause is unproven.",OK,1223971000.0,2026-07-31
IIIV,1108,1,,SHARE_BASIS_UNVERIFIED,AVERAGE_SHARES_GT25,Domestic Common Stock,1,ACTIVE_SINGLE_SECURITY,1.0,26322009.0,19419792.0,19543611.0,35.54217779469522,17.47,459845497.0,459845497.22999996,5.001679070915088e-08,2026-08-07,17.469999313354492,17.469999313354492,3.93042648427766e-06,3.93042648427766e-06,2026-10-06,0,LIKELY_OVERFILTERED,Same-row marketcap and provider P/B reconcile; historical raw close also reconciles. Endpoint/average difference or invalid historical OHLC geometry alone does not demonstrate incorrect current ownership shares.,OK,280547000.0,2026-08-07
INAB,1123,1,,SHARE_BASIS_UNVERIFIED,AVERAGE_SHARES_GT25,Domestic Common Stock,1,ACTIVE_SINGLE_SECURITY,1.0,9858383.0,19467091.0,19467091.0,49.35872545107022,0.97,9561646.0,9562631.51,0.010306907409041166,2026-08-06,0.9699000120162964,0.9699000120162964,0.010308039557072046,0.010308039557072046,2026-10-06,0,LIKELY_OVERFILTERED,Same-row marketcap and provider P/B reconcile; historical raw close also reconciles. Endpoint/average difference or invalid historical OHLC geometry alone does not demonstrate incorrect current ownership shares.,OK,18363000.0,2026-08-06
INBS,1124,1,,SHARE_BASIS_UNVERIFIED,AVERAGE_SHARES_GT25,Domestic Common Stock,1,ACTIVE_SINGLE_SECURITY,1.0,3027470.0,1472744.0,1472744.0,105.56661578658613,2.67,8083345.0,8083344.899999999,1.2371116242526625e-06,2026-08-19,2.6700000762939453,2.6700000762939453,2.857451142368461e-06,2.857451142368461e-06,2026-10-06,0,LIKELY_OVERFILTERED,Same-row marketcap and provider P/B reconcile; historical raw close also reconciles. Endpoint/average difference or invalid historical OHLC geometry alone does not demonstrate incorrect current ownership shares.,OK,5510835.0,2026-08-19
INGR,1130,1,,SHARE_BASIS_UNVERIFIED,PROVIDER_DATE_VALID_OHLC_MISSING,Domestic Common Stock,1,ACTIVE_SINGLE_SECURITY,1.0,63063979.0,63300000.0,63900000.0,0.37286097946287455,104.33,6579464929.0,6579464929.07,1.063904520037795e-09,2026-08-07,,104.33000183105469,,1.7550605635463512e-06,2026-10-06,0,LIKELY_OVERFILTERED,Same-row marketcap and provider P/B reconcile; historical raw close also reconciles. Endpoint/average difference or invalid historical OHLC geometry alone does not demonstrate incorrect current ownership shares.,OK,4524000000.0,2026-08-07
INO,1136,1,,SHARE_BASIS_UNVERIFIED,AVERAGE_SHARES_GT25,Domestic Common Stock,1,ACTIVE_SINGLE_SECURITY,1.0,103397518.0,81619113.0,81619113.0,26.6829719161491,0.77,79616089.0,79616088.86,1.7584385059166152e-07,2026-08-12,0.7699999809265137,0.7699999809265137,2.4770761442027833e-06,2.4770761442027833e-06,2026-10-06,0,LIKELY_OVERFILTERED,Same-row marketcap and provider P/B reconcile; historical raw close also reconciles. Endpoint/average difference or invalid historical OHLC geometry alone does not demonstrate incorrect current ownership shares.,OK,4371083.0,2026-08-12
IP,1150,1,,SHARE_BASIS_UNVERIFIED,PROVIDER_DATE_VALID_OHLC_MISSING,Domestic Common Stock,1,ACTIVE_SINGLE_SECURITY,1.0,529569895.0,529500000.0,529500000.0,0.013200188857420692,42.25,22374328064.0,22374328063.75,1.11735065644325e-09,2026-08-05,,42.25,,0.0,2026-10-06,0,LIKELY_OVERFILTERED,Same-row marketcap and provider P/B reconcile; historical raw close also reconciles. Endpoint/average difference or invalid historical OHLC geometry alone does not demonstrate incorrect current ownership shares.,OK,14455000000.0,2026-08-05
ISPC,1164,1,,SHARE_BASIS_UNVERIFIED,AVERAGE_SHARES_GT25,Domestic Common Stock,1,ACTIVE_SINGLE_SECURITY,1.0,2518590.0,1394482.0,1394482.0,80.61115166778777,2.25,5666828.0,5666827.5,8.823278208058838e-06,2026-08-14,2.25,2.25,0.0,0.0,2026-10-06,0,LIKELY_OVERFILTERED,Same-row marketcap and provider P/B reconcile; historical raw close also reconciles. Endpoint/average difference or invalid historical OHLC geometry alone does not demonstrate incorrect current ownership shares.,OK,1736380.0,2026-08-14
JBGS,1181,1,,SHARE_BASIS_UNVERIFIED,PROVIDER_DATE_VALID_OHLC_MISSING,Domestic Common Stock,1,ACTIVE_SINGLE_SECURITY,1.0,58575671.0,58284000.0,58284000.0,0.5004306499210687,11.21,656633272.0,656633271.9100001,1.3706269452740116e-08,2026-08-10,,11.210000038146973,,3.4029412621094934e-07,2026-10-06,0,LIKELY_OVERFILTERED,Same-row marketcap and provider P/B reconcile; historical raw close also reconciles. Endpoint/average difference or invalid historical OHLC geometry alone does not demonstrate incorrect current ownership shares.,OK,1066413000.0,2026-08-10
KALA,1200,1,,SHARE_BASIS_UNVERIFIED,AVERAGE_SHARES_GT25,Domestic Common Stock,1,ACTIVE_SINGLE_SECURITY,1.0,19339786.0,74159.0,74159.0,25978.81174233741,0.9,17405807.0,17405807.400000002,2.2980836344999034e-06,2026-08-19,0.8999999761581421,0.8999999761581421,2.649095320883532e-06,2.649095320883532e-06,2026-10-06,0,NEEDS_MORE_EVIDENCE,Previously identified extreme endpoint/average discontinuity; stored row arithmetic does not establish the corporate-action/current ownership basis. Quarantine pending explicit evidence; threshold alone is not proof.,OK,9044000.0,2026-08-19
KGS,1212,1,,SHARE_BASIS_UNVERIFIED,PROVIDER_DATE_VALID_OHLC_MISSING,Domestic Common Stock,1,ACTIVE_SINGLE_SECURITY,1.0,101104031.0,95458000.0,96805000.0,5.91467556412244,59.9,6056131457.0,6056131456.9,1.651223602294749e-09,2026-08-07,,59.900001525878906,,2.547377131456585e-06,2026-10-06,0,LIKELY_OVERFILTERED,Same-row marketcap and provider P/B reconcile; historical raw close also reconciles. Endpoint/average difference or invalid historical OHLC geometry alone does not demonstrate incorrect current ownership shares.,OK,2161265000.0,2026-08-07
KSCP,1249,1,,SHARE_BASIS_UNVERIFIED,AVERAGE_SHARES_GT25,Domestic Common Stock,1,ACTIVE_SINGLE_SECURITY,1.0,23618357.0,17925096.0,17925096.0,31.761397540074544,1.48,34955168.0,34955168.36,1.0298906394368146e-06,2026-08-12,1.4800000190734863,1.4800000190734863,1.2887490852264705e-06,1.2887490852264705e-06,2026-10-06,0,LIKELY_OVERFILTERED,Same-row marketcap and provider P/B reconcile; historical raw close also reconciles. Endpoint/average difference or invalid historical OHLC geometry alone does not demonstrate incorrect current ownership shares.,OK,29595000.0,2026-08-12
LVS,1346,1,,SHARE_BASIS_UNVERIFIED,PROVIDER_DATE_VALID_OHLC_MISSING,Domestic Common Stock,1,ACTIVE_SINGLE_SECURITY,1.0,647701184.0,654000000.0,656000000.0,0.9631217125382285,46.08,29846070559.0,29846070558.719997,9.381606602687498e-10,2026-07-24,,46.08000183105469,,3.9736429924275285e-06,2026-10-06,0,LIKELY_OVERFILTERED,Same-row marketcap and provider P/B reconcile; historical raw close also reconciles. Endpoint/average difference or invalid historical OHLC geometry alone does not demonstrate incorrect current ownership shares.,OK,581000000.0,2026-07-24
MBC,1378,1,,SHARE_BASIS_UNVERIFIED,AVERAGE_SHARES_GT25,Domestic Common Stock,1,ACTIVE_SINGLE_SECURITY,1.0,203490490.0,153600000.0,153600000.0,32.480787760416675,9.14,1859903079.0,1859903078.6000001,2.1506485481381787e-08,2026-08-05,9.140000343322754,9.140000343322754,3.7562664534362966e-06,3.7562664534362966e-06,2026-10-06,0,LIKELY_OVERFILTERED,Same-row marketcap and provider P/B reconcile; historical raw close also reconciles. Endpoint/average difference or invalid historical OHLC geometry alone does not demonstrate incorrect current ownership shares.,OK,1968700000.0,2026-08-05
MGRX,1416,1,,SHARE_BASIS_UNVERIFIED,AVERAGE_SHARES_GT25,Domestic Common Stock,1,ACTIVE_SINGLE_SECURITY,1.0,21567422.0,17119619.0,17119619.0,25.980735903059514,0.533,11499749.0,11495435.926,0.03750580990941055,2026-08-13,0.5329999923706055,0.5329999923706055,1.4314061047571158e-06,1.4314061047571158e-06,2026-10-06,0,LIKELY_OVERFILTERED,Same-row marketcap and provider P/B reconcile; historical raw close also reconciles. Endpoint/average difference or invalid historical OHLC geometry alone does not demonstrate incorrect current ownership shares.,OK,12525944.0,2026-08-13
MNST,1446,1,,SHARE_BASIS_UNVERIFIED,PROVIDER_DATE_PRICE_MISMATCH,Domestic Common Stock,1,ACTIVE_SINGLE_SECURITY,1.0,1959051764.0,1957324000.0,1976958000.0,0.08827174244019353,45.18,88509958698.0,88509958697.52,5.423106408386502e-10,2026-08-07,90.36000061035156,90.36000061035156,100.00000135093305,100.00000135093305,2026-10-06,1,JUSTIFIED,"Historical price bases disagree by a near-integer factor; basis uncertainty is demonstrated, corporate-action cause is unproven.",OK,9364148000.0,2026-08-07
MOVE,1455,1,,SHARE_BASIS_UNVERIFIED,AVERAGE_SHARES_GT25,Domestic Common Stock,1,ACTIVE_SINGLE_SECURITY,1.0,27647305.0,2506295.0,2506295.0,1003.114557544104,11.72,324026415.0,324026414.6,1.234467195132538e-07,2026-08-14,11.720000267028809,11.720000267028809,2.278402799760215e-06,2.278402799760215e-06,2026-10-06,0,LIKELY_OVERFILTERED,Same-row marketcap and provider P/B reconcile; historical raw close also reconciles. Endpoint/average difference or invalid historical OHLC geometry alone does not demonstrate incorrect current ownership shares.,OK,573251000.0,2026-08-14
MRVI,1468,1,,SHARE_BASIS_UNVERIFIED,AVERAGE_SHARES_GT25,Domestic Common Stock,1,ACTIVE_SINGLE_SECURITY,1.0,259673625.0,147996000.0,147996000.0,75.45989418632936,6.23,1617766684.0,1617766683.75,1.5453405222132233e-08,2026-08-07,6.230000019073486,6.230000019073486,3.0615547874646154e-07,3.0615547874646154e-07,2026-10-06,0,LIKELY_OVERFILTERED,Same-row marketcap and provider P/B reconcile; historical raw close also reconciles. Endpoint/average difference or invalid historical OHLC geometry alone does not demonstrate incorrect current ownership shares.,OK,204622000.0,2026-08-07
NNBR,1552,1,,SHARE_BASIS_UNVERIFIED,AVERAGE_SHARES_GT25,Domestic Common Stock,1,ACTIVE_SINGLE_SECURITY,1.0,82580864.0,50256000.0,50256000.0,64.32040751353072,3.9,322065370.0,322065369.59999996,1.2419839601207627e-07,2026-08-05,3.9000000953674316,3.9000000953674316,2.445318769694893e-06,2.445318769694893e-06,2026-10-06,0,LIKELY_OVERFILTERED,Same-row marketcap and provider P/B reconcile; historical raw close also reconciles. Endpoint/average difference or invalid historical OHLC geometry alone does not demonstrate incorrect current ownership shares.,OK,21211000.0,2026-08-05
NVCT,1591,1,,SHARE_BASIS_UNVERIFIED,AVERAGE_SHARES_GT25,Domestic Common Stock,1,ACTIVE_SINGLE_SECURITY,1.0,32581533.0,23475989.0,23475989.0,38.78662577325282,20.1,654888813.0,654888813.3000001,4.580931189934745e-08,2026-08-04,20.100000381469727,20.100000381469727,1.8978593363527807e-06,1.8978593363527807e-06,2026-10-06,0,LIKELY_OVERFILTERED,Same-row marketcap and provider P/B reconcile; historical raw close also reconciles. Endpoint/average difference or invalid historical OHLC geometry alone does not demonstrate incorrect current ownership shares.,OK,9082000.0,2026-08-04
OLB,1631,1,,SHARE_BASIS_UNVERIFIED,AVERAGE_SHARES_GT25,Domestic Common Stock,1,ACTIVE_SINGLE_SECURITY,1.0,24020313.0,14040127.0,14040127.0,71.08330287895544,0.298,7158053.0,7158053.273999999,3.827856520643991e-06,2026-08-14,0.2980000078678131,0.2980000078678131,2.640205742920898e-06,2.640205742920898e-06,2026-10-06,0,LIKELY_OVERFILTERED,Same-row marketcap and provider P/B reconcile; historical raw close also reconciles. Endpoint/average difference or invalid historical OHLC geometry alone does not demonstrate incorrect current ownership shares.,OK,7142171.0,2026-08-14
ONCO,1643,1,,SHARE_BASIS_UNVERIFIED,AVERAGE_SHARES_GT25,Domestic Common Stock,1,ACTIVE_SINGLE_SECURITY,1.0,3949107.0,2242770.0,2242770.0,76.08167578485534,0.882,3484692.0,3483112.374,0.04533043379444379,2026-08-13,0.8820000290870667,0.8820000290870667,3.297853368167125e-06,3.297853368167125e-06,2026-10-06,0,LIKELY_OVERFILTERED,Same-row marketcap and provider P/B reconcile; historical raw close also reconciles. Endpoint/average difference or invalid historical OHLC geometry alone does not demonstrate incorrect current ownership shares.,OK,13468509.0,2026-08-13
PDM,1710,1,,SHARE_BASIS_UNVERIFIED,PROVIDER_DATE_VALID_OHLC_MISSING,Domestic Common Stock,1,ACTIVE_SINGLE_SECURITY,1.0,125132825.0,125081542.0,125081542.0,0.040999654449414,9.62,1203777776.0,1203777776.5,4.1535908046341774e-08,2026-07-28,,9.619999885559082,,1.1896145291068194e-06,2026-10-06,0,LIKELY_OVERFILTERED,Same-row marketcap and provider P/B reconcile; historical raw close also reconciles. Endpoint/average difference or invalid historical OHLC geometry alone does not demonstrate incorrect current ownership shares.,OK,1473497000.0,2026-07-28
PYXS,1822,1,,SHARE_BASIS_UNVERIFIED,AVERAGE_SHARES_GT25,Domestic Common Stock,1,ACTIVE_SINGLE_SECURITY,1.0,83408050.0,63991609.0,63991609.0,30.342167205078407,3.01,251058230.0,251058230.49999997,1.9915697979655533e-07,2026-08-13,3.009999990463257,3.009999990463257,3.168353135407642e-07,3.168353135407642e-07,2026-10-06,0,LIKELY_OVERFILTERED,Same-row marketcap and provider P/B reconcile; historical raw close also reconciles. Endpoint/average difference or invalid historical OHLC geometry alone does not demonstrate incorrect current ownership shares.,OK,11440000.0,2026-08-13
QTTB,1838,1,,SHARE_BASIS_UNVERIFIED,AVERAGE_SHARES_GT25,Domestic Common Stock,1,ACTIVE_SINGLE_SECURITY,1.0,29769466.0,20342345.0,20342345.0,46.34235138574241,16.49,490898494.0,490898494.34,6.926075268864906e-08,2026-08-05,16.489999771118164,16.489999771118164,1.3880038451929977e-06,1.3880038451929977e-06,2026-10-06,0,LIKELY_OVERFILTERED,Same-row marketcap and provider P/B reconcile; historical raw close also reconciles. Endpoint/average difference or invalid historical OHLC geometry alone does not demonstrate incorrect current ownership shares.,OK,105905000.0,2026-08-05
RMR,1900,1,,SHARE_BASIS_UNVERIFIED,AVERAGE_SHARES_GT25,Domestic Common Stock,1,ACTIVE_SINGLE_SECURITY,1.0,32080226.0,16791000.0,16791000.0,91.05607766065154,18.95,607920283.0,607920282.6999999,4.9348591879549986e-08,2026-08-05,18.950000762939453,18.950000762939453,4.026065725248884e-06,4.026065725248884e-06,2026-10-06,0,LIKELY_OVERFILTERED,Same-row marketcap and provider P/B reconcile; historical raw close also reconciles. Endpoint/average difference or invalid historical OHLC geometry alone does not demonstrate incorrect current ownership shares.,OK,224186000.0,2026-08-05
RPRX,1918,1,,SHARE_BASIS_UNVERIFIED,AVERAGE_SHARES_GT25,Domestic Common Stock,1,ACTIVE_SINGLE_SECURITY,1.0,575001204.0,445064000.0,556896000.0,29.195172829076267,57.75,33206319531.0,33206319531.0,0.0,2026-08-05,57.75,57.75,0.0,0.0,2026-10-06,0,LIKELY_OVERFILTERED,Same-row marketcap and provider P/B reconcile; historical raw close also reconciles. Endpoint/average difference or invalid historical OHLC geometry alone does not demonstrate incorrect current ownership shares.,OK,9785714000.0,2026-08-05
RRR,1923,1,,SHARE_BASIS_UNVERIFIED,AVERAGE_SHARES_GT25,Domestic Common Stock,1,ACTIVE_SINGLE_SECURITY,1.0,105016189.0,57888000.0,58805000.0,81.41270902432282,61.88,6498401775.0,6498401775.320001,4.924305407882912e-09,2026-08-07,61.880001068115234,61.880001068115234,1.7261073459451381e-06,1.7261073459451381e-06,2026-10-06,0,LIKELY_OVERFILTERED,Same-row marketcap and provider P/B reconcile; historical raw close also reconciles. Endpoint/average difference or invalid historical OHLC geometry alone does not demonstrate incorrect current ownership shares.,OK,171070000.0,2026-08-07
SBH,1957,1,,SHARE_BASIS_UNVERIFIED,PROVIDER_DATE_VALID_OHLC_MISSING,Domestic Common Stock,1,ACTIVE_SINGLE_SECURITY,1.0,93622292.0,95058000.0,97912000.0,1.5103494708493814,16.13,1510127570.0,1510127569.9599998,2.648792296611191e-09,2026-08-03,,16.1299991607666,,5.2029348829307764e-06,2026-10-06,0,LIKELY_OVERFILTERED,Same-row marketcap and provider P/B reconcile; historical raw close also reconciles. Endpoint/average difference or invalid historical OHLC geometry alone does not demonstrate incorrect current ownership shares.,OK,871474000.0,2026-08-03
SINT,2001,1,,SHARE_BASIS_UNVERIFIED,AVERAGE_SHARES_GT25,Domestic Common Stock,1,ACTIVE_SINGLE_SECURITY,1.0,6664534.0,4849080.0,4849570.0,37.43914309518506,1.77,11796225.0,11796225.18,1.525911885735809e-06,2026-08-11,1.7699999809265137,1.7699999809265137,1.0775980996413637e-06,1.0775980996413637e-06,2026-10-06,0,LIKELY_OVERFILTERED,Same-row marketcap and provider P/B reconcile; historical raw close also reconciles. Endpoint/average difference or invalid historical OHLC geometry alone does not demonstrate incorrect current ownership shares.,OK,4830000.0,2026-08-11
SLDB,2016,1,,SHARE_BASIS_UNVERIFIED,AVERAGE_SHARES_GT25,Domestic Common Stock,1,ACTIVE_SINGLE_SECURITY,1.0,107225238.0,143688701.0,143688701.0,25.37670863904602,8.71,933931823.0,933931822.9800001,2.1414647832784794e-09,2026-08-06,8.710000038146973,8.710000038146973,4.3796752891012147e-07,4.3796752891012147e-07,2026-10-06,0,LIKELY_OVERFILTERED,Same-row marketcap and provider P/B reconcile; historical raw close also reconciles. Endpoint/average difference or invalid historical OHLC geometry alone does not demonstrate incorrect current ownership shares.,OK,374075000.0,2026-08-06
SUN,2102,1,,SHARE_BASIS_UNVERIFIED,AVERAGE_SHARES_GT25,Domestic Common Stock,1,ACTIVE_SINGLE_SECURITY,1.0,204824629.0,136895211.0,137735133.0,49.62147141874817,73.58,15070996202.0,15070996201.82,1.1943446232010047e-09,2026-08-06,73.58000183105469,73.58000183105469,2.4885222771331428e-06,2.4885222771331428e-06,2026-10-06,0,LIKELY_OVERFILTERED,Same-row marketcap and provider P/B reconcile; historical raw close also reconciles. Endpoint/average difference or invalid historical OHLC geometry alone does not demonstrate incorrect current ownership shares.,OK,8348000000.0,2026-08-06
SYM,2119,1,,SHARE_BASIS_UNVERIFIED,AVERAGE_SHARES_GT25,Domestic Common Stock,1,ACTIVE_SINGLE_SECURITY,1.0,604801708.0,128076383.0,133252947.0,372.2195410530917,46.52,28135375456.0,28135375456.160004,5.687006421339902e-10,2026-08-05,46.52000045776367,46.52000045776367,9.840147585649106e-07,9.840147585649106e-07,2026-10-06,0,LIKELY_OVERFILTERED,Same-row marketcap and provider P/B reconcile; historical raw close also reconciles. Endpoint/average difference or invalid historical OHLC geometry alone does not demonstrate incorrect current ownership shares.,OK,708769000.0,2026-08-05
TCRX,2136,1,,SHARE_BASIS_UNVERIFIED,AVERAGE_SHARES_GT25,Domestic Common Stock,1,ACTIVE_SINGLE_SECURITY,1.0,67779255.0,129948878.0,129948878.0,47.84160044844712,0.773,52393364.0,52393364.115,2.1949344564120565e-07,2026-08-12,0.7730000019073486,0.7730000019073486,2.467462678623633e-07,2.467462678623633e-07,2026-10-06,0,LIKELY_OVERFILTERED,Same-row marketcap and provider P/B reconcile; historical raw close also reconciles. Endpoint/average difference or invalid historical OHLC geometry alone does not demonstrate incorrect current ownership shares.,OK,69019000.0,2026-08-12
TKO,2171,1,,SHARE_BASIS_UNVERIFIED,AVERAGE_SHARES_GT25,Domestic Common Stock,1,ACTIVE_SINGLE_SECURITY,1.0,189269713.0,74797769.0,75870706.0,153.04192294826336,183.91,34808592918.0,34808592917.83,4.883760063023601e-10,2026-08-03,183.91000366210938,183.91000366210938,1.991250808686118e-06,1.991250808686118e-06,2026-10-06,0,LIKELY_OVERFILTERED,Same-row marketcap and provider P/B reconcile; historical raw close also reconciles. Endpoint/average difference or invalid historical OHLC geometry alone does not demonstrate incorrect current ownership shares.,OK,3395932000.0,2026-08-03
TRNR,2205,1,,SHARE_BASIS_UNVERIFIED,AVERAGE_SHARES_GT25,Domestic Common Stock,1,ACTIVE_SINGLE_SECURITY,1.0,1619702.0,408871.0,408871.0,296.14010286863095,3.57,5782336.0,5782336.14,2.4211668003815134e-06,2026-08-14,3.569999933242798,3.569999933242798,1.8699496395768733e-06,1.8699496395768733e-06,2026-10-06,0,LIKELY_OVERFILTERED,Same-row marketcap and provider P/B reconcile; historical raw close also reconciles. Endpoint/average difference or invalid historical OHLC geometry alone does not demonstrate incorrect current ownership shares.,OK,3344000.0,2026-08-14
TRU,2211,1,,SHARE_BASIS_UNVERIFIED,PROVIDER_DATE_VALID_OHLC_MISSING,Domestic Common Stock,1,ACTIVE_SINGLE_SECURITY,1.0,191600000.0,192300000.0,193700000.0,0.3640145605824263,83.8,16056080000.0,16056080000.0,0.0,2026-07-28,,83.80000305175781,,3.6417157733836802e-06,2026-10-06,0,LIKELY_OVERFILTERED,Same-row marketcap and provider P/B reconcile; historical raw close also reconciles. Endpoint/average difference or invalid historical OHLC geometry alone does not demonstrate incorrect current ownership shares.,OK,4842900000.0,2026-07-28
UDR,2247,1,,SHARE_BASIS_UNVERIFIED,PROVIDER_DATE_VALID_OHLC_MISSING,Domestic Common Stock,1,ACTIVE_SINGLE_SECURITY,1.0,321264222.0,322958000.0,323287000.0,0.5244576694183101,39.0,12529304658.0,12529304658.0,0.0,2026-07-28,,39.0,,0.0,2026-10-06,0,LIKELY_OVERFILTERED,Same-row marketcap and provider P/B reconcile; historical raw close also reconciles. Endpoint/average difference or invalid historical OHLC geometry alone does not demonstrate incorrect current ownership shares.,OK,2938683000.0,2026-07-28
VERU,2299,1,,SHARE_BASIS_UNVERIFIED,AVERAGE_SHARES_GT25,Domestic Common Stock,1,ACTIVE_SINGLE_SECURITY,1.0,17050320.0,23050320.0,23050320.0,26.0300073925221,2.77,47229386.0,47229386.4,8.469303480751478e-07,2026-08-10,2.7699999809265137,2.7699999809265137,6.885735093220546e-07,6.885735093220546e-07,2026-10-06,0,LIKELY_OVERFILTERED,Same-row marketcap and provider P/B reconcile; historical raw close also reconciles. Endpoint/average difference or invalid historical OHLC geometry alone does not demonstrate incorrect current ownership shares.,OK,28376240.0,2026-08-10
VMI,2314,1,,SHARE_BASIS_UNVERIFIED,PROVIDER_DATE_VALID_OHLC_MISSING,Domestic Common Stock,1,ACTIVE_SINGLE_SECURITY,1.0,19304858.0,19304858.0,,0.0,480.67,9279266095.0,9279266094.86,1.5087375793143565e-09,2026-07-28,,480.6700134277344,,2.7935453283944867e-06,2026-10-06,0,LIKELY_OVERFILTERED,Same-row marketcap and provider P/B reconcile; historical raw close also reconciles. Endpoint/average difference or invalid historical OHLC geometry alone does not demonstrate incorrect current ownership shares.,OK,1726753000.0,2026-07-28
VNOM,2318,1,,SHARE_BASIS_UNVERIFIED,AVERAGE_SHARES_GT25,Domestic Common Stock,1,ACTIVE_SINGLE_SECURITY,1.0,359194893.0,193733000.0,193733000.0,85.4071805009988,41.43,14881444417.0,14881444416.99,6.720179968056073e-11,2026-08-05,41.43000030517578,41.43000030517578,7.366057985791485e-07,7.366057985791485e-07,2026-10-06,0,LIKELY_OVERFILTERED,Same-row marketcap and provider P/B reconcile; historical raw close also reconciles. Endpoint/average difference or invalid historical OHLC geometry alone does not demonstrate incorrect current ownership shares.,OK,5035000000.0,2026-08-05
WHWK,2375,1,,SHARE_BASIS_UNVERIFIED,AVERAGE_SHARES_GT25,Domestic Common Stock,1,ACTIVE_SINGLE_SECURITY,1.0,57009010.0,82886196.0,82886196.0,31.220139478954977,4.7,267942347.0,267942347.0,0.0,2026-08-06,4.699999809265137,4.699999809265137,4.058188585176481e-06,4.058188585176481e-06,2026-10-06,0,LIKELY_OVERFILTERED,Same-row marketcap and provider P/B reconcile; historical raw close also reconciles. Endpoint/average difference or invalid historical OHLC geometry alone does not demonstrate incorrect current ownership shares.,OK,182925000.0,2026-08-06
XAIR,2410,1,,SHARE_BASIS_UNVERIFIED,AVERAGE_SHARES_GT25,Domestic Common Stock,1,ACTIVE_SINGLE_SECURITY,1.0,957631.0,721328.0,721328.0,32.759438147417,6.92,6626807.0,6626806.52,7.2433073761146716e-06,2026-08-13,6.920000076293945,6.920000076293945,1.10251365814662e-06,1.10251365814662e-06,2026-10-06,0,LIKELY_OVERFILTERED,Same-row marketcap and provider P/B reconcile; historical raw close also reconciles. Endpoint/average difference or invalid historical OHLC geometry alone does not demonstrate incorrect current ownership shares.,OK,1997000.0,2026-08-13
XXII,2431,1,,SHARE_BASIS_UNVERIFIED,AVERAGE_SHARES_GT25,Domestic Common Stock,1,ACTIVE_SINGLE_SECURITY,1.0,713994.0,209241.0,209241.0,241.23044718769268,4.325,3088024.0,3088024.0500000003,1.6191584073510512e-06,2026-08-14,4.324999809265137,4.324999809265137,4.41005464368871e-06,4.41005464368871e-06,2026-10-06,0,LIKELY_OVERFILTERED,Same-row marketcap and provider P/B reconcile; historical raw close also reconciles. Endpoint/average difference or invalid historical OHLC geometry alone does not demonstrate incorrect current ownership shares.,OK,18641000.0,2026-08-14
YOU,2437,1,,SHARE_BASIS_UNVERIFIED,AVERAGE_SHARES_GT25,Domestic Common Stock,1,ACTIVE_SINGLE_SECURITY,1.0,135288082.0,100846269.0,102920360.0,34.15278853796764,56.46,7638365110.0,7638365109.72,3.665701076016603e-09,2026-08-05,56.459999084472656,56.459999084472656,1.6215503828576061e-06,1.6215503828576061e-06,2026-10-06,0,LIKELY_OVERFILTERED,Same-row marketcap and provider P/B reconcile; historical raw close also reconciles. Endpoint/average difference or invalid historical OHLC geometry alone does not demonstrate incorrect current ownership shares.,OK,206243000.0,2026-08-05
