ticker,company_id,fiscal_year,fiscal_quarter,policy_version,legacy_result,legacy_selected_timestamp,original_candidate_count,eligible_count,filtering_result,precedence_result,final_quarter_result,selected_accession,selected_timestamp,selected_first_event_reason,review_reason,hypothetical_earliest_timestamp,hypothetical_latest_timestamp,differs_from_hypothetical_earliest,differs_from_hypothetical_latest,acceptance_gate,candidate_evaluations,relation_edges
ABAT,9,2026,Q4,PUBLICATION_EVENT_POLICY_V1,AMBIGUOUS,,2,0,REVIEW,REVIEW,REVIEW,,,NO_DETERMINISTIC_FIRST_EVENT,REVIEW_REQUIRED_EVENT_SCOPE,2026-08-20T21:00:28Z,2026-09-16T21:05:56Z,,,"[""NO_REVIEWED_DISCREPANCY"",""NO_REVIEWED_DISCREPANCY""]","[{""acceptance_timestamp"":""2026-08-20T21:00:28Z"",""accession"":""0001493152-26-039500"",""actual_vs_preliminary"":""PRELIMINARY_COMPLETED_PERIOD"",""eligibility"":""NO"",""eligibility_reason"":""INSUFFICIENT_BROAD_EARNINGS_MINIMUM"",""entity_confidence"":""PROVEN"",""event_class"":""PRELIMINARY_RESULTS"",""financial_scope"":""Q4 revenue 8.2m; cost of goods 6.9m; gross profit 1.3m; no Q4 net result. Later release contains annual financial statements only."",""observation_fingerprint"":""f798eaedbd4e8c1642a8cc507ab78330cb82399aa6e85276fa78bb165cae82a4"",""period_confidence"":""PROVEN"",""policy_version"":""PUBLICATION_EVENT_POLICY_V1"",""precedence_decision"":""RETAINED_NOT_SELECTED"",""relations_to_competing_events"":[],""review_reason"":null,""selected_first_event_reason"":null},{""acceptance_timestamp"":""2026-09-16T21:05:56Z"",""accession"":""0001493152-26-042948"",""actual_vs_preliminary"":""ACTUAL"",""eligibility"":""REVIEW"",""eligibility_reason"":""REVIEW_REQUIRED_EVENT_SCOPE"",""entity_confidence"":""PROVEN"",""event_class"":""FULL_PERIOD_RESULTS"",""financial_scope"":""Annual financial statements; separate target-Q4 values not established"",""observation_fingerprint"":""f0150b857fe5b04344b82209411131f026d2a63c1e42d30c8dbe010d703ddc9b"",""period_confidence"":""UNCERTAIN"",""policy_version"":""PUBLICATION_EVENT_POLICY_V1"",""precedence_decision"":""RETAINED_NOT_SELECTED"",""relations_to_competing_events"":[],""review_reason"":""REVIEW_REQUIRED_EVENT_SCOPE"",""selected_first_event_reason"":null}]",[]
GME,956,2027,Q2,PUBLICATION_EVENT_POLICY_V1,AMBIGUOUS,,2,2,AMBIGUOUS,UNIQUE,UNIQUE,0001326380-26-000046,2026-08-31T10:23:08Z,FIRST_QUALIFYING_EVENT_IN_PROVEN_TYPED_CHAIN,,2026-08-31T10:23:08Z,2026-09-08T13:02:39Z,False,True,"[""ACCEPTANCE_SOURCE_DISCREPANCY_REVIEWED"",""ACCEPTANCE_SOURCE_DISCREPANCY_REVIEWED""]","[{""acceptance_timestamp"":""2026-08-31T10:23:08Z"",""accession"":""0001326380-26-000046"",""actual_vs_preliminary"":""PRELIMINARY_COMPLETED_PERIOD"",""eligibility"":""YES"",""eligibility_reason"":""BROAD_COMPLETED_PERIOD_PRELIMINARY_EARNINGS"",""entity_confidence"":""PROVEN"",""event_class"":""PRELIMINARY_RESULTS"",""financial_scope"":""Q2 sales 780-800m; GAAP operating income 150-170m; GAAP net income 290-310m; cash and investments. Later full quarterly statements."",""observation_fingerprint"":""27ec47f9263e777271967b19fd00d23f07ebd2284511eed810fe9bb893ce69d0"",""period_confidence"":""PROVEN"",""policy_version"":""PUBLICATION_EVENT_POLICY_V1"",""precedence_decision"":""SELECTED_FIRST_EVENT"",""relations_to_competing_events"":[{""reason"":""PROVEN_TYPED_EVENT_CHAIN"",""relation_evidence_fingerprint"":""13b11a476ada8ae86f5f4d4808720c7dabc107cb8018989e8de26fd000a84e35"",""relation_type"":""PRELIMINARY_RESULT_TO_COMPLETION_OF_SAME_RESULT"",""valid"":true}],""review_reason"":null,""selected_first_event_reason"":""FIRST_QUALIFYING_EVENT_IN_PROVEN_TYPED_CHAIN""},{""acceptance_timestamp"":""2026-09-08T13:02:39Z"",""accession"":""0001326380-26-000050"",""actual_vs_preliminary"":""ACTUAL"",""eligibility"":""YES"",""eligibility_reason"":""COMPLETE_PERIOD_EARNINGS_PACKAGE"",""entity_confidence"":""PROVEN"",""event_class"":""FULL_PERIOD_RESULTS"",""financial_scope"":""Canonical reporting entity target-quarter actual GAAP earnings/loss and reported financial result package; full release and financial schedules"",""observation_fingerprint"":""6a8df0f2dca98db3f88c28c4a9865d0712ce18cf65bc33f8d261452500af0148"",""period_confidence"":""PROVEN"",""policy_version"":""PUBLICATION_EVENT_POLICY_V1"",""precedence_decision"":""RETAINED_NOT_SELECTED"",""relations_to_competing_events"":[{""reason"":""PROVEN_TYPED_EVENT_CHAIN"",""relation_evidence_fingerprint"":""13b11a476ada8ae86f5f4d4808720c7dabc107cb8018989e8de26fd000a84e35"",""relation_type"":""PRELIMINARY_RESULT_TO_COMPLETION_OF_SAME_RESULT"",""valid"":true}],""review_reason"":null,""selected_first_event_reason"":null}]","[{""from_evidence_id"":""rpe_ee2802ecf5b10638ae114b31"",""from_excerpt"":""e of approximately $4.947 billion. The Company expects to release its complete second quarter results on September 8, 2026. Contacts GameStop Corp. Investor Relations (817) 424-2001 ir@gamestop.com Source: GameStop Corp. CAUTIONARY STATEMENT REGARDING FORWARD-LOOKING STATEMENTS - "",""from_observation_fingerprint"":""27ec47f9263e777271967b19fd00d23f07ebd2284511eed810fe9bb893ce69d0"",""reason"":""PROVEN_TYPED_EVENT_CHAIN"",""relation_evidence_fingerprint"":""13b11a476ada8ae86f5f4d4808720c7dabc107cb8018989e8de26fd000a84e35"",""relation_reason"":""Reviewed completed-quarter preliminary package subject to closing/finalization and subsequent full package of that exact entity and quarter, not inferred from ordering."",""relation_type"":""PRELIMINARY_RESULT_TO_COMPLETION_OF_SAME_RESULT"",""review_reference"":""docs/fundamentals_v4/fundamentals_v4_phase13g3_71_publication_event_eligibility_policy.md"",""same_economic_chain"":true,""to_evidence_id"":""rpe_3d7126f0f7e89e792dcc7fe6"",""to_excerpt"":"" GameStop Corp. (the \u201cCompany\u201d) issued a press release announcing its financial results for its second quarter ended August 1, 2026. A copy of the press release is attached hereto as Exhibit 99.1. The foregoing information contained in this Current Report, including "",""to_observation_fingerprint"":""6a8df0f2dca98db3f88c28c4a9865d0712ce18cf65bc33f8d261452500af0148"",""valid"":true}]"
SMCI,2027,2026,Q4,PUBLICATION_EVENT_POLICY_V1,AMBIGUOUS,,2,1,UNIQUE,UNIQUE,UNIQUE,0001375365-26-000021,2026-08-11T20:06:16Z,ONLY_QUALIFYING_EVENT,,2026-07-21T20:10:55Z,2026-08-11T20:06:16Z,True,False,"[""NO_REVIEWED_DISCREPANCY"",""NO_REVIEWED_DISCREPANCY""]","[{""acceptance_timestamp"":""2026-07-21T20:10:55Z"",""accession"":""0001375365-26-000019"",""actual_vs_preliminary"":""PRELIMINARY_COMPLETED_PERIOD"",""eligibility"":""NO"",""eligibility_reason"":""INSUFFICIENT_BROAD_EARNINGS_MINIMUM"",""entity_confidence"":""PROVEN"",""event_class"":""PRELIMINARY_RESULTS"",""financial_scope"":""Q4 estimated revenue near guidance low end; gross margin 15-17%; orders and backlog. No preliminary GAAP net result."",""observation_fingerprint"":""e3a0f8988b45ddf3e02fa6d390e94f0c45af91c9496a90693f6e0020dc545781"",""period_confidence"":""PROVEN"",""policy_version"":""PUBLICATION_EVENT_POLICY_V1"",""precedence_decision"":""RETAINED_NOT_SELECTED"",""relations_to_competing_events"":[],""review_reason"":null,""selected_first_event_reason"":null},{""acceptance_timestamp"":""2026-08-11T20:06:16Z"",""accession"":""0001375365-26-000021"",""actual_vs_preliminary"":""ACTUAL"",""eligibility"":""YES"",""eligibility_reason"":""COMPLETE_PERIOD_EARNINGS_PACKAGE"",""entity_confidence"":""PROVEN"",""event_class"":""FULL_PERIOD_RESULTS"",""financial_scope"":""Canonical reporting entity target-quarter actual GAAP earnings/loss and reported financial result package; full release and financial schedules"",""observation_fingerprint"":""a5cda18ac31b4115c47cacdb699e1165e8fb03edf1153b7b413d318129e22267"",""period_confidence"":""PROVEN"",""policy_version"":""PUBLICATION_EVENT_POLICY_V1"",""precedence_decision"":""SELECTED_FIRST_EVENT"",""relations_to_competing_events"":[],""review_reason"":null,""selected_first_event_reason"":""ONLY_QUALIFYING_EVENT""}]",[]
OPTT,2527,2026,Q4,PUBLICATION_EVENT_POLICY_V1,AMBIGUOUS,,2,0,REVIEW,REVIEW,REVIEW,,,NO_DETERMINISTIC_FIRST_EVENT,REVIEW_REQUIRED_EVENT_SCOPE,2026-07-23T20:56:00Z,2026-08-24T13:00:14Z,,,"[""NO_REVIEWED_DISCREPANCY"",""NO_REVIEWED_DISCREPANCY""]","[{""acceptance_timestamp"":""2026-07-23T20:56:00Z"",""accession"":""0001493152-26-034425"",""actual_vs_preliminary"":""PRELIMINARY_COMPLETED_PERIOD"",""eligibility"":""REVIEW"",""eligibility_reason"":""REVIEW_REQUIRED_EVENT_SCOPE"",""entity_confidence"":""PROVEN"",""event_class"":""PRELIMINARY_RESULTS"",""financial_scope"":""Primary announces Q4 and annual results; exhibited P&L and cash flows are fiscal-year totals. Later filing materially revises annual revenue, operating loss and net loss."",""observation_fingerprint"":""879f27743ac016e189339419dbd9bc067c1e6b918972e08069da6db3ad00819b"",""period_confidence"":""UNCERTAIN"",""policy_version"":""PUBLICATION_EVENT_POLICY_V1"",""precedence_decision"":""RETAINED_NOT_SELECTED"",""relations_to_competing_events"":[],""review_reason"":""REVIEW_REQUIRED_EVENT_SCOPE"",""selected_first_event_reason"":null},{""acceptance_timestamp"":""2026-08-24T13:00:14Z"",""accession"":""0001493152-26-039793"",""actual_vs_preliminary"":""ACTUAL"",""eligibility"":""REVIEW"",""eligibility_reason"":""REVIEW_REQUIRED_EVENT_SCOPE"",""entity_confidence"":""PROVEN"",""event_class"":""REVISED_OR_CORRECTED_RESULTS"",""financial_scope"":""Annual revised revenue, loss and financial statements; separate target-Q4 values not established"",""observation_fingerprint"":""c0784c9d90eb01abca26103a82a8b644cd419dfdb046a85954a99e05b6c6b713"",""period_confidence"":""UNCERTAIN"",""policy_version"":""PUBLICATION_EVENT_POLICY_V1"",""precedence_decision"":""RETAINED_NOT_SELECTED"",""relations_to_competing_events"":[],""review_reason"":""REVIEW_REQUIRED_EVENT_SCOPE"",""selected_first_event_reason"":null}]",[]
MOVE,1455,2026,Q2,PUBLICATION_EVENT_POLICY_V1,AMBIGUOUS,,2,1,UNIQUE,UNIQUE,UNIQUE,0001213900-26-090115,2026-08-14T20:20:32Z,ONLY_QUALIFYING_EVENT,,2026-08-14T20:20:32Z,2026-09-04T20:30:14Z,False,True,"[""ACCEPTANCE_SOURCE_DISCREPANCY_REVIEWED"",""ACCEPTANCE_SOURCE_DISCREPANCY_REVIEWED""]","[{""acceptance_timestamp"":""2026-08-14T20:20:32Z"",""accession"":""0001213900-26-090115"",""actual_vs_preliminary"":""ACTUAL"",""eligibility"":""YES"",""eligibility_reason"":""COMPLETE_PERIOD_EARNINGS_PACKAGE"",""entity_confidence"":""PROVEN"",""event_class"":""FULL_PERIOD_RESULTS"",""financial_scope"":""Q2 actual revenue, GAAP loss and EPS, EBITDA and cash flow after merger; competing filing supplies hypothetical combined six-month/annual statements."",""observation_fingerprint"":""c7d5526a09c8f06d40656ecb2940a43c1040e5115346fae8c6f79591ab26fc93"",""period_confidence"":""PROVEN"",""policy_version"":""PUBLICATION_EVENT_POLICY_V1"",""precedence_decision"":""SELECTED_FIRST_EVENT"",""relations_to_competing_events"":[],""review_reason"":null,""selected_first_event_reason"":""ONLY_QUALIFYING_EVENT""},{""acceptance_timestamp"":""2026-09-04T20:30:14Z"",""accession"":""0001213900-26-097690"",""actual_vs_preliminary"":""ACTUAL"",""eligibility"":""NO"",""eligibility_reason"":""PRO_FORMA_OR_TRANSACTION_CONTEXT"",""entity_confidence"":""PROVEN"",""event_class"":""PRO_FORMA_OR_TRANSACTION_CONTEXT"",""financial_scope"":""Hypothetical combined financial statements for six months and prior fiscal year; not actual consolidated result update"",""observation_fingerprint"":""772a0837bc2c001e0a2b03c4f624d8f4829ff3b374734125456f7cb431d17716"",""period_confidence"":""PROVEN"",""policy_version"":""PUBLICATION_EVENT_POLICY_V1"",""precedence_decision"":""RETAINED_NOT_SELECTED"",""relations_to_competing_events"":[],""review_reason"":null,""selected_first_event_reason"":null}]",[]
GOSS,970,2026,Q2,PUBLICATION_EVENT_POLICY_V1,AMBIGUOUS,,2,1,UNIQUE,UNIQUE,UNIQUE,0001728117-26-000073,2026-08-13T20:02:19Z,ONLY_QUALIFYING_EVENT,,2026-07-27T20:01:09Z,2026-08-13T20:02:19Z,True,False,"[""NO_REVIEWED_DISCREPANCY"",""NO_REVIEWED_DISCREPANCY""]","[{""acceptance_timestamp"":""2026-07-27T20:01:09Z"",""accession"":""0001728117-26-000064"",""actual_vs_preliminary"":""PRELIMINARY_COMPLETED_PERIOD"",""eligibility"":""NO"",""eligibility_reason"":""INSUFFICIENT_BROAD_EARNINGS_MINIMUM"",""entity_confidence"":""PROVEN"",""event_class"":""PRELIMINARY_RESULTS"",""financial_scope"":""Estimated quarter-end cash and investments 57m with regulatory/licensing update; later quarterly revenue/expense and net-result package."",""observation_fingerprint"":""8ba715cc990671828cdfdb1b7582fb57b82c81e39fd9a1e2f1fd5411a74c6b66"",""period_confidence"":""PROVEN"",""policy_version"":""PUBLICATION_EVENT_POLICY_V1"",""precedence_decision"":""RETAINED_NOT_SELECTED"",""relations_to_competing_events"":[],""review_reason"":null,""selected_first_event_reason"":null},{""acceptance_timestamp"":""2026-08-13T20:02:19Z"",""accession"":""0001728117-26-000073"",""actual_vs_preliminary"":""ACTUAL"",""eligibility"":""YES"",""eligibility_reason"":""COMPLETE_PERIOD_EARNINGS_PACKAGE"",""entity_confidence"":""PROVEN"",""event_class"":""FULL_PERIOD_RESULTS"",""financial_scope"":""Canonical reporting entity target-quarter actual GAAP earnings/loss and reported financial result package; full release and financial schedules"",""observation_fingerprint"":""e30330c500c60dacb3dcb857797dacb493b6412875bb983968abc12fbc73abbf"",""period_confidence"":""PROVEN"",""policy_version"":""PUBLICATION_EVENT_POLICY_V1"",""precedence_decision"":""SELECTED_FIRST_EVENT"",""relations_to_competing_events"":[],""review_reason"":null,""selected_first_event_reason"":""ONLY_QUALIFYING_EVENT""}]",[]
REKR,1867,2026,Q2,PUBLICATION_EVENT_POLICY_V1,AMBIGUOUS,,2,1,UNIQUE,UNIQUE,UNIQUE,0001437749-26-027481,2026-08-13T12:00:12Z,ONLY_QUALIFYING_EVENT,,2026-07-15T18:13:28Z,2026-08-13T12:00:12Z,True,False,"[""NO_REVIEWED_DISCREPANCY"",""NO_REVIEWED_DISCREPANCY""]","[{""acceptance_timestamp"":""2026-07-15T18:13:28Z"",""accession"":""0001437749-26-023616"",""actual_vs_preliminary"":""PRELIMINARY_COMPLETED_PERIOD"",""eligibility"":""NO"",""eligibility_reason"":""INSUFFICIENT_BROAD_EARNINGS_MINIMUM"",""entity_confidence"":""PROVEN"",""event_class"":""PRELIMINARY_RESULTS"",""financial_scope"":""Revenue about 12.6m; adjusted gross margin 55%; adjusted EBITDA loss 1.3m; cash 10m. No numeric preliminary GAAP net result."",""observation_fingerprint"":""c9f450b0d27810c4e7d0b714c857cf84b68cf6600515abcc3c484f9b9075e631"",""period_confidence"":""PROVEN"",""policy_version"":""PUBLICATION_EVENT_POLICY_V1"",""precedence_decision"":""RETAINED_NOT_SELECTED"",""relations_to_competing_events"":[],""review_reason"":null,""selected_first_event_reason"":null},{""acceptance_timestamp"":""2026-08-13T12:00:12Z"",""accession"":""0001437749-26-027481"",""actual_vs_preliminary"":""ACTUAL"",""eligibility"":""YES"",""eligibility_reason"":""COMPLETE_PERIOD_EARNINGS_PACKAGE"",""entity_confidence"":""PROVEN"",""event_class"":""FULL_PERIOD_RESULTS"",""financial_scope"":""Canonical reporting entity target-quarter actual GAAP earnings/loss and reported financial result package; full release and financial schedules"",""observation_fingerprint"":""1ab3186c8693be6ab1a796c5d3cb5b124b5422044abfc1bf7c5c03d75cb7feee"",""period_confidence"":""PROVEN"",""policy_version"":""PUBLICATION_EVENT_POLICY_V1"",""precedence_decision"":""SELECTED_FIRST_EVENT"",""relations_to_competing_events"":[],""review_reason"":null,""selected_first_event_reason"":""ONLY_QUALIFYING_EVENT""}]",[]
ANRO,162,2026,Q2,PUBLICATION_EVENT_POLICY_V1,AMBIGUOUS,,2,1,UNIQUE,UNIQUE,UNIQUE,0001999480-26-000022,2026-08-12T20:14:32Z,ONLY_QUALIFYING_EVENT,,2026-07-13T11:39:07Z,2026-08-12T20:14:32Z,True,False,"[""ACCEPTANCE_SOURCE_DISCREPANCY_REVIEWED"",""ACCEPTANCE_SOURCE_DISCREPANCY_REVIEWED""]","[{""acceptance_timestamp"":""2026-07-13T11:39:07Z"",""accession"":""0001104659-26-082875"",""actual_vs_preliminary"":""PRELIMINARY_COMPLETED_PERIOD"",""eligibility"":""NO"",""eligibility_reason"":""INSUFFICIENT_BROAD_EARNINGS_MINIMUM"",""entity_confidence"":""PROVEN"",""event_class"":""PRELIMINARY_RESULTS"",""financial_scope"":""Cash, equivalents and restricted cash estimate 244.2m; clinical pipeline update. Later quarterly financial results."",""observation_fingerprint"":""0dd8bfdee0f40a78f4320bbbe6f38b63748181a48d0416342d25fb6d48ba5764"",""period_confidence"":""PROVEN"",""policy_version"":""PUBLICATION_EVENT_POLICY_V1"",""precedence_decision"":""RETAINED_NOT_SELECTED"",""relations_to_competing_events"":[],""review_reason"":null,""selected_first_event_reason"":null},{""acceptance_timestamp"":""2026-08-12T20:14:32Z"",""accession"":""0001999480-26-000022"",""actual_vs_preliminary"":""ACTUAL"",""eligibility"":""YES"",""eligibility_reason"":""COMPLETE_PERIOD_EARNINGS_PACKAGE"",""entity_confidence"":""PROVEN"",""event_class"":""FULL_PERIOD_RESULTS"",""financial_scope"":""Canonical reporting entity target-quarter actual GAAP earnings/loss and reported financial result package; full release and financial schedules"",""observation_fingerprint"":""390c3dbb0f9b148d454d0a8ae8b94f7b1fb8e310ff804e5d1ffd7affabdb1d0b"",""period_confidence"":""PROVEN"",""policy_version"":""PUBLICATION_EVENT_POLICY_V1"",""precedence_decision"":""SELECTED_FIRST_EVENT"",""relations_to_competing_events"":[],""review_reason"":null,""selected_first_event_reason"":""ONLY_QUALIFYING_EVENT""}]",[]
KSCP,1249,2026,Q2,PUBLICATION_EVENT_POLICY_V1,AMBIGUOUS,,2,1,UNIQUE,UNIQUE,UNIQUE,0001104659-26-094868,2026-08-12T20:07:15Z,ONLY_QUALIFYING_EVENT,,2026-07-20T11:01:12Z,2026-08-12T20:07:15Z,True,False,"[""NO_REVIEWED_DISCREPANCY"",""NO_REVIEWED_DISCREPANCY""]","[{""acceptance_timestamp"":""2026-07-20T11:01:12Z"",""accession"":""0001104659-26-084853"",""actual_vs_preliminary"":""PRELIMINARY_COMPLETED_PERIOD"",""eligibility"":""NO"",""eligibility_reason"":""INSUFFICIENT_BROAD_EARNINGS_MINIMUM"",""entity_confidence"":""PROVEN"",""event_class"":""PRELIMINARY_RESULTS"",""financial_scope"":""Q2 revenue estimate about 9m; customer and strategy update. Later revenue, gross margin, operating expenses, GAAP loss and EPS."",""observation_fingerprint"":""63300071a0f4cbe9cae30eb9069dc285871656868326dfb8149245d2f1b8cc5c"",""period_confidence"":""PROVEN"",""policy_version"":""PUBLICATION_EVENT_POLICY_V1"",""precedence_decision"":""RETAINED_NOT_SELECTED"",""relations_to_competing_events"":[],""review_reason"":null,""selected_first_event_reason"":null},{""acceptance_timestamp"":""2026-08-12T20:07:15Z"",""accession"":""0001104659-26-094868"",""actual_vs_preliminary"":""ACTUAL"",""eligibility"":""YES"",""eligibility_reason"":""COMPLETE_PERIOD_EARNINGS_PACKAGE"",""entity_confidence"":""PROVEN"",""event_class"":""FULL_PERIOD_RESULTS"",""financial_scope"":""Canonical reporting entity target-quarter actual GAAP earnings/loss and reported financial result package; full release and financial schedules"",""observation_fingerprint"":""62e03b3d2be2e9716ec8ac914615d92f39095a132de5e8e6b28f62be226aae26"",""period_confidence"":""PROVEN"",""policy_version"":""PUBLICATION_EVENT_POLICY_V1"",""precedence_decision"":""SELECTED_FIRST_EVENT"",""relations_to_competing_events"":[],""review_reason"":null,""selected_first_event_reason"":""ONLY_QUALIFYING_EVENT""}]",[]
TE,2144,2026,Q2,PUBLICATION_EVENT_POLICY_V1,AMBIGUOUS,,2,2,AMBIGUOUS,UNIQUE,UNIQUE,0001213900-26-081974,2026-07-28T10:37:38Z,FIRST_QUALIFYING_EVENT_IN_PROVEN_TYPED_CHAIN,,2026-07-28T10:37:38Z,2026-08-12T10:50:51Z,False,True,"[""NO_REVIEWED_DISCREPANCY"",""NO_REVIEWED_DISCREPANCY""]","[{""acceptance_timestamp"":""2026-07-28T10:37:38Z"",""accession"":""0001213900-26-081974"",""actual_vs_preliminary"":""PRELIMINARY_COMPLETED_PERIOD"",""eligibility"":""YES"",""eligibility_reason"":""BROAD_COMPLETED_PERIOD_PRELIMINARY_EARNINGS"",""entity_confidence"":""PROVEN"",""event_class"":""PRELIMINARY_RESULTS"",""financial_scope"":""Q2 sales estimate 245-255m; net loss from continuing operations 34-37m; adjusted EBITDA and cash; later same-quarter reported result."",""observation_fingerprint"":""1c629d8fa6373713ce56026102b6eeac8b83e4d57b55ddc65a2dbfeecb0bb757"",""period_confidence"":""PROVEN"",""policy_version"":""PUBLICATION_EVENT_POLICY_V1"",""precedence_decision"":""SELECTED_FIRST_EVENT"",""relations_to_competing_events"":[{""reason"":""PROVEN_TYPED_EVENT_CHAIN"",""relation_evidence_fingerprint"":""0a958c494a7571a8e7efbe3193d40e7f95d8a9f94e2bb6f0b3b9cfd2afbb6cd3"",""relation_type"":""PRELIMINARY_RESULT_TO_COMPLETION_OF_SAME_RESULT"",""valid"":true}],""review_reason"":null,""selected_first_event_reason"":""FIRST_QUALIFYING_EVENT_IN_PROVEN_TYPED_CHAIN""},{""acceptance_timestamp"":""2026-08-12T10:50:51Z"",""accession"":""0001213900-26-088022"",""actual_vs_preliminary"":""ACTUAL"",""eligibility"":""YES"",""eligibility_reason"":""COMPLETE_PERIOD_EARNINGS_PACKAGE"",""entity_confidence"":""PROVEN"",""event_class"":""FULL_PERIOD_RESULTS"",""financial_scope"":""Canonical reporting entity target-quarter actual GAAP earnings/loss and reported financial result package; full release and financial schedules"",""observation_fingerprint"":""ac80661e5d5ea721ac855c8be030263d4ba8f49f7f0aa50aebcc5dd1e1df4f4a"",""period_confidence"":""PROVEN"",""policy_version"":""PUBLICATION_EVENT_POLICY_V1"",""precedence_decision"":""RETAINED_NOT_SELECTED"",""relations_to_competing_events"":[{""reason"":""PROVEN_TYPED_EVENT_CHAIN"",""relation_evidence_fingerprint"":""0a958c494a7571a8e7efbe3193d40e7f95d8a9f94e2bb6f0b3b9cfd2afbb6cd3"",""relation_type"":""PRELIMINARY_RESULT_TO_COMPLETION_OF_SAME_RESULT"",""valid"":true}],""review_reason"":null,""selected_first_event_reason"":null}]","[{""from_evidence_id"":""rpe_e710433054d6f7e9c607dfb8"",""from_excerpt"":"" estimates due to the completion of the Company\u2019s quarterly financial closing procedures. The preliminary estimates presented above are subject to final adjustments and other developments that may arise between the date hereof and the time that the results for the qua"",""from_observation_fingerprint"":""1c629d8fa6373713ce56026102b6eeac8b83e4d57b55ddc65a2dbfeecb0bb757"",""reason"":""PROVEN_TYPED_EVENT_CHAIN"",""relation_evidence_fingerprint"":""0a958c494a7571a8e7efbe3193d40e7f95d8a9f94e2bb6f0b3b9cfd2afbb6cd3"",""relation_reason"":""Reviewed completed-quarter preliminary package subject to closing/finalization and subsequent full package of that exact entity and quarter, not inferred from ordering."",""relation_type"":""PRELIMINARY_RESULT_TO_COMPLETION_OF_SAME_RESULT"",""review_reference"":""docs/fundamentals_v4/fundamentals_v4_phase13g3_71_publication_event_eligibility_policy.md"",""same_economic_chain"":true,""to_evidence_id"":""rpe_82b4aa6032344e6066727f2f"",""to_excerpt"":""Current Report on Form 8-K, which may be referred to on the Company\u2019s conference call for the financial results for the quarter ended June 30, 2026 to be held on August 12, 2026. The Presentation will also be available on the Company\u2019s website at https://www.t1energy.com. The information in"",""to_observation_fingerprint"":""ac80661e5d5ea721ac855c8be030263d4ba8f49f7f0aa50aebcc5dd1e1df4f4a"",""valid"":true}]"
CDXS,434,2026,Q2,PUBLICATION_EVENT_POLICY_V1,AMBIGUOUS,,2,1,UNIQUE,UNIQUE,UNIQUE,0001193125-26-344646,2026-08-11T20:11:09Z,ONLY_QUALIFYING_EVENT,,2026-07-23T20:22:28Z,2026-08-11T20:11:09Z,True,False,"[""NO_REVIEWED_DISCREPANCY"",""NO_REVIEWED_DISCREPANCY""]","[{""acceptance_timestamp"":""2026-07-23T20:22:28Z"",""accession"":""0001193125-26-314158"",""actual_vs_preliminary"":""PRELIMINARY_COMPLETED_PERIOD"",""eligibility"":""NO"",""eligibility_reason"":""INSUFFICIENT_BROAD_EARNINGS_MINIMUM"",""entity_confidence"":""PROVEN"",""event_class"":""PRELIMINARY_RESULTS"",""financial_scope"":""Q2 revenue at least 14.8m and cash/investments about 54.9m; no profit/loss figure."",""observation_fingerprint"":""3fbd15e5ffbfd1175400d487d12d7ca027e74f243caf9c2a3437b247b615d5dc"",""period_confidence"":""PROVEN"",""policy_version"":""PUBLICATION_EVENT_POLICY_V1"",""precedence_decision"":""RETAINED_NOT_SELECTED"",""relations_to_competing_events"":[],""review_reason"":null,""selected_first_event_reason"":null},{""acceptance_timestamp"":""2026-08-11T20:11:09Z"",""accession"":""0001193125-26-344646"",""actual_vs_preliminary"":""ACTUAL"",""eligibility"":""YES"",""eligibility_reason"":""COMPLETE_PERIOD_EARNINGS_PACKAGE"",""entity_confidence"":""PROVEN"",""event_class"":""FULL_PERIOD_RESULTS"",""financial_scope"":""Canonical reporting entity target-quarter actual GAAP earnings/loss and reported financial result package; full release and financial schedules"",""observation_fingerprint"":""b875e1e94be384aa528b3dc633ebe0d461ef3be94f50b22ffd0c7f6b072a636e"",""period_confidence"":""PROVEN"",""policy_version"":""PUBLICATION_EVENT_POLICY_V1"",""precedence_decision"":""SELECTED_FIRST_EVENT"",""relations_to_competing_events"":[],""review_reason"":null,""selected_first_event_reason"":""ONLY_QUALIFYING_EVENT""}]",[]
KLXE,1221,2026,Q2,PUBLICATION_EVENT_POLICY_V1,AMBIGUOUS,,2,1,UNIQUE,UNIQUE,UNIQUE,0001738827-26-000028,2026-08-10T20:21:18Z,ONLY_QUALIFYING_EVENT,,2026-06-30T13:11:51Z,2026-08-10T20:21:18Z,True,False,"[""ACCEPTANCE_SOURCE_DISCREPANCY_REVIEWED"",""ACCEPTANCE_SOURCE_DISCREPANCY_REVIEWED""]","[{""acceptance_timestamp"":""2026-06-30T13:11:51Z"",""accession"":""0001738827-26-000025"",""actual_vs_preliminary"":""ACTUAL"",""eligibility"":""NO"",""eligibility_reason"":""NON_RESULT_EVENT"",""entity_confidence"":""PROVEN"",""event_class"":""NON_RESULT_EVENT"",""financial_scope"":""Generic investor presentation furnished June 30; primary contains no new Q2 earnings announcement. Later explicit Q2 results."",""observation_fingerprint"":""a2658cbe2453ce58c8abcecf3eb865c0311d797e1f54cd6b0db8ef046062c1c3"",""period_confidence"":""PROVEN"",""policy_version"":""PUBLICATION_EVENT_POLICY_V1"",""precedence_decision"":""RETAINED_NOT_SELECTED"",""relations_to_competing_events"":[],""review_reason"":null,""selected_first_event_reason"":null},{""acceptance_timestamp"":""2026-08-10T20:21:18Z"",""accession"":""0001738827-26-000028"",""actual_vs_preliminary"":""ACTUAL"",""eligibility"":""YES"",""eligibility_reason"":""COMPLETE_PERIOD_EARNINGS_PACKAGE"",""entity_confidence"":""PROVEN"",""event_class"":""FULL_PERIOD_RESULTS"",""financial_scope"":""Canonical reporting entity target-quarter actual GAAP earnings/loss and reported financial result package; full release and financial schedules"",""observation_fingerprint"":""7f197aa4608cc61dd6ee8ffff64acd40319e24a668973e304ee1c651a605d991"",""period_confidence"":""PROVEN"",""policy_version"":""PUBLICATION_EVENT_POLICY_V1"",""precedence_decision"":""SELECTED_FIRST_EVENT"",""relations_to_competing_events"":[],""review_reason"":null,""selected_first_event_reason"":""ONLY_QUALIFYING_EVENT""}]",[]
ASTS,217,2026,Q2,PUBLICATION_EVENT_POLICY_V1,AMBIGUOUS,,2,1,UNIQUE,UNIQUE,UNIQUE,0001193125-26-342540,2026-08-10T20:38:57Z,ONLY_QUALIFYING_EVENT,,2026-07-15T20:18:33Z,2026-08-10T20:38:57Z,True,False,"[""NO_REVIEWED_DISCREPANCY"",""NO_REVIEWED_DISCREPANCY""]","[{""acceptance_timestamp"":""2026-07-15T20:18:33Z"",""accession"":""0001493152-26-033365"",""actual_vs_preliminary"":""PRELIMINARY_COMPLETED_PERIOD"",""eligibility"":""NO"",""eligibility_reason"":""INSUFFICIENT_BROAD_EARNINGS_MINIMUM"",""entity_confidence"":""PROVEN"",""event_class"":""PRELIMINARY_RESULTS"",""financial_scope"":""Estimated June 30 cash and restricted cash about 2723m in a note offering; filing explicitly says full financial results are not yet complete."",""observation_fingerprint"":""aa2021dde527cecc36325d463b1d229764a5197a755e3d06bfd40e36b732a912"",""period_confidence"":""PROVEN"",""policy_version"":""PUBLICATION_EVENT_POLICY_V1"",""precedence_decision"":""RETAINED_NOT_SELECTED"",""relations_to_competing_events"":[],""review_reason"":null,""selected_first_event_reason"":null},{""acceptance_timestamp"":""2026-08-10T20:38:57Z"",""accession"":""0001193125-26-342540"",""actual_vs_preliminary"":""ACTUAL"",""eligibility"":""YES"",""eligibility_reason"":""COMPLETE_PERIOD_EARNINGS_PACKAGE"",""entity_confidence"":""PROVEN"",""event_class"":""FULL_PERIOD_RESULTS"",""financial_scope"":""Canonical reporting entity target-quarter actual GAAP earnings/loss and reported financial result package; full release and financial schedules"",""observation_fingerprint"":""ab5346608553c8a5df6c14ce8d033085ba9baba7a1a10669059d3c0d95621d11"",""period_confidence"":""PROVEN"",""policy_version"":""PUBLICATION_EVENT_POLICY_V1"",""precedence_decision"":""SELECTED_FIRST_EVENT"",""relations_to_competing_events"":[],""review_reason"":null,""selected_first_event_reason"":""ONLY_QUALIFYING_EVENT""}]",[]
BKD,323,2026,Q2,PUBLICATION_EVENT_POLICY_V1,AMBIGUOUS,,2,1,UNIQUE,UNIQUE,UNIQUE,0001332349-26-000062,2026-08-10T20:18:01Z,ONLY_QUALIFYING_EVENT,,2026-07-09T20:18:59Z,2026-08-10T20:18:01Z,True,False,"[""NO_REVIEWED_DISCREPANCY"",""NO_REVIEWED_DISCREPANCY""]","[{""acceptance_timestamp"":""2026-07-09T20:18:59Z"",""accession"":""0001332349-26-000057"",""actual_vs_preliminary"":""ACTUAL"",""eligibility"":""NO"",""eligibility_reason"":""NON_RESULT_EVENT"",""entity_confidence"":""PROVEN"",""event_class"":""NON_RESULT_EVENT"",""financial_scope"":""June occupancy and weighted-quarter occupancy statistics; no financial result package. Later earnings and supplemental schedules."",""observation_fingerprint"":""c9033214c31e36fef6e45f7c46bd283152bc830a9c6c5cd2cca9bc96d6d25eb2"",""period_confidence"":""PROVEN"",""policy_version"":""PUBLICATION_EVENT_POLICY_V1"",""precedence_decision"":""RETAINED_NOT_SELECTED"",""relations_to_competing_events"":[],""review_reason"":null,""selected_first_event_reason"":null},{""acceptance_timestamp"":""2026-08-10T20:18:01Z"",""accession"":""0001332349-26-000062"",""actual_vs_preliminary"":""ACTUAL"",""eligibility"":""YES"",""eligibility_reason"":""COMPLETE_PERIOD_EARNINGS_PACKAGE"",""entity_confidence"":""PROVEN"",""event_class"":""FULL_PERIOD_RESULTS"",""financial_scope"":""Canonical reporting entity target-quarter actual GAAP earnings/loss and reported financial result package; full release and financial schedules"",""observation_fingerprint"":""be75b8ce571ad2f20e977ba850606cc1269ad31c6419c36bae6ac7917763cedc"",""period_confidence"":""PROVEN"",""policy_version"":""PUBLICATION_EVENT_POLICY_V1"",""precedence_decision"":""SELECTED_FIRST_EVENT"",""relations_to_competing_events"":[],""review_reason"":null,""selected_first_event_reason"":""ONLY_QUALIFYING_EVENT""}]",[]
CRC,556,2026,Q2,PUBLICATION_EVENT_POLICY_V1,AMBIGUOUS,,2,1,UNIQUE,UNIQUE,UNIQUE,0001609253-26-000127,2026-08-10T12:06:09Z,ONLY_QUALIFYING_EVENT,,2026-07-14T13:00:34Z,2026-08-10T12:06:09Z,True,False,"[""NO_REVIEWED_DISCREPANCY"",""NO_REVIEWED_DISCREPANCY""]","[{""acceptance_timestamp"":""2026-07-14T13:00:34Z"",""accession"":""0001609253-26-000122"",""actual_vs_preliminary"":""PRELIMINARY_COMPLETED_PERIOD"",""eligibility"":""NO"",""eligibility_reason"":""INSUFFICIENT_BROAD_EARNINGS_MINIMUM"",""entity_confidence"":""PROVEN"",""event_class"":""PRELIMINARY_RESULTS"",""financial_scope"":""Quarter realized prices and commodity derivative summary; explicit disclaimer that this is not a quarterly earnings estimate."",""observation_fingerprint"":""676e6adc1022f5feea4516a243fbeff1a38f1593f28eea0e2651103ef1091bc8"",""period_confidence"":""PROVEN"",""policy_version"":""PUBLICATION_EVENT_POLICY_V1"",""precedence_decision"":""RETAINED_NOT_SELECTED"",""relations_to_competing_events"":[],""review_reason"":null,""selected_first_event_reason"":null},{""acceptance_timestamp"":""2026-08-10T12:06:09Z"",""accession"":""0001609253-26-000127"",""actual_vs_preliminary"":""ACTUAL"",""eligibility"":""YES"",""eligibility_reason"":""COMPLETE_PERIOD_EARNINGS_PACKAGE"",""entity_confidence"":""PROVEN"",""event_class"":""FULL_PERIOD_RESULTS"",""financial_scope"":""Canonical reporting entity target-quarter actual GAAP earnings/loss and reported financial result package; full release and financial schedules"",""observation_fingerprint"":""040b9ceebebf0e4c367d3ed45d3b7e360761531ae3a21ce2ceec50f729d948b3"",""period_confidence"":""PROVEN"",""policy_version"":""PUBLICATION_EVENT_POLICY_V1"",""precedence_decision"":""SELECTED_FIRST_EVENT"",""relations_to_competing_events"":[],""review_reason"":null,""selected_first_event_reason"":""ONLY_QUALIFYING_EVENT""}]",[]
PLUG,1755,2026,Q2,PUBLICATION_EVENT_POLICY_V1,AMBIGUOUS,,2,1,UNIQUE,UNIQUE,UNIQUE,0001104659-26-093339,2026-08-10T20:01:21Z,ONLY_QUALIFYING_EVENT,,2026-07-13T11:15:41Z,2026-08-10T20:01:21Z,True,False,"[""NO_REVIEWED_DISCREPANCY"",""NO_REVIEWED_DISCREPANCY""]","[{""acceptance_timestamp"":""2026-07-13T11:15:41Z"",""accession"":""0001104659-26-082854"",""actual_vs_preliminary"":""PRELIMINARY_COMPLETED_PERIOD"",""eligibility"":""NO"",""eligibility_reason"":""INSUFFICIENT_BROAD_EARNINGS_MINIMUM"",""entity_confidence"":""PROVEN"",""event_class"":""PRELIMINARY_RESULTS"",""financial_scope"":""Unrestricted cash estimate 162m in an asset sale/liquidity update; later full quarterly financial results."",""observation_fingerprint"":""de5665b47358c1ecff80c1384ce2aa3304e8736c74a8805ae2d4913ad7e3f556"",""period_confidence"":""PROVEN"",""policy_version"":""PUBLICATION_EVENT_POLICY_V1"",""precedence_decision"":""RETAINED_NOT_SELECTED"",""relations_to_competing_events"":[],""review_reason"":null,""selected_first_event_reason"":null},{""acceptance_timestamp"":""2026-08-10T20:01:21Z"",""accession"":""0001104659-26-093339"",""actual_vs_preliminary"":""ACTUAL"",""eligibility"":""YES"",""eligibility_reason"":""COMPLETE_PERIOD_EARNINGS_PACKAGE"",""entity_confidence"":""PROVEN"",""event_class"":""FULL_PERIOD_RESULTS"",""financial_scope"":""Canonical reporting entity target-quarter actual GAAP earnings/loss and reported financial result package; full release and financial schedules"",""observation_fingerprint"":""4f71dbcb2b624ec06f154ce2f865a9fbd2e752962da6776696b52c1c5367f289"",""period_confidence"":""PROVEN"",""policy_version"":""PUBLICATION_EVENT_POLICY_V1"",""precedence_decision"":""SELECTED_FIRST_EVENT"",""relations_to_competing_events"":[],""review_reason"":null,""selected_first_event_reason"":""ONLY_QUALIFYING_EVENT""}]",[]
RDVT,1860,2026,Q2,PUBLICATION_EVENT_POLICY_V1,AMBIGUOUS,,2,2,AMBIGUOUS,UNIQUE,UNIQUE,0001193125-26-335043,2026-08-05T20:05:42Z,FIRST_QUALIFYING_EVENT_IN_PROVEN_TYPED_CHAIN,,2026-08-05T20:05:42Z,2026-08-11T21:26:49Z,False,True,"[""NO_REVIEWED_DISCREPANCY"",""NO_REVIEWED_DISCREPANCY""]","[{""acceptance_timestamp"":""2026-08-05T20:05:42Z"",""accession"":""0001193125-26-335043"",""actual_vs_preliminary"":""PRELIMINARY_COMPLETED_PERIOD"",""eligibility"":""YES"",""eligibility_reason"":""BROAD_COMPLETED_PERIOD_PRELIMINARY_EARNINGS"",""entity_confidence"":""PROVEN"",""event_class"":""PRELIMINARY_RESULTS"",""financial_scope"":""Q2 estimated revenue 26.710m; GAAP net income 4.960m; net margin and adjusted EBITDA with reconciliation."",""observation_fingerprint"":""e129ed24ae4ae1466a72b1001ee0acc6fb553c2484888d1920cefde6d963bfa3"",""period_confidence"":""PROVEN"",""policy_version"":""PUBLICATION_EVENT_POLICY_V1"",""precedence_decision"":""SELECTED_FIRST_EVENT"",""relations_to_competing_events"":[{""reason"":""PROVEN_TYPED_EVENT_CHAIN"",""relation_evidence_fingerprint"":""5a56b10f61f7d763f52897f0cb994784cd551d3e2a80b66be8898d5a69f540cf"",""relation_type"":""PRELIMINARY_RESULT_TO_COMPLETION_OF_SAME_RESULT"",""valid"":true}],""review_reason"":null,""selected_first_event_reason"":""FIRST_QUALIFYING_EVENT_IN_PROVEN_TYPED_CHAIN""},{""acceptance_timestamp"":""2026-08-11T21:26:49Z"",""accession"":""0001193125-26-345050"",""actual_vs_preliminary"":""ACTUAL"",""eligibility"":""YES"",""eligibility_reason"":""COMPLETE_PERIOD_EARNINGS_PACKAGE"",""entity_confidence"":""PROVEN"",""event_class"":""FULL_PERIOD_RESULTS"",""financial_scope"":""Canonical reporting entity target-quarter actual GAAP earnings/loss and reported financial result package; full release and financial schedules"",""observation_fingerprint"":""eda7c96a457893e751be68e976d65da1db84ae7f83ec01b30defe23a4b3e1c66"",""period_confidence"":""PROVEN"",""policy_version"":""PUBLICATION_EVENT_POLICY_V1"",""precedence_decision"":""RETAINED_NOT_SELECTED"",""relations_to_competing_events"":[{""reason"":""PROVEN_TYPED_EVENT_CHAIN"",""relation_evidence_fingerprint"":""5a56b10f61f7d763f52897f0cb994784cd551d3e2a80b66be8898d5a69f540cf"",""relation_type"":""PRELIMINARY_RESULT_TO_COMPLETION_OF_SAME_RESULT"",""valid"":true}],""review_reason"":null,""selected_first_event_reason"":null}]","[{""from_evidence_id"":""rpe_daad430d100b2abafcbbbc7c"",""from_excerpt"":"" Company and are subject to the completion of the Company\u2019s financial closing procedures. The Company has provided estimates, rather than specific amounts, because these results are preliminary and subject to change. The Company\u2019s financial closing procedures for the "",""from_observation_fingerprint"":""e129ed24ae4ae1466a72b1001ee0acc6fb553c2484888d1920cefde6d963bfa3"",""reason"":""PROVEN_TYPED_EVENT_CHAIN"",""relation_evidence_fingerprint"":""5a56b10f61f7d763f52897f0cb994784cd551d3e2a80b66be8898d5a69f540cf"",""relation_reason"":""Reviewed completed-quarter preliminary package subject to closing/finalization and subsequent full package of that exact entity and quarter, not inferred from ordering."",""relation_type"":""PRELIMINARY_RESULT_TO_COMPLETION_OF_SAME_RESULT"",""review_reference"":""docs/fundamentals_v4/fundamentals_v4_phase13g3_71_publication_event_eligibility_policy.md"",""same_economic_chain"":true,""to_evidence_id"":""rpe_56da86bcb40c4b0940977550"",""to_excerpt"":""llowing the issuance of the Earnings Release, the Company conducted a conference call to discuss the reported financial results for the second quarter ended June 30, 2026. The Company had issued a press release on July 28, 2026 to announce the scheduling of the conference call. A copy of the transcript of "",""to_observation_fingerprint"":""eda7c96a457893e751be68e976d65da1db84ae7f83ec01b30defe23a4b3e1c66"",""valid"":true}]"
RXT,1938,2026,Q2,PUBLICATION_EVENT_POLICY_V1,AMBIGUOUS,,2,2,AMBIGUOUS,UNIQUE,UNIQUE,0001810019-26-000078,2026-07-09T12:13:03Z,FIRST_QUALIFYING_EVENT_IN_PROVEN_TYPED_CHAIN,,2026-07-09T12:13:03Z,2026-08-10T20:08:51Z,False,True,"[""NO_REVIEWED_DISCREPANCY"",""NO_REVIEWED_DISCREPANCY""]","[{""acceptance_timestamp"":""2026-07-09T12:13:03Z"",""accession"":""0001810019-26-000078"",""actual_vs_preliminary"":""PRELIMINARY_COMPLETED_PERIOD"",""eligibility"":""YES"",""eligibility_reason"":""BROAD_COMPLETED_PERIOD_PRELIMINARY_EARNINGS"",""entity_confidence"":""PROVEN"",""event_class"":""PRELIMINARY_RESULTS"",""financial_scope"":""Q2 revenue range 641-649m; GAAP net loss 62-91m; GAAP operating loss and EPS; later complete quarterly results."",""observation_fingerprint"":""18ee67fe61a595e66b22a3696044974ae5d663904e252e28537ccbb5a8671b35"",""period_confidence"":""PROVEN"",""policy_version"":""PUBLICATION_EVENT_POLICY_V1"",""precedence_decision"":""SELECTED_FIRST_EVENT"",""relations_to_competing_events"":[{""reason"":""PROVEN_TYPED_EVENT_CHAIN"",""relation_evidence_fingerprint"":""336ed17732a589d798d8f2ad259411b797694cab98f8baa852b4271b1c7d6540"",""relation_type"":""PRELIMINARY_RESULT_TO_COMPLETION_OF_SAME_RESULT"",""valid"":true}],""review_reason"":null,""selected_first_event_reason"":""FIRST_QUALIFYING_EVENT_IN_PROVEN_TYPED_CHAIN""},{""acceptance_timestamp"":""2026-08-10T20:08:51Z"",""accession"":""0001810019-26-000092"",""actual_vs_preliminary"":""ACTUAL"",""eligibility"":""YES"",""eligibility_reason"":""COMPLETE_PERIOD_EARNINGS_PACKAGE"",""entity_confidence"":""PROVEN"",""event_class"":""FULL_PERIOD_RESULTS"",""financial_scope"":""Canonical reporting entity target-quarter actual GAAP earnings/loss and reported financial result package; full release and financial schedules"",""observation_fingerprint"":""1218c571f441aa4570f1482b05a8b74fd7814336600f8d630c16c99aea73fb26"",""period_confidence"":""PROVEN"",""policy_version"":""PUBLICATION_EVENT_POLICY_V1"",""precedence_decision"":""RETAINED_NOT_SELECTED"",""relations_to_competing_events"":[{""reason"":""PROVEN_TYPED_EVENT_CHAIN"",""relation_evidence_fingerprint"":""336ed17732a589d798d8f2ad259411b797694cab98f8baa852b4271b1c7d6540"",""relation_type"":""PRELIMINARY_RESULT_TO_COMPLETION_OF_SAME_RESULT"",""valid"":true}],""review_reason"":null,""selected_first_event_reason"":null}]","[{""from_evidence_id"":""rpe_3513c1fc8eeb4fbdb6ed0250"",""from_excerpt"":""Form 8-K and are subject to the completion of the Company\u2019s financial closing procedures, quarter-end review processes and other developments that may arise between now and the time the Company\u2019s financial results for the quarter are finalized. These preliminary resul"",""from_observation_fingerprint"":""18ee67fe61a595e66b22a3696044974ae5d663904e252e28537ccbb5a8671b35"",""reason"":""PROVEN_TYPED_EVENT_CHAIN"",""relation_evidence_fingerprint"":""336ed17732a589d798d8f2ad259411b797694cab98f8baa852b4271b1c7d6540"",""relation_reason"":""Reviewed completed-quarter preliminary package subject to closing/finalization and subsequent full package of that exact entity and quarter, not inferred from ordering."",""relation_type"":""PRELIMINARY_RESULT_TO_COMPLETION_OF_SAME_RESULT"",""review_reference"":""docs/fundamentals_v4/fundamentals_v4_phase13g3_71_publication_event_eligibility_policy.md"",""same_economic_chain"":true,""to_evidence_id"":""rpe_c05db24c28e50ddc0749e564"",""to_excerpt"":""periods, but the impact of such adjustments could be significant. -2- Conference Call and Webcast Rackspace Technology will hold a conference call August 11, 2026, at 7:30am CT / 8:30am ET to discuss its second quarter 2026 results. Interested parties may access the conference call as follows: To listen to the live webcast or access the replay following the webcast, please visit our IR website at the followi"",""to_observation_fingerprint"":""1218c571f441aa4570f1482b05a8b74fd7814336600f8d630c16c99aea73fb26"",""valid"":true}]"
AMR,145,2026,Q2,PUBLICATION_EVENT_POLICY_V1,AMBIGUOUS,,2,1,REVIEW,REVIEW,REVIEW,,,NO_DETERMINISTIC_FIRST_EVENT,REVIEW_REQUIRED_EVENT_SCOPE,2026-07-27T12:02:06Z,2026-08-07T11:32:23Z,,,"[""NO_REVIEWED_DISCREPANCY"",""NO_REVIEWED_DISCREPANCY""]","[{""acceptance_timestamp"":""2026-07-27T12:02:06Z"",""accession"":""0001704715-26-000025"",""actual_vs_preliminary"":""PRELIMINARY_COMPLETED_PERIOD"",""eligibility"":""REVIEW"",""eligibility_reason"":""REVIEW_REQUIRED_EVENT_SCOPE"",""entity_confidence"":""PROVEN"",""event_class"":""PRELIMINARY_RESULTS"",""financial_scope"":""Company GAAP net loss 12.3m and EPS; Met-segment coal revenue 491.5m, cost and shipment tables; no explicitly labeled consolidated total revenue in preliminary exhibit."",""observation_fingerprint"":""b6f50c081a25f5b371ca880e7ed0f562756d4e242d156dba14946ac4527152e5"",""period_confidence"":""PROVEN"",""policy_version"":""PUBLICATION_EVENT_POLICY_V1"",""precedence_decision"":""RETAINED_NOT_SELECTED"",""relations_to_competing_events"":[],""review_reason"":""REVIEW_REQUIRED_EVENT_SCOPE"",""selected_first_event_reason"":null},{""acceptance_timestamp"":""2026-08-07T11:32:23Z"",""accession"":""0001704715-26-000030"",""actual_vs_preliminary"":""ACTUAL"",""eligibility"":""YES"",""eligibility_reason"":""COMPLETE_PERIOD_EARNINGS_PACKAGE"",""entity_confidence"":""PROVEN"",""event_class"":""FULL_PERIOD_RESULTS"",""financial_scope"":""Canonical reporting entity target-quarter actual GAAP earnings/loss and reported financial result package; full release and financial schedules"",""observation_fingerprint"":""e45a03530c4a5e591ea04fb9073ce79ce5451448a28c88f6cc2a347f53b1f94e"",""period_confidence"":""PROVEN"",""policy_version"":""PUBLICATION_EVENT_POLICY_V1"",""precedence_decision"":""RETAINED_NOT_SELECTED"",""relations_to_competing_events"":[],""review_reason"":null,""selected_first_event_reason"":null}]",[]
ARKO,195,2026,Q2,PUBLICATION_EVENT_POLICY_V1,AMBIGUOUS,,2,1,UNIQUE,UNIQUE,UNIQUE,0001193125-26-339092,2026-08-07T11:00:16Z,ONLY_QUALIFYING_EVENT,,2026-08-06T20:08:30Z,2026-08-07T11:00:16Z,True,False,"[""NO_REVIEWED_DISCREPANCY"",""NO_REVIEWED_DISCREPANCY""]","[{""acceptance_timestamp"":""2026-08-06T20:08:30Z"",""accession"":""0001193125-26-337978"",""actual_vs_preliminary"":""ACTUAL"",""eligibility"":""NO"",""eligibility_reason"":""OTHER_ENTITY_RESULTS"",""entity_confidence"":""OTHER_ENTITY"",""event_class"":""PARENT_SUBSIDIARY_OVERLAP"",""financial_scope"":""APC consolidated earnings, while canonical company is ARKO parent. Primary says certain parent results included; exhibit does not establish a broad ARKO-parent package."",""observation_fingerprint"":""c0f108ba297481fb4b0c373357fa0ba013bd6ff01ff29e23a8a6e253084393dd"",""period_confidence"":""PROVEN"",""policy_version"":""PUBLICATION_EVENT_POLICY_V1"",""precedence_decision"":""RETAINED_NOT_SELECTED"",""relations_to_competing_events"":[],""review_reason"":null,""selected_first_event_reason"":null},{""acceptance_timestamp"":""2026-08-07T11:00:16Z"",""accession"":""0001193125-26-339092"",""actual_vs_preliminary"":""ACTUAL"",""eligibility"":""YES"",""eligibility_reason"":""COMPLETE_PERIOD_EARNINGS_PACKAGE"",""entity_confidence"":""PROVEN"",""event_class"":""FULL_PERIOD_RESULTS"",""financial_scope"":""Canonical reporting entity target-quarter actual GAAP earnings/loss and reported financial result package; full release and financial schedules"",""observation_fingerprint"":""f19bb48fc083e5c870d1dee508f1433875f3abec2b392df3c23d06b21c02513d"",""period_confidence"":""PROVEN"",""policy_version"":""PUBLICATION_EVENT_POLICY_V1"",""precedence_decision"":""SELECTED_FIRST_EVENT"",""relations_to_competing_events"":[],""review_reason"":null,""selected_first_event_reason"":""ONLY_QUALIFYING_EVENT""}]",[]
APA,168,2026,Q2,PUBLICATION_EVENT_POLICY_V1,AMBIGUOUS,,2,1,UNIQUE,UNIQUE,UNIQUE,0001841666-26-000050,2026-08-05T20:33:08Z,ONLY_QUALIFYING_EVENT,,2026-07-08T21:07:26Z,2026-08-05T20:33:08Z,True,False,"[""NO_REVIEWED_DISCREPANCY"",""NO_REVIEWED_DISCREPANCY""]","[{""acceptance_timestamp"":""2026-07-08T21:07:26Z"",""accession"":""0001841666-26-000045"",""actual_vs_preliminary"":""ACTUAL"",""eligibility"":""NO"",""eligibility_reason"":""INSUFFICIENT_BROAD_EARNINGS_MINIMUM"",""entity_confidence"":""PROVEN"",""event_class"":""SUPPLEMENTAL_RESULT_INFORMATION"",""financial_scope"":""Realized-price estimates, dry-hole costs, trading gains and production considerations; expressly not a comprehensive Q2 result presentation."",""observation_fingerprint"":""574e10ba2ab5dd98629e243e38b0d4e7ea72b16ab6b426e1c03fa2a2f1b28679"",""period_confidence"":""PROVEN"",""policy_version"":""PUBLICATION_EVENT_POLICY_V1"",""precedence_decision"":""RETAINED_NOT_SELECTED"",""relations_to_competing_events"":[],""review_reason"":null,""selected_first_event_reason"":null},{""acceptance_timestamp"":""2026-08-05T20:33:08Z"",""accession"":""0001841666-26-000050"",""actual_vs_preliminary"":""ACTUAL"",""eligibility"":""YES"",""eligibility_reason"":""COMPLETE_PERIOD_EARNINGS_PACKAGE"",""entity_confidence"":""PROVEN"",""event_class"":""FULL_PERIOD_RESULTS"",""financial_scope"":""Canonical reporting entity target-quarter actual GAAP earnings/loss and reported financial result package; full release and financial schedules"",""observation_fingerprint"":""31c1c6cf955aa608a45517a135793289f1204ab538b7f8de75d12e8e476a1367"",""period_confidence"":""PROVEN"",""policy_version"":""PUBLICATION_EVENT_POLICY_V1"",""precedence_decision"":""SELECTED_FIRST_EVENT"",""relations_to_competing_events"":[],""review_reason"":null,""selected_first_event_reason"":""ONLY_QUALIFYING_EVENT""}]",[]
CF,448,2026,Q2,PUBLICATION_EVENT_POLICY_V1,AMBIGUOUS,,2,1,UNIQUE,UNIQUE,UNIQUE,0001324404-26-000017,2026-08-05T20:42:56Z,ONLY_QUALIFYING_EVENT,,2026-08-05T20:42:56Z,2026-08-05T21:22:46Z,False,True,"[""NO_REVIEWED_DISCREPANCY"",""NO_REVIEWED_DISCREPANCY""]","[{""acceptance_timestamp"":""2026-08-05T20:42:56Z"",""accession"":""0001324404-26-000017"",""actual_vs_preliminary"":""ACTUAL"",""eligibility"":""YES"",""eligibility_reason"":""COMPLETE_PERIOD_EARNINGS_PACKAGE"",""entity_confidence"":""PROVEN"",""event_class"":""FULL_PERIOD_RESULTS"",""financial_scope"":""Quarter net earnings and EPS, full financial schedules; same-results call presentation in a separate accession."",""observation_fingerprint"":""31be1f6598e9f72284423dbdfa53bae892f0e10bbc70b8df406b3d37c61d3abd"",""period_confidence"":""PROVEN"",""policy_version"":""PUBLICATION_EVENT_POLICY_V1"",""precedence_decision"":""SELECTED_FIRST_EVENT"",""relations_to_competing_events"":[{""reason"":""PROVEN_TYPED_EVENT_CHAIN"",""relation_evidence_fingerprint"":""8c3ac19d098660bed15fe638cececb41b5927a8b92a07de4457127bbf9b30940"",""relation_type"":""RESULT_TO_SAME_RESULT_REPEAT"",""valid"":true}],""review_reason"":null,""selected_first_event_reason"":""ONLY_QUALIFYING_EVENT""},{""acceptance_timestamp"":""2026-08-05T21:22:46Z"",""accession"":""0001104659-26-091275"",""actual_vs_preliminary"":""ACTUAL"",""eligibility"":""NO"",""eligibility_reason"":""PROVEN_SAME_RESULT_REPEAT"",""entity_confidence"":""PROVEN"",""event_class"":""DUPLICATE_OR_REPEAT_PUBLICATION"",""financial_scope"":""Call presentation of same second-quarter and first-half financial results as paired release"",""observation_fingerprint"":""f28ffd1ec7ceacd433e0e8d5ddbb0962ba5e70f6a4f30c0767487b92d9953fd6"",""period_confidence"":""PROVEN"",""policy_version"":""PUBLICATION_EVENT_POLICY_V1"",""precedence_decision"":""RETAINED_NOT_SELECTED"",""relations_to_competing_events"":[{""reason"":""PROVEN_TYPED_EVENT_CHAIN"",""relation_evidence_fingerprint"":""8c3ac19d098660bed15fe638cececb41b5927a8b92a07de4457127bbf9b30940"",""relation_type"":""RESULT_TO_SAME_RESULT_REPEAT"",""valid"":true}],""review_reason"":null,""selected_first_event_reason"":null}]","[{""from_evidence_id"":""rpe_f5eecdc0a6be0d086395068a"",""from_excerpt"":""17 billion, and adjusted EBITDA (2) of $2.18 billion. First half 2026 financial results include a gain of approximately\n[...]\n.37 billion, and adjusted EBITDA of $1.41 billion. First half 2026 financial results include a gain of approximately $170 million from a liti"",""from_observation_fingerprint"":""31be1f6598e9f72284423dbdfa53bae892f0e10bbc70b8df406b3d37c61d3abd"",""reason"":""PROVEN_TYPED_EVENT_CHAIN"",""relation_evidence_fingerprint"":""8c3ac19d098660bed15fe638cececb41b5927a8b92a07de4457127bbf9b30940"",""relation_reason"":""The call presentation is explicitly tied to discussing the same quarter results and is a supplemental artifact, not a new first-publication release. Retain its evidence with a same-event relationship, not a second competing first timestamp."",""relation_type"":""RESULT_TO_SAME_RESULT_REPEAT"",""review_reference"":""docs/fundamentals_v4/fundamentals_v4_phase13g3_71_publication_event_eligibility_policy.md"",""same_economic_chain"":true,""to_evidence_id"":""rpe_fe37243afcb6989ffefb9173"",""to_excerpt"":""ondition. On August 6, 2026, CF Industries Holdings, Inc. will host a conference call discussing its results for the quarter ended June 30, 2026, at which the presentation attached hereto as Exhibit 99.1 will be used. The information set forth herein, including the exhibit attached heret"",""to_observation_fingerprint"":""f28ffd1ec7ceacd433e0e8d5ddbb0962ba5e70f6a4f30c0767487b92d9953fd6"",""valid"":true}]"
DMLP,688,2026,Q2,PUBLICATION_EVENT_POLICY_V1,AMBIGUOUS,,2,1,UNIQUE,UNIQUE,UNIQUE,0001437749-26-026405,2026-08-07T00:18:10Z,ONLY_QUALIFYING_EVENT,,2026-07-23T20:02:06Z,2026-08-07T00:18:10Z,True,False,"[""NO_REVIEWED_DISCREPANCY"",""NO_REVIEWED_DISCREPANCY""]","[{""acceptance_timestamp"":""2026-07-23T20:02:06Z"",""accession"":""0001437749-26-024295"",""actual_vs_preliminary"":""ACTUAL"",""eligibility"":""NO"",""eligibility_reason"":""INSUFFICIENT_BROAD_EARNINGS_MINIMUM"",""entity_confidence"":""PROVEN"",""event_class"":""PARTIAL_RESULTS"",""financial_scope"":""Distribution per unit and royalty/net-profits cash receipts, including prior sales periods; later revenue and GAAP earnings package."",""observation_fingerprint"":""bf2a22269cf11a0943051e8aee610957caad61b00961280d7a2c095379645319"",""period_confidence"":""PROVEN"",""policy_version"":""PUBLICATION_EVENT_POLICY_V1"",""precedence_decision"":""RETAINED_NOT_SELECTED"",""relations_to_competing_events"":[],""review_reason"":null,""selected_first_event_reason"":null},{""acceptance_timestamp"":""2026-08-07T00:18:10Z"",""accession"":""0001437749-26-026405"",""actual_vs_preliminary"":""ACTUAL"",""eligibility"":""YES"",""eligibility_reason"":""COMPLETE_PERIOD_EARNINGS_PACKAGE"",""entity_confidence"":""PROVEN"",""event_class"":""FULL_PERIOD_RESULTS"",""financial_scope"":""Canonical reporting entity target-quarter actual GAAP earnings/loss and reported financial result package; full release and financial schedules"",""observation_fingerprint"":""e97785842da6c31223a1e8298b550224661b8be9b1665f796fd62ad1b4be4359"",""period_confidence"":""PROVEN"",""policy_version"":""PUBLICATION_EVENT_POLICY_V1"",""precedence_decision"":""SELECTED_FIRST_EVENT"",""relations_to_competing_events"":[],""review_reason"":null,""selected_first_event_reason"":""ONLY_QUALIFYING_EVENT""}]",[]
PDYN,1712,2026,Q2,PUBLICATION_EVENT_POLICY_V1,AMBIGUOUS,,2,1,UNIQUE,UNIQUE,UNIQUE,0001193125-26-336621,2026-08-06T10:47:17Z,ONLY_QUALIFYING_EVENT,,2026-07-08T11:04:42Z,2026-08-06T10:47:17Z,True,False,"[""ACCEPTANCE_SOURCE_DISCREPANCY_REVIEWED"",""ACCEPTANCE_SOURCE_DISCREPANCY_REVIEWED""]","[{""acceptance_timestamp"":""2026-07-08T11:04:42Z"",""accession"":""0001193125-26-297985"",""actual_vs_preliminary"":""PRELIMINARY_COMPLETED_PERIOD"",""eligibility"":""NO"",""eligibility_reason"":""INSUFFICIENT_BROAD_EARNINGS_MINIMUM"",""entity_confidence"":""PROVEN"",""event_class"":""PRELIMINARY_RESULTS"",""financial_scope"":""Q2 revenue estimate 5.8m; backlog 24m; cash/investments 44m; no GAAP earnings metric."",""observation_fingerprint"":""fb067fae3b4458c71571ce515db24fcc7a3bd2fa84b49177a13bfd8082c5c5af"",""period_confidence"":""PROVEN"",""policy_version"":""PUBLICATION_EVENT_POLICY_V1"",""precedence_decision"":""RETAINED_NOT_SELECTED"",""relations_to_competing_events"":[],""review_reason"":null,""selected_first_event_reason"":null},{""acceptance_timestamp"":""2026-08-06T10:47:17Z"",""accession"":""0001193125-26-336621"",""actual_vs_preliminary"":""ACTUAL"",""eligibility"":""YES"",""eligibility_reason"":""COMPLETE_PERIOD_EARNINGS_PACKAGE"",""entity_confidence"":""PROVEN"",""event_class"":""FULL_PERIOD_RESULTS"",""financial_scope"":""Canonical reporting entity target-quarter actual GAAP earnings/loss and reported financial result package; full release and financial schedules"",""observation_fingerprint"":""c9266d255f379b99c57f61eebb588a1b0286bbedb8c1c8ccbc3c97842c963df1"",""period_confidence"":""PROVEN"",""policy_version"":""PUBLICATION_EVENT_POLICY_V1"",""precedence_decision"":""SELECTED_FIRST_EVENT"",""relations_to_competing_events"":[],""review_reason"":null,""selected_first_event_reason"":""ONLY_QUALIFYING_EVENT""}]",[]
RGLD,1878,2026,Q2,PUBLICATION_EVENT_POLICY_V1,AMBIGUOUS,,2,1,UNIQUE,UNIQUE,UNIQUE,0000085535-26-000038,2026-08-05T21:14:50Z,ONLY_QUALIFYING_EVENT,,2026-07-21T13:05:12Z,2026-08-05T21:14:50Z,True,False,"[""NO_REVIEWED_DISCREPANCY"",""NO_REVIEWED_DISCREPANCY""]","[{""acceptance_timestamp"":""2026-07-21T13:05:12Z"",""accession"":""0000085535-26-000032"",""actual_vs_preliminary"":""PRELIMINARY_COMPLETED_PERIOD"",""eligibility"":""NO"",""eligibility_reason"":""INSUFFICIENT_BROAD_EARNINGS_MINIMUM"",""entity_confidence"":""PROVEN"",""event_class"":""PRELIMINARY_RESULTS"",""financial_scope"":""Stream/royalty sales, unit costs and DD&A estimates; debt and repurchase updates; no preliminary net income."",""observation_fingerprint"":""4387745ad78769ec8b7a92f79631f6cb7b0242a29c1a7faacac2e787fa596cc9"",""period_confidence"":""PROVEN"",""policy_version"":""PUBLICATION_EVENT_POLICY_V1"",""precedence_decision"":""RETAINED_NOT_SELECTED"",""relations_to_competing_events"":[],""review_reason"":null,""selected_first_event_reason"":null},{""acceptance_timestamp"":""2026-08-05T21:14:50Z"",""accession"":""0000085535-26-000038"",""actual_vs_preliminary"":""ACTUAL"",""eligibility"":""YES"",""eligibility_reason"":""COMPLETE_PERIOD_EARNINGS_PACKAGE"",""entity_confidence"":""PROVEN"",""event_class"":""FULL_PERIOD_RESULTS"",""financial_scope"":""Canonical reporting entity target-quarter actual GAAP earnings/loss and reported financial result package; full release and financial schedules"",""observation_fingerprint"":""5e2f170f544bd44efcc6af47ea7c88ede12e84cbc5a9ef81632e4e8b08d8e021"",""period_confidence"":""PROVEN"",""policy_version"":""PUBLICATION_EVENT_POLICY_V1"",""precedence_decision"":""SELECTED_FIRST_EVENT"",""relations_to_competing_events"":[],""review_reason"":null,""selected_first_event_reason"":""ONLY_QUALIFYING_EVENT""}]",[]
SM,2026,2026,Q2,PUBLICATION_EVENT_POLICY_V1,AMBIGUOUS,,2,1,UNIQUE,UNIQUE,UNIQUE,0000893538-26-000119,2026-08-05T20:18:04Z,ONLY_QUALIFYING_EVENT,,2026-07-16T20:15:15Z,2026-08-05T20:18:04Z,True,False,"[""NO_REVIEWED_DISCREPANCY"",""NO_REVIEWED_DISCREPANCY""]","[{""acceptance_timestamp"":""2026-07-16T20:15:15Z"",""accession"":""0000893538-26-000104"",""actual_vs_preliminary"":""ACTUAL"",""eligibility"":""NO"",""eligibility_reason"":""INSUFFICIENT_BROAD_EARNINGS_MINIMUM"",""entity_confidence"":""PROVEN"",""event_class"":""SUPPLEMENTAL_RESULT_INFORMATION"",""financial_scope"":""Estimated quarter earnings inputs and selected operating/price/derivative data; explicitly not a company quarter earnings estimate."",""observation_fingerprint"":""c38408a869d028cfa4d754050970217f78587e7016f116b5abbf4ecb19f25e21"",""period_confidence"":""PROVEN"",""policy_version"":""PUBLICATION_EVENT_POLICY_V1"",""precedence_decision"":""RETAINED_NOT_SELECTED"",""relations_to_competing_events"":[],""review_reason"":null,""selected_first_event_reason"":null},{""acceptance_timestamp"":""2026-08-05T20:18:04Z"",""accession"":""0000893538-26-000119"",""actual_vs_preliminary"":""ACTUAL"",""eligibility"":""YES"",""eligibility_reason"":""COMPLETE_PERIOD_EARNINGS_PACKAGE"",""entity_confidence"":""PROVEN"",""event_class"":""FULL_PERIOD_RESULTS"",""financial_scope"":""Canonical reporting entity target-quarter actual GAAP earnings/loss and reported financial result package; full release and financial schedules"",""observation_fingerprint"":""a284093ade688abdcd975d578168ef1b0116280e1b4ea09a2c66d9eee9384bbb"",""period_confidence"":""PROVEN"",""policy_version"":""PUBLICATION_EVENT_POLICY_V1"",""precedence_decision"":""SELECTED_FIRST_EVENT"",""relations_to_competing_events"":[],""review_reason"":null,""selected_first_event_reason"":""ONLY_QUALIFYING_EVENT""}]",[]
