ticker,company_id,fiscal_year,fiscal_quarter,current_status,current_60d_scope,authority_mode,authority_result,prepared,source_type,source_rank,confidence,candidate_count,identity_result,timestamp_result,relation_result,selected_accession,selected_timestamp,review_reason,plan_id,plan_fingerprint,decision_fingerprint,rehearsal_result
HOLO,1043,2026,Q2,NOT_FOUND,INSIDE,FORM_6K_RESULT_PUBLICATION_AUTHORITY_V1,WRONG_PERIOD,False,SEC_FORM_6K_RESULT,2,MEDIUM,1,"[""PROVEN_OFFICIAL_IDENTITY_CHAIN""]","[""CONSISTENT_PARENT_ACCEPTANCE""]",[],,,WRONG_PERIOD,publication_form6k_plan_768af51be92245519f8c684fd12ac3e4,913a9723a709c8ddb88941721491f3d4df49d3a18a5745eeb34cc0c1aada02ea,ca1f401b42d1a0b965c3490f163e40bc5c89e9ab79b43fa7406367ad2305989a,HELD_UNCHANGED_ON_COPY
MLGO,1432,2026,Q2,NOT_FOUND,INSIDE,FORM_6K_RESULT_PUBLICATION_AUTHORITY_V1,WRONG_PERIOD,False,SEC_FORM_6K_RESULT,2,MEDIUM,1,"[""PROVEN_OFFICIAL_IDENTITY_CHAIN""]","[""CONSISTENT_PARENT_ACCEPTANCE""]",[],,,WRONG_PERIOD,publication_form6k_plan_768af51be92245519f8c684fd12ac3e4,913a9723a709c8ddb88941721491f3d4df49d3a18a5745eeb34cc0c1aada02ea,0b1c5a7cba1bc9acaeab7f748cfce227a454a99a43d03187290d0a598e0d2bc6,HELD_UNCHANGED_ON_COPY
NEGG,1525,2026,Q2,NOT_FOUND,INSIDE,FORM_6K_RESULT_PUBLICATION_AUTHORITY_V1,UNIQUE,True,SEC_FORM_6K_RESULT,2,MEDIUM,1,"[""PROVEN_OFFICIAL_IDENTITY_CHAIN""]","[""CONSISTENT_PARENT_ACCEPTANCE""]",[],0001213900-26-094402,2026-08-27T20:30:01Z,ONLY_QUALIFYING_FORM6K_RESULT,publication_form6k_plan_768af51be92245519f8c684fd12ac3e4,913a9723a709c8ddb88941721491f3d4df49d3a18a5745eeb34cc0c1aada02ea,736ce95cd8b9feed7875be4d4e23eaaa37e877cef12535a66f4be6a3a8599413,VERIFIED_ON_COPY
SCNI,1965,2026,Q2,NOT_FOUND,INSIDE,FORM_6K_RESULT_PUBLICATION_AUTHORITY_V1,WRONG_PERIOD,False,SEC_FORM_6K_RESULT,2,MEDIUM,1,"[""PROVEN_OFFICIAL_IDENTITY_CHAIN""]","[""CONSISTENT_PARENT_ACCEPTANCE""]",[],,,WRONG_PERIOD,publication_form6k_plan_768af51be92245519f8c684fd12ac3e4,913a9723a709c8ddb88941721491f3d4df49d3a18a5745eeb34cc0c1aada02ea,eaa288f5450ab0535fcd5e081d83dcb34f9ee80694d10fae46759f0077885e2e,HELD_UNCHANGED_ON_COPY
BABA,2465,2027,Q1,NOT_FOUND,INSIDE,FORM_6K_RESULT_PUBLICATION_AUTHORITY_V1,REVIEW_ACCEPTANCE_TIMESTAMP_CONFLICT,False,SEC_FORM_6K_RESULT,2,MEDIUM,1,"[""PROVEN_OFFICIAL_IDENTITY_CHAIN""]","[""REVIEW_ACCEPTANCE_TIMESTAMP_CONFLICT""]",[],,,REVIEW_ACCEPTANCE_TIMESTAMP_CONFLICT,publication_form6k_plan_768af51be92245519f8c684fd12ac3e4,913a9723a709c8ddb88941721491f3d4df49d3a18a5745eeb34cc0c1aada02ea,c08465c52369fd1cc2656ce87497b7fd8d8969bc1e5d6b0fb4e68ddd7b16374d,HELD_UNCHANGED_ON_COPY
BHP,2466,2026,Q4,NOT_FOUND,INSIDE,FORM_6K_RESULT_PUBLICATION_AUTHORITY_V1,WRONG_PERIOD,False,SEC_FORM_6K_RESULT,2,MEDIUM,1,"[""PROVEN_OFFICIAL_IDENTITY_CHAIN""]","[""CONSISTENT_PARENT_ACCEPTANCE""]",[],,,WRONG_PERIOD,publication_form6k_plan_768af51be92245519f8c684fd12ac3e4,913a9723a709c8ddb88941721491f3d4df49d3a18a5745eeb34cc0c1aada02ea,49eafe6f3c013e3b9a08867218718c847cafe51a0c3ab172f8eb86f221d4c841,HELD_UNCHANGED_ON_COPY
BIDU,2467,2026,Q2,NOT_FOUND,INSIDE,FORM_6K_RESULT_PUBLICATION_AUTHORITY_V1,REVIEW_ACCEPTANCE_TIMESTAMP_CONFLICT,False,SEC_FORM_6K_RESULT,2,MEDIUM,1,"[""PROVEN_OFFICIAL_IDENTITY_CHAIN""]","[""REVIEW_ACCEPTANCE_TIMESTAMP_CONFLICT""]",[],,,REVIEW_ACCEPTANCE_TIMESTAMP_CONFLICT,publication_form6k_plan_768af51be92245519f8c684fd12ac3e4,913a9723a709c8ddb88941721491f3d4df49d3a18a5745eeb34cc0c1aada02ea,b65e7a0a1432bdbe82bac331e0fe826c749c3f25daabc881cc33ff9d6f376456,HELD_UNCHANGED_ON_COPY
BTDR,2468,2026,Q2,NOT_FOUND,INSIDE,FORM_6K_RESULT_PUBLICATION_AUTHORITY_V1,UNIQUE,True,SEC_FORM_6K_RESULT,2,MEDIUM,1,"[""PROVEN_OFFICIAL_IDENTITY_CHAIN""]","[""CONSISTENT_PARENT_ACCEPTANCE""]",[],0001213900-26-086938,2026-08-10T11:08:07Z,ONLY_QUALIFYING_FORM6K_RESULT,publication_form6k_plan_768af51be92245519f8c684fd12ac3e4,913a9723a709c8ddb88941721491f3d4df49d3a18a5745eeb34cc0c1aada02ea,85428361ab234c06225babd0094a9d734287751e966b4d64107545702d6910fe,VERIFIED_ON_COPY
CAMT,2469,2026,Q2,NOT_FOUND,INSIDE,FORM_6K_RESULT_PUBLICATION_AUTHORITY_V1,UNIQUE,True,SEC_FORM_6K_RESULT,2,MEDIUM,1,"[""PROVEN_OFFICIAL_IDENTITY_CHAIN""]","[""CONSISTENT_PARENT_ACCEPTANCE""]",[],0001178913-26-003975,2026-08-10T11:16:13Z,ONLY_QUALIFYING_FORM6K_RESULT,publication_form6k_plan_768af51be92245519f8c684fd12ac3e4,913a9723a709c8ddb88941721491f3d4df49d3a18a5745eeb34cc0c1aada02ea,e1216878d89f916c2a65355a578951b02d7bcb82387e858dc406b1b35d2ba455,VERIFIED_ON_COPY
TSEM,2470,2026,Q2,NOT_FOUND,INSIDE,FORM_6K_RESULT_PUBLICATION_AUTHORITY_V1,MULTIPLE_COMPETING_EVENTS,False,SEC_FORM_6K_RESULT,2,MEDIUM,2,"[""PROVEN_OFFICIAL_IDENTITY_CHAIN"", ""PROVEN_OFFICIAL_IDENTITY_CHAIN""]","[""CONSISTENT_PARENT_ACCEPTANCE"", ""CONSISTENT_PARENT_ACCEPTANCE""]",[],,,NO_PROVEN_SINGLE_RESULT_CHAIN,publication_form6k_plan_768af51be92245519f8c684fd12ac3e4,913a9723a709c8ddb88941721491f3d4df49d3a18a5745eeb34cc0c1aada02ea,a565e891c88b2df45040876c29b5460cd60bd8d8b8a4c7225aa1edcc352d6dc2,HELD_UNCHANGED_ON_COPY
TSM,2471,2026,Q2,NOT_FOUND,INSIDE,FORM_6K_RESULT_PUBLICATION_AUTHORITY_V1,MULTIPLE_COMPETING_EVENTS,False,SEC_FORM_6K_RESULT,2,MEDIUM,2,"[""PROVEN_OFFICIAL_IDENTITY_CHAIN"", ""PROVEN_OFFICIAL_IDENTITY_CHAIN""]","[""CONSISTENT_PARENT_ACCEPTANCE"", ""CONSISTENT_PARENT_ACCEPTANCE""]",[],,,NO_PROVEN_SINGLE_RESULT_CHAIN,publication_form6k_plan_768af51be92245519f8c684fd12ac3e4,913a9723a709c8ddb88941721491f3d4df49d3a18a5745eeb34cc0c1aada02ea,b50db6d8c201a5491bca7eb6224d0735471b54a3f200ab1d51b25e883732236d,HELD_UNCHANGED_ON_COPY
VNET,2475,2026,Q2,NOT_FOUND,INSIDE,FORM_6K_RESULT_PUBLICATION_AUTHORITY_V1,UNIQUE,True,SEC_FORM_6K_RESULT,2,MEDIUM,1,"[""PROVEN_OFFICIAL_IDENTITY_CHAIN""]","[""CONSISTENT_PARENT_ACCEPTANCE""]",[],0001104659-26-098054,2026-08-18T10:16:34Z,ONLY_QUALIFYING_FORM6K_RESULT,publication_form6k_plan_768af51be92245519f8c684fd12ac3e4,913a9723a709c8ddb88941721491f3d4df49d3a18a5745eeb34cc0c1aada02ea,81bad5605f91c37fec0fba3ab99a1535f3eaca925c16fee145e729c37f10dec6,VERIFIED_ON_COPY
WPM,2476,2026,Q2,NOT_FOUND,OUTSIDE,FORM_6K_RESULT_PUBLICATION_AUTHORITY_V1,UNIQUE,True,SEC_FORM_6K_RESULT,2,MEDIUM,1,"[""PROVEN_OFFICIAL_IDENTITY_CHAIN""]","[""CONSISTENT_PARENT_ACCEPTANCE""]",[],0001193125-26-338641,2026-08-06T22:47:58Z,ONLY_QUALIFYING_FORM6K_RESULT,publication_form6k_plan_768af51be92245519f8c684fd12ac3e4,913a9723a709c8ddb88941721491f3d4df49d3a18a5745eeb34cc0c1aada02ea,b34f3f1aa4f8447600bb6bc661ed772b447a7810ff96d9a529983851b4ae0031,VERIFIED_ON_COPY
POET,2482,2026,Q2,NOT_FOUND,INSIDE,FORM_6K_RESULT_PUBLICATION_AUTHORITY_V1,MULTIPLE_COMPETING_EVENTS,False,SEC_FORM_6K_RESULT,2,MEDIUM,2,"[""PROVEN_OFFICIAL_IDENTITY_CHAIN"", ""PROVEN_OFFICIAL_IDENTITY_CHAIN""]","[""CONSISTENT_PARENT_ACCEPTANCE"", ""CONSISTENT_PARENT_ACCEPTANCE""]",[],,,NO_PROVEN_SINGLE_RESULT_CHAIN,publication_form6k_plan_768af51be92245519f8c684fd12ac3e4,913a9723a709c8ddb88941721491f3d4df49d3a18a5745eeb34cc0c1aada02ea,852c94d57a442fc389bdd877dfd168dfa90c68d9d0fd49b737dcbd17c7b03b40,HELD_UNCHANGED_ON_COPY
GDS,2492,2026,Q2,NOT_FOUND,INSIDE,FORM_6K_RESULT_PUBLICATION_AUTHORITY_V1,MULTIPLE_COMPETING_EVENTS,False,SEC_FORM_6K_RESULT,2,MEDIUM,2,"[""PROVEN_OFFICIAL_IDENTITY_CHAIN"", ""PROVEN_OFFICIAL_IDENTITY_CHAIN""]","[""CONSISTENT_PARENT_ACCEPTANCE"", ""CONSISTENT_PARENT_ACCEPTANCE""]",[],,,NO_PROVEN_SINGLE_RESULT_CHAIN,publication_form6k_plan_768af51be92245519f8c684fd12ac3e4,913a9723a709c8ddb88941721491f3d4df49d3a18a5745eeb34cc0c1aada02ea,ebbb3fdf97ad54a045551de6a8bde39c2cd329a8d580b767b59586f651491dcb,HELD_UNCHANGED_ON_COPY
NBIS,2500,2026,Q2,NOT_FOUND,INSIDE,FORM_6K_RESULT_PUBLICATION_AUTHORITY_V1,MULTIPLE_COMPETING_EVENTS,False,SEC_FORM_6K_RESULT,2,MEDIUM,2,"[""PROVEN_OFFICIAL_IDENTITY_CHAIN"", ""PROVEN_OFFICIAL_IDENTITY_CHAIN""]","[""REVIEW_ACCEPTANCE_TIMESTAMP_CONFLICT"", ""REVIEW_ACCEPTANCE_TIMESTAMP_CONFLICT""]",[],,,NO_PROVEN_SINGLE_RESULT_CHAIN,publication_form6k_plan_768af51be92245519f8c684fd12ac3e4,913a9723a709c8ddb88941721491f3d4df49d3a18a5745eeb34cc0c1aada02ea,b0f8ef4e2fa6a0ac2ef60669322ffd43ea20433961d4d0506b47f025c2f8aa3c,HELD_UNCHANGED_ON_COPY
NVMI,2502,2026,Q2,NOT_FOUND,OUTSIDE,FORM_6K_RESULT_PUBLICATION_AUTHORITY_V1,UNIQUE,True,SEC_FORM_6K_RESULT,2,MEDIUM,1,"[""PROVEN_OFFICIAL_IDENTITY_CHAIN""]","[""CONSISTENT_PARENT_ACCEPTANCE""]",[],0001178913-26-003892,2026-08-06T11:30:57Z,ONLY_QUALIFYING_FORM6K_RESULT,publication_form6k_plan_768af51be92245519f8c684fd12ac3e4,913a9723a709c8ddb88941721491f3d4df49d3a18a5745eeb34cc0c1aada02ea,f61d0fe67c99e29d1e9d9177c9e7f3f93d2c8d0acf048ff7930be675fe8026c7,VERIFIED_ON_COPY
PAAS,2504,2026,Q2,NOT_FOUND,INSIDE,FORM_6K_RESULT_PUBLICATION_AUTHORITY_V1,UNIQUE,True,SEC_FORM_6K_RESULT,2,MEDIUM,1,"[""PROVEN_OFFICIAL_IDENTITY_CHAIN""]","[""CONSISTENT_PARENT_ACCEPTANCE""]",[],0000771992-26-000063,2026-08-12T21:38:01Z,ONLY_QUALIFYING_FORM6K_RESULT,publication_form6k_plan_768af51be92245519f8c684fd12ac3e4,913a9723a709c8ddb88941721491f3d4df49d3a18a5745eeb34cc0c1aada02ea,116c68b34dc6d7f5bf82b73a294b584737a9069e47c75434ea0a2291f642168e,VERIFIED_ON_COPY
CLLS,2506,2026,Q2,NOT_FOUND,OUTSIDE,FORM_6K_RESULT_PUBLICATION_AUTHORITY_V1,MULTIPLE_COMPETING_EVENTS,False,SEC_FORM_6K_RESULT,2,MEDIUM,3,"[""PROVEN_OFFICIAL_IDENTITY_CHAIN"", ""PROVEN_OFFICIAL_IDENTITY_CHAIN"", ""PROVEN_OFFICIAL_IDENTITY_CHAIN""]","[""CONSISTENT_PARENT_ACCEPTANCE"", ""CONSISTENT_PARENT_ACCEPTANCE"", ""CONSISTENT_PARENT_ACCEPTANCE""]","[{""documents"": [{""excerpt"": ""year ended December 31, 2025 of the parent company was"", ""excerpt_sha256"": ""8a38010634c800b542c577e2749438097c8fd98e74060b825e12efebb53d17a6"", ""source_reference"": ""https://www.sec.gov/Archives/edgar/data/1627281/000119312526338220/clls-ex99_1.htm"", ""source_sha256"": ""46122e286f2bfae3b6c178afb0c07359e5f6b77dff1a7358f6241e4b7528ead2""}, {""excerpt"": ""XBRL (Inline eXtensible Business Reporting Language) in accordance with Rule"", ""excerpt_sha256"": ""b9911d100b4ce8db344b7f44d9c9d715030aa9afdcffdd02dbdd834907dbbf86"", ""source_reference"": ""https://www.sec.gov/Archives/edgar/data/1627281/000119312526389336/clls-20260630.htm"", ""source_sha256"": ""4e63dac5a3e653e9f6b5baa2867773fe1d67fa7ddbca6a53717daf526acb3bb9""}], ""from_candidate_fingerprint"": ""693a5644d1116e4e0f5920813aa3329d7abfbe508a6fbab80a00fe9b72b23ba5"", ""from_candidate_id"": ""0001193125-26-338220"", ""relation_fingerprint"": ""79aa3e2689bfba3e2fb3e2bf1f77fe9c56bec969fd0a599feeb885d756e5b80b"", ""relation_reason"": ""Amendment explicitly adds XBRL only without revising the financial results."", ""relation_type"": ""RESULT_TO_XBRL_ONLY_SUPPLEMENT"", ""review_reference"": ""Phase13G.3.76:CLLS-6KA-no-financial-revision"", ""same_economic_chain"": true, ""to_candidate_fingerprint"": ""dae7f2f316d1e629bcbc15217b17e9731029481ed81c4d47befb2c0d1b0de78d"", ""to_candidate_id"": ""0001193125-26-389336"", ""valid"": true}]",,,NO_PROVEN_SINGLE_RESULT_CHAIN,publication_form6k_plan_768af51be92245519f8c684fd12ac3e4,913a9723a709c8ddb88941721491f3d4df49d3a18a5745eeb34cc0c1aada02ea,026e41b9aa830dee0a42a46b25a643872fb228bbe3bf4c9c0f33894a0e61b517,HELD_UNCHANGED_ON_COPY
IQMX,2523,2026,Q2,NOT_FOUND,INSIDE,FORM_6K_RESULT_PUBLICATION_AUTHORITY_V1,IDENTITY_TEMPORAL_REVIEW,False,SEC_FORM_6K_RESULT,2,MEDIUM,1,"[""IDENTITY_TEMPORAL_REVIEW""]","[""REVIEW_ACCEPTANCE_TIMESTAMP_CONFLICT""]",[],,,IDENTITY_TEMPORAL_REVIEW,publication_form6k_plan_768af51be92245519f8c684fd12ac3e4,913a9723a709c8ddb88941721491f3d4df49d3a18a5745eeb34cc0c1aada02ea,62b1f7b6d64bf3d4f1b5d6c5b893335cc17518b33c384d3a1fbc4a0a4cd96eba,HELD_UNCHANGED_ON_COPY
MKDW,2525,2026,Q2,NOT_FOUND,INSIDE,FORM_6K_RESULT_PUBLICATION_AUTHORITY_V1,WRONG_PERIOD,False,SEC_FORM_6K_RESULT,2,MEDIUM,1,"[""PROVEN_OFFICIAL_IDENTITY_CHAIN""]","[""CONSISTENT_PARENT_ACCEPTANCE""]",[],,,WRONG_PERIOD,publication_form6k_plan_768af51be92245519f8c684fd12ac3e4,913a9723a709c8ddb88941721491f3d4df49d3a18a5745eeb34cc0c1aada02ea,ad82a5dccca78e803817f715b1973a974ee05bad5b268068b2f6faccd800cc57,HELD_UNCHANGED_ON_COPY
WDH,2541,2026,Q2,NOT_FOUND,INSIDE,FORM_6K_RESULT_PUBLICATION_AUTHORITY_V1,UNIQUE,True,SEC_FORM_6K_RESULT,2,MEDIUM,1,"[""PROVEN_OFFICIAL_IDENTITY_CHAIN""]","[""CONSISTENT_PARENT_ACCEPTANCE""]",[],0001104659-26-105667,2026-09-08T11:30:46Z,ONLY_QUALIFYING_FORM6K_RESULT,publication_form6k_plan_768af51be92245519f8c684fd12ac3e4,913a9723a709c8ddb88941721491f3d4df49d3a18a5745eeb34cc0c1aada02ea,ba5fe6e2453fc3d959866e24ef93c749a7a4d516fe163fbfe988fe46ef78aeb2,VERIFIED_ON_COPY
CAN,2544,2026,Q2,NOT_FOUND,INSIDE,FORM_6K_RESULT_PUBLICATION_AUTHORITY_V1,UNIQUE,True,SEC_FORM_6K_RESULT,2,MEDIUM,1,"[""PROVEN_OFFICIAL_IDENTITY_CHAIN""]","[""CONSISTENT_PARENT_ACCEPTANCE""]",[],0001104659-26-105660,2026-09-08T11:20:24Z,ONLY_QUALIFYING_FORM6K_RESULT,publication_form6k_plan_768af51be92245519f8c684fd12ac3e4,913a9723a709c8ddb88941721491f3d4df49d3a18a5745eeb34cc0c1aada02ea,397b4612da968df41c1220ec1f671f93a70d651f943d42b8491a8334c1d633ae,VERIFIED_ON_COPY
