company_id,fiscal_year,fiscal_quarter
22,2025,Q1
22,2025,Q2
22,2026,Q1
22,2026,Q2
31,2026,Q2
176,2026,Q4
330,2025,Q1
330,2025,Q2
330,2025,Q3
330,2025,Q4
330,2026,Q1
330,2026,Q2
358,2025,Q1
358,2025,Q2
358,2026,Q1
358,2026,Q2
421,2025,Q2
451,2026,Q2
524,2025,Q1
524,2025,Q2
524,2025,Q3
602,2026,Q1
636,2026,Q2
697,2027,Q1
780,2025,Q2
780,2025,Q3
780,2026,Q3
835,2026,Q2
1067,2025,Q1
1103,2025,Q3
1404,2025,Q1
1404,2025,Q2
1404,2026,Q1
1404,2026,Q2
1443,2025,Q1
1457,2025,Q1
1457,2025,Q2
1457,2025,Q3
1487,2025,Q1
1487,2025,Q2
1487,2025,Q3
1487,2025,Q4
1487,2026,Q1
1487,2026,Q2
1602,2025,Q2
1602,2025,Q4
1602,2026,Q1
1772,2025,Q1
1772,2025,Q2
1826,2025,Q1
1826,2025,Q2
1826,2026,Q1
1826,2026,Q2
1826,2026,Q3
1861,2026,Q2
1923,2025,Q1
1923,2025,Q2
1923,2025,Q3
1923,2025,Q4
2050,2025,Q1
2050,2025,Q2
2050,2025,Q3
2050,2025,Q4
2050,2026,Q1
2050,2026,Q2
2110,2025,Q2
2110,2025,Q3
2110,2025,Q4
2110,2026,Q1
2110,2026,Q3
2131,2025,Q4
2131,2026,Q2
2180,2025,Q1
2180,2025,Q2
2180,2025,Q3
2180,2026,Q1
2180,2026,Q2
2283,2025,Q1
2321,2025,Q4
2400,2026,Q1
2400,2026,Q2
2435,2025,Q1
2435,2025,Q2
2435,2025,Q3
2435,2025,Q4
