company_id,current_scope_state,fiscal_quarter,fiscal_year,historical_prior_status,matching_method,parent_acceptance_timestamp,parent_accession,plan_fingerprint,plan_id,post_status,prepare_outcome,prepared,production_apply_result,rehearsal_result,skip_reason,ticker
707,SELECTED_OPEN,Q1,2027,UNRESOLVED,"SEC_LINKED_EXHIBIT:{""exhibits"":[{""method"":""CIK_ITEM_2_02_EXACT_PERIOD_END"",""sha256"":""48b31d59240956d96851d80d28de67ffaef0315a76ed728622d2b58b616c217a"",""url"":""https://www.sec.gov/Archives/edgar/data/940944/000094094426000032/exhibit991-q1fy27.htm""}],""fiscal_identity"":[707,2027,""Q1""],""parent_accession"":""0000940944-26-000032"",""version"":1}",2026-09-24T11:04:31Z,0000940944-26-000032,428a920fc5aaef831618dd8eeaaee51bee319a70599c36f599914c5a5685ee16,publication_plan_6132f85cf00e476f81a0432a7b6d4d1c,VERIFIED,FRESH_UNIQUE,True,APPLIED,PASSED,,DRI
394,SELECTED_OPEN,Q1,2027,UNRESOLVED,"SEC_LINKED_EXHIBIT:{""exhibits"":[{""method"":""CIK_ITEM_2_02_EXACT_PERIOD_END"",""sha256"":""b039b4efba10c7304d7844a53e42afb46e412b9128947362c0198459ff0d7972"",""url"":""https://www.sec.gov/Archives/edgar/data/23217/000002321726000052/tmb-ex99d1.htm""}],""fiscal_identity"":[394,2027,""Q1""],""parent_accession"":""0000023217-26-000052"",""version"":1}",2026-09-30T11:32:13Z,0000023217-26-000052,428a920fc5aaef831618dd8eeaaee51bee319a70599c36f599914c5a5685ee16,publication_plan_6132f85cf00e476f81a0432a7b6d4d1c,VERIFIED,FRESH_UNIQUE,True,APPLIED,PASSED,,CAG
1225,SELECTED_OPEN,Q2,2027,UNRESOLVED,"SEC_LINKED_EXHIBIT:{""exhibits"":[{""method"":""CIK_ITEM_2_02_EXACT_PERIOD_END"",""sha256"":""e3e5a3396fdc5ae99b9cfa5aab2b4797cdc7ba300ac8e2cb3ff574ba4edea996"",""url"":""https://www.sec.gov/Archives/edgar/data/1170010/000117001026000102/q2fy27earningsrelease.htm""}],""fiscal_identity"":[1225,2027,""Q2""],""parent_accession"":""0001170010-26-000102"",""version"":1}",2026-09-29T11:00:30Z,0001170010-26-000102,428a920fc5aaef831618dd8eeaaee51bee319a70599c36f599914c5a5685ee16,publication_plan_6132f85cf00e476f81a0432a7b6d4d1c,VERIFIED,FRESH_UNIQUE,True,APPLIED,PASSED,,KMX
420,SELECTED_OPEN,Q3,2026,UNRESOLVED,"SEC_LINKED_EXHIBIT:{""exhibits"":[{""method"":""CIK_ITEM_2_02_EXPLICIT_FISCAL_QUARTER"",""sha256"":""4780e30f14a8e161ea3fd99324d4693bdef2e98af5ca45479a5d7307d0d5dfcc"",""url"":""https://www.sec.gov/Archives/edgar/data/815097/000081509726000104/a20263qearningsrelease8-k.htm""}],""fiscal_identity"":[420,2026,""Q3""],""parent_accession"":""0000815097-26-000104"",""version"":1}",2026-09-29T13:16:12Z,0000815097-26-000104,428a920fc5aaef831618dd8eeaaee51bee319a70599c36f599914c5a5685ee16,publication_plan_6132f85cf00e476f81a0432a7b6d4d1c,VERIFIED,FRESH_UNIQUE,True,APPLIED,PASSED,,CCL
412,SELECTED_OPEN,Q4,2026,UNRESOLVED,"SEC_LINKED_EXHIBIT:{""exhibits"":[{""method"":""CIK_ITEM_2_02_EXACT_PERIOD_END"",""sha256"":""687b7f41e46f9c23399679d0a406659f913090d0416184a2a5261fcb963fa2d9"",""url"":""https://www.sec.gov/Archives/edgar/data/1067294/000110465926109812/tm2625926d1_ex99-1.htm""}],""fiscal_identity"":[412,2026,""Q4""],""parent_accession"":""0001104659-26-109812"",""version"":1}",2026-09-23T11:29:50Z,0001104659-26-109812,428a920fc5aaef831618dd8eeaaee51bee319a70599c36f599914c5a5685ee16,publication_plan_6132f85cf00e476f81a0432a7b6d4d1c,VERIFIED,FRESH_UNIQUE,True,APPLIED,PASSED,,CBRL
1602,SELECTED_OPEN,Q3,2026,UNRESOLVED,"SEC_LINKED_EXHIBIT:{""exhibits"":[{""method"":""CIK_ITEM_2_02_EXACT_PERIOD_END"",""sha256"":""98c15fef7f8a8f82e9f04f57c4ba756ae36e275f770483e764b671e5859fe5f3"",""url"":""https://www.sec.gov/Archives/edgar/data/1423221/000117184326005882/exh_991.htm""}],""fiscal_identity"":[1602,2026,""Q3""],""parent_accession"":""0001171843-26-005882"",""version"":1}",2026-09-03T20:17:16Z,0001171843-26-005882,428a920fc5aaef831618dd8eeaaee51bee319a70599c36f599914c5a5685ee16,publication_plan_6132f85cf00e476f81a0432a7b6d4d1c,VERIFIED,FRESH_UNIQUE,True,APPLIED,PASSED,,NX
1487,SELECTED_OPEN,Q4,2026,UNRESOLVED,"SEC_LINKED_EXHIBIT:{""exhibits"":[{""method"":""CIK_ITEM_2_02_EXACT_PERIOD_END"",""sha256"":""efb4de3762d697915835992b9e7a8624cb782e77dfe9ebea6144bb1f60d31075"",""url"":""https://www.sec.gov/Archives/edgar/data/866273/000086627326000053/a063026ex99earningsrelease.htm""}],""fiscal_identity"":[1487,2026,""Q4""],""parent_accession"":""0000866273-26-000053"",""version"":1}",2026-09-02T20:46:03Z,0000866273-26-000053,428a920fc5aaef831618dd8eeaaee51bee319a70599c36f599914c5a5685ee16,publication_plan_6132f85cf00e476f81a0432a7b6d4d1c,VERIFIED,FRESH_UNIQUE,True,APPLIED,PASSED,,MTRX
2110,SELECTED_OPEN,Q1,2027,UNRESOLVED,"SEC_LINKED_EXHIBIT:{""exhibits"":[{""method"":""CIK_ITEM_2_02_EXACT_PERIOD_END"",""sha256"":""16234dd86d3450c79dff66c1e5f9d561bbdb685fde56a7bcfe5a66a0ea38ca86"",""url"":""https://www.sec.gov/Archives/edgar/data/1092796/000119312526381907/swbi-ex99_1.htm""}],""fiscal_identity"":[2110,2027,""Q1""],""parent_accession"":""0001193125-26-381907"",""version"":1}",2026-09-03T20:15:14Z,0001193125-26-381907,428a920fc5aaef831618dd8eeaaee51bee319a70599c36f599914c5a5685ee16,publication_plan_6132f85cf00e476f81a0432a7b6d4d1c,VERIFIED,FRESH_UNIQUE,True,APPLIED,PASSED,,SWBI
1237,SELECTED_OPEN,Q4,2026,UNRESOLVED,NORMALIZED_ITEM_2_02_HEADING:CIK_ITEM_2_02_EXACT_PERIOD_END,2026-08-27T21:19:42Z,0000056701-26-000032,428a920fc5aaef831618dd8eeaaee51bee319a70599c36f599914c5a5685ee16,publication_plan_6132f85cf00e476f81a0432a7b6d4d1c,VERIFIED,FRESH_UNIQUE,True,APPLIED,PASSED,,KOSS
685,SELECTED_OPEN,Q2,2027,UNRESOLVED,"SEC_LINKED_EXHIBIT:{""exhibits"":[{""method"":""CIK_ITEM_2_02_EXACT_PERIOD_END"",""sha256"":""2a4d8f3f3d663aa0c61efa24b2d52febcd7d6f97965427986819c424a8f0a2be"",""url"":""https://www.sec.gov/Archives/edgar/data/935703/000093570326000108/ex991q2-26earningspressrel.htm""}],""fiscal_identity"":[685,2027,""Q2""],""parent_accession"":""0000935703-26-000108"",""version"":1}",2026-08-27T10:31:24Z,0000935703-26-000108,428a920fc5aaef831618dd8eeaaee51bee319a70599c36f599914c5a5685ee16,publication_plan_6132f85cf00e476f81a0432a7b6d4d1c,VERIFIED,FRESH_UNIQUE,True,APPLIED,PASSED,,DLTR
728,SELECTED_OPEN,Q2,2027,UNRESOLVED,"SEC_LINKED_EXHIBIT:{""exhibits"":[{""method"":""CIK_ITEM_2_02_EXACT_PERIOD_END"",""sha256"":""1ab5ae30317ffba6a0111438490d92ea8b20c34cbdb666f302e8abcaff2b77a1"",""url"":""https://www.sec.gov/Archives/edgar/data/67215/000006721526000039/dyfy2027q2earningsreleasee.htm""}],""fiscal_identity"":[728,2027,""Q2""],""parent_accession"":""0000067215-26-000039"",""version"":1}",2026-08-26T15:05:58Z,0000067215-26-000039,428a920fc5aaef831618dd8eeaaee51bee319a70599c36f599914c5a5685ee16,publication_plan_6132f85cf00e476f81a0432a7b6d4d1c,VERIFIED,FRESH_UNIQUE,True,APPLIED,PASSED,,DY
1522,SELECTED_OPEN,Q3,2026,UNRESOLVED,"SEC_LINKED_EXHIBIT:{""exhibits"":[{""method"":""CIK_ITEM_2_02_EXACT_PERIOD_END"",""sha256"":""96ccc9a4be9e5c46329c19c41bc210674a4bad3cefe4cbb4b97ad117d797709a"",""url"":""https://www.sec.gov/Archives/edgar/data/72331/000007233126000052/ndsn-q320268kxex991.htm""}],""fiscal_identity"":[1522,2026,""Q3""],""parent_accession"":""0000072331-26-000052"",""version"":1}",2026-08-19T20:32:10Z,0000072331-26-000052,428a920fc5aaef831618dd8eeaaee51bee319a70599c36f599914c5a5685ee16,publication_plan_6132f85cf00e476f81a0432a7b6d4d1c,VERIFIED,FRESH_UNIQUE,True,APPLIED,PASSED,,NDSN
731,SELECTED_OPEN,Q4,2026,UNRESOLVED,"SEC_LINKED_EXHIBIT:{""exhibits"":[{""method"":""CIK_ITEM_2_02_EXACT_PERIOD_END"",""sha256"":""c0a7d2f1fee013ce3796ed6019b6452a9337316d4c3d24a45016dd56b4de59da"",""url"":""https://www.sec.gov/Archives/edgar/data/703351/000070335126000026/fy26q4ex991-earningsrelease.htm""}],""fiscal_identity"":[731,2026,""Q4""],""parent_accession"":""0000703351-26-000026"",""version"":1}",2026-08-12T12:05:27Z,0000703351-26-000026,428a920fc5aaef831618dd8eeaaee51bee319a70599c36f599914c5a5685ee16,publication_plan_6132f85cf00e476f81a0432a7b6d4d1c,VERIFIED,FRESH_UNIQUE,True,APPLIED,PASSED,,EAT
751,SELECTED_OPEN,Q4,2026,UNRESOLVED,"SEC_LINKED_EXHIBIT:{""exhibits"":[{""method"":""CIK_ITEM_2_02_EXACT_PERIOD_END"",""sha256"":""21f2ef58cf3808dde528bc775d7ecbd432a6b033da8d625096b38fe13de2aa82"",""url"":""https://www.sec.gov/Archives/edgar/data/1001250/000100125026000038/elq4fy2026exhibit991.htm""}],""fiscal_identity"":[751,2026,""Q4""],""parent_accession"":""0001001250-26-000038"",""version"":1}",2026-08-19T12:02:43Z,0001001250-26-000038,428a920fc5aaef831618dd8eeaaee51bee319a70599c36f599914c5a5685ee16,publication_plan_6132f85cf00e476f81a0432a7b6d4d1c,VERIFIED,FRESH_UNIQUE,True,APPLIED,PASSED,,EL
251,SELECTED_OPEN,Q4,2026,UNRESOLVED,"SEC_LINKED_EXHIBIT:{""exhibits"":[{""method"":""CIK_ITEM_2_02_EXACT_PERIOD_END"",""sha256"":""73573608f092e76220af65e7e45d76242ec8f9e243313904aeefa9167c089815"",""url"":""https://www.sec.gov/Archives/edgar/data/8858/000000885826000066/avt-20260805xex99d1.htm""}],""fiscal_identity"":[251,2026,""Q4""],""parent_accession"":""0000008858-26-000066"",""version"":1}",2026-08-05T16:03:39Z,0000008858-26-000066,428a920fc5aaef831618dd8eeaaee51bee319a70599c36f599914c5a5685ee16,publication_plan_6132f85cf00e476f81a0432a7b6d4d1c,VERIFIED,FRESH_UNIQUE,True,APPLIED,PASSED,,AVT
596,SELECTED_OPEN,Q3,2026,UNRESOLVED,"SEC_LINKED_EXHIBIT:{""exhibits"":[{""method"":""CIK_ITEM_2_02_EXACT_PERIOD_END"",""sha256"":""565867d17513ea0f606920cd226923c9c948613fa9ac6452f9c27bbe0af10888"",""url"":""https://www.sec.gov/Archives/edgar/data/1851484/000121390026090182/ea030222601ex99-1.htm""}],""fiscal_identity"":[596,2026,""Q3""],""parent_accession"":""0001213900-26-090182"",""version"":1}",2026-08-14T20:35:17Z,0001213900-26-090182,428a920fc5aaef831618dd8eeaaee51bee319a70599c36f599914c5a5685ee16,publication_plan_6132f85cf00e476f81a0432a7b6d4d1c,VERIFIED,FRESH_UNIQUE,True,APPLIED,PASSED,,CTOR
602,SELECTED_OPEN,Q3,2026,UNRESOLVED,"SEC_LINKED_EXHIBIT:{""exhibits"":[{""method"":""CIK_ITEM_2_02_EXACT_PERIOD_END"",""sha256"":""82688fc29872a6c3a44829518d466e428f4d620ff264e0ed2838c6b7125eefb9"",""url"":""https://www.sec.gov/Archives/edgar/data/1506251/000121390026090181/ea030222701ex99-1.htm""}],""fiscal_identity"":[602,2026,""Q3""],""parent_accession"":""0001213900-26-090181"",""version"":1}",2026-08-14T20:35:17Z,0001213900-26-090181,428a920fc5aaef831618dd8eeaaee51bee319a70599c36f599914c5a5685ee16,publication_plan_6132f85cf00e476f81a0432a7b6d4d1c,VERIFIED,FRESH_UNIQUE,True,APPLIED,PASSED,,CTXR
2435,SELECTED_OPEN,Q2,2026,UNRESOLVED,"SEC_LINKED_EXHIBIT:{""exhibits"":[{""method"":""CIK_ITEM_2_02_EXACT_PERIOD_END"",""sha256"":""6d2596e620b968f6af081dca37e510c50da172d34a5c37f8c4759f7bff6c5a9f"",""url"":""https://www.sec.gov/Archives/edgar/data/1670592/000167059226000039/yeti-20260813xex991pressre.htm""}],""fiscal_identity"":[2435,2026,""Q2""],""parent_accession"":""0001670592-26-000039"",""version"":1}",2026-08-13T10:04:03Z,0001670592-26-000039,428a920fc5aaef831618dd8eeaaee51bee319a70599c36f599914c5a5685ee16,publication_plan_6132f85cf00e476f81a0432a7b6d4d1c,VERIFIED,FRESH_UNIQUE,True,APPLIED,PASSED,,YETI
232,SELECTED_OPEN,Q2,2026,UNRESOLVED,"SEC_LINKED_EXHIBIT:{""exhibits"":[{""method"":""CIK_ITEM_2_02_EXACT_PERIOD_END"",""sha256"":""e6228ebfcd59be620511507b59d345443f3b32d330a8f38867b3f29bfb9e5b73"",""url"":""https://www.sec.gov/Archives/edgar/data/8063/000000806326000037/ex99120260704-pr.htm""}],""fiscal_identity"":[232,2026,""Q2""],""parent_accession"":""0000008063-26-000037"",""version"":1}",2026-08-11T20:20:29Z,0000008063-26-000037,428a920fc5aaef831618dd8eeaaee51bee319a70599c36f599914c5a5685ee16,publication_plan_6132f85cf00e476f81a0432a7b6d4d1c,VERIFIED,FRESH_UNIQUE,True,APPLIED,PASSED,,ATRO
1176,SELECTED_OPEN,Q3,2026,UNRESOLVED,"SEC_LINKED_EXHIBIT:{""exhibits"":[{""method"":""CIK_ITEM_2_02_EXACT_PERIOD_END"",""sha256"":""5f831787be6b2cfe04950e21dff1f5e10bd328c2aeb0e0fdfe60e20e6572f5a0"",""url"":""https://www.sec.gov/Archives/edgar/data/807882/000080788226000090/ex991-q326earningsrelease.htm""}],""fiscal_identity"":[1176,2026,""Q3""],""parent_accession"":""0000807882-26-000090"",""version"":1}",2026-08-12T20:08:25Z,0000807882-26-000090,428a920fc5aaef831618dd8eeaaee51bee319a70599c36f599914c5a5685ee16,publication_plan_6132f85cf00e476f81a0432a7b6d4d1c,VERIFIED,FRESH_UNIQUE,True,APPLIED,PASSED,,JACK
1923,SELECTED_OPEN,Q2,2026,UNRESOLVED,"SEC_LINKED_EXHIBIT:{""exhibits"":[{""method"":""CIK_ITEM_2_02_EXACT_PERIOD_END"",""sha256"":""71a308e531c8fbfde01aa615382af972e6ea7dd5cefa2b8c1fcd90872119b925"",""url"":""https://www.sec.gov/Archives/edgar/data/1653653/000119312526332721/d173277dex991.htm""}],""fiscal_identity"":[1923,2026,""Q2""],""parent_accession"":""0001193125-26-332721"",""version"":1}",2026-08-04T20:01:06Z,0001193125-26-332721,428a920fc5aaef831618dd8eeaaee51bee319a70599c36f599914c5a5685ee16,publication_plan_6132f85cf00e476f81a0432a7b6d4d1c,VERIFIED,FRESH_UNIQUE,True,APPLIED,PASSED,,RRR
103,NOT_IN_CURRENT_SCOPE,Q2,2026,UNRESOLVED,,,,428a920fc5aaef831618dd8eeaaee51bee319a70599c36f599914c5a5685ee16,publication_plan_6132f85cf00e476f81a0432a7b6d4d1c,UNRESOLVED,IDENTITY_OR_SCOPE_DRIFT,False,NOT_APPLIED,NOT_SELECTED,NOT_IN_CURRENT_SCOPE,ALGS
515,NOT_IN_CURRENT_SCOPE,Q2,2026,UNRESOLVED,,,,428a920fc5aaef831618dd8eeaaee51bee319a70599c36f599914c5a5685ee16,publication_plan_6132f85cf00e476f81a0432a7b6d4d1c,UNRESOLVED,IDENTITY_OR_SCOPE_DRIFT,False,NOT_APPLIED,NOT_SELECTED,NOT_IN_CURRENT_SCOPE,CNR
911,NOT_IN_CURRENT_SCOPE,Q2,2026,UNRESOLVED,,,,428a920fc5aaef831618dd8eeaaee51bee319a70599c36f599914c5a5685ee16,publication_plan_6132f85cf00e476f81a0432a7b6d4d1c,UNRESOLVED,IDENTITY_OR_SCOPE_DRIFT,False,NOT_APPLIED,NOT_SELECTED,NOT_IN_CURRENT_SCOPE,FUN
1217,NOT_IN_CURRENT_SCOPE,Q4,2026,UNRESOLVED,,,,428a920fc5aaef831618dd8eeaaee51bee319a70599c36f599914c5a5685ee16,publication_plan_6132f85cf00e476f81a0432a7b6d4d1c,UNRESOLVED,IDENTITY_OR_SCOPE_DRIFT,False,NOT_APPLIED,NOT_SELECTED,NOT_IN_CURRENT_SCOPE,KLAC
1404,NOT_IN_CURRENT_SCOPE,Q2,2026,UNRESOLVED,,,,428a920fc5aaef831618dd8eeaaee51bee319a70599c36f599914c5a5685ee16,publication_plan_6132f85cf00e476f81a0432a7b6d4d1c,UNRESOLVED,IDENTITY_OR_SCOPE_DRIFT,False,NOT_APPLIED,NOT_SELECTED,NOT_IN_CURRENT_SCOPE,MELI
2058,NOT_IN_CURRENT_SCOPE,Q3,2026,UNRESOLVED,,,,428a920fc5aaef831618dd8eeaaee51bee319a70599c36f599914c5a5685ee16,publication_plan_6132f85cf00e476f81a0432a7b6d4d1c,UNRESOLVED,IDENTITY_OR_SCOPE_DRIFT,False,NOT_APPLIED,NOT_SELECTED,NOT_IN_CURRENT_SCOPE,SPH
2180,NOT_IN_CURRENT_SCOPE,Q2,2026,UNRESOLVED,,,,428a920fc5aaef831618dd8eeaaee51bee319a70599c36f599914c5a5685ee16,publication_plan_6132f85cf00e476f81a0432a7b6d4d1c,UNRESOLVED,IDENTITY_OR_SCOPE_DRIFT,False,NOT_APPLIED,NOT_SELECTED,NOT_IN_CURRENT_SCOPE,TNC
544,SELECTED_OPEN,Q4,2026,NOT_FOUND,NORMALIZED_ITEM_2_02_HEADING:CIK_ITEM_2_02_EXACT_PERIOD_END,2026-09-03T15:17:14Z,0000016732-26-000020,428a920fc5aaef831618dd8eeaaee51bee319a70599c36f599914c5a5685ee16,publication_plan_6132f85cf00e476f81a0432a7b6d4d1c,VERIFIED,FRESH_UNIQUE,True,APPLIED,PASSED,,CPB
1658,SELECTED_OPEN,Q1,2027,NOT_FOUND,NORMALIZED_ITEM_2_02_HEADING:CIK_ITEM_2_02_EXACT_PERIOD_END,2026-09-10T20:16:50Z,0001193125-26-387905,428a920fc5aaef831618dd8eeaaee51bee319a70599c36f599914c5a5685ee16,publication_plan_6132f85cf00e476f81a0432a7b6d4d1c,VERIFIED,FRESH_UNIQUE,True,APPLIED,PASSED,,ORCL
1423,SELECTED_OPEN,Q2,2027,NOT_FOUND,NORMALIZED_ITEM_2_02_HEADING:CIK_ITEM_2_02_EXACT_PERIOD_END,2026-09-08T20:30:58Z,0001437749-26-029839,428a920fc5aaef831618dd8eeaaee51bee319a70599c36f599914c5a5685ee16,publication_plan_6132f85cf00e476f81a0432a7b6d4d1c,VERIFIED,FRESH_UNIQUE,True,APPLIED,PASSED,,MIND
1358,SELECTED_OPEN,Q4,2026,NOT_FOUND,NORMALIZED_ITEM_2_02_HEADING:CIK_ITEM_2_02_EXACT_PERIOD_END,2026-08-20T12:15:11Z,0001437749-26-028592,428a920fc5aaef831618dd8eeaaee51bee319a70599c36f599914c5a5685ee16,publication_plan_6132f85cf00e476f81a0432a7b6d4d1c,VERIFIED,FRESH_UNIQUE,True,APPLIED,PASSED,,LYTS
1736,SELECTED_OPEN,Q2,2027,NOT_FOUND,NORMALIZED_ITEM_2_02_HEADING:CIK_ITEM_2_02_EXACT_PERIOD_END,2026-09-02T20:05:43Z,0001412408-26-000213,428a920fc5aaef831618dd8eeaaee51bee319a70599c36f599914c5a5685ee16,publication_plan_6132f85cf00e476f81a0432a7b6d4d1c,VERIFIED,FRESH_UNIQUE,True,APPLIED,PASSED,,PHR
1630,SELECTED_OPEN,Q2,2027,NOT_FOUND,NORMALIZED_ITEM_2_02_HEADING:CIK_ITEM_2_02_EXACT_PERIOD_END,2026-08-26T20:03:06Z,0001660134-26-000068,428a920fc5aaef831618dd8eeaaee51bee319a70599c36f599914c5a5685ee16,publication_plan_6132f85cf00e476f81a0432a7b6d4d1c,VERIFIED,FRESH_UNIQUE,True,APPLIED,PASSED,,OKTA
2357,SELECTED_OPEN,Q2,2027,NOT_FOUND,NORMALIZED_ITEM_2_02_HEADING:CIK_ITEM_2_02_EXACT_PERIOD_END,2026-08-28T00:01:44Z,0001327811-26-000042,428a920fc5aaef831618dd8eeaaee51bee319a70599c36f599914c5a5685ee16,publication_plan_6132f85cf00e476f81a0432a7b6d4d1c,VERIFIED,FRESH_UNIQUE,True,APPLIED,PASSED,,WDAY
2079,SELECTED_OPEN,Q2,2026,NOT_FOUND,NORMALIZED_ITEM_2_02_HEADING:CIK_ITEM_2_02_EXPLICIT_FISCAL_QUARTER,2026-08-13T20:13:36Z,0001753926-26-001479,428a920fc5aaef831618dd8eeaaee51bee319a70599c36f599914c5a5685ee16,publication_plan_6132f85cf00e476f81a0432a7b6d4d1c,VERIFIED,FRESH_UNIQUE,True,APPLIED,PASSED,,SRTS
1508,SELECTED_OPEN,Q2,2026,NOT_FOUND,NORMALIZED_ITEM_2_02_HEADING:CIK_ITEM_2_02_EXACT_PERIOD_END,2026-08-14T12:30:17Z,0001493152-26-037998,428a920fc5aaef831618dd8eeaaee51bee319a70599c36f599914c5a5685ee16,publication_plan_6132f85cf00e476f81a0432a7b6d4d1c,VERIFIED,FRESH_UNIQUE,True,APPLIED,PASSED,,MYSZ
1711,SELECTED_OPEN,Q2,2026,NOT_FOUND,NORMALIZED_ITEM_2_02_HEADING:CIK_ITEM_2_02_EXACT_PERIOD_END,2026-08-13T12:35:22Z,0001140361-26-032650,428a920fc5aaef831618dd8eeaaee51bee319a70599c36f599914c5a5685ee16,publication_plan_6132f85cf00e476f81a0432a7b6d4d1c,VERIFIED,FRESH_UNIQUE,True,APPLIED,PASSED,,PDSB
572,SELECTED_OPEN,Q4,2026,NOT_FOUND,NORMALIZED_ITEM_2_02_HEADING:CIK_ITEM_2_02_EXACT_PERIOD_END,2026-07-30T20:22:41Z,0000017843-26-000030,428a920fc5aaef831618dd8eeaaee51bee319a70599c36f599914c5a5685ee16,publication_plan_6132f85cf00e476f81a0432a7b6d4d1c,VERIFIED,FRESH_UNIQUE,True,APPLIED,PASSED,,CRS
2486,SELECTED_OPEN,Q2,2026,NOT_FOUND,NORMALIZED_ITEM_2_02_HEADING:CIK_ITEM_2_02_EXACT_PERIOD_END,2026-08-12T20:09:19Z,0001628280-26-056186,428a920fc5aaef831618dd8eeaaee51bee319a70599c36f599914c5a5685ee16,publication_plan_6132f85cf00e476f81a0432a7b6d4d1c,VERIFIED,FRESH_UNIQUE,True,APPLIED,PASSED,,CBRS
395,SELECTED_OPEN,Q4,2026,NOT_FOUND,NORMALIZED_ITEM_2_02_HEADING:CIK_ITEM_2_02_EXACT_PERIOD_END,2026-08-11T10:47:32Z,0000721371-26-000037,428a920fc5aaef831618dd8eeaaee51bee319a70599c36f599914c5a5685ee16,publication_plan_6132f85cf00e476f81a0432a7b6d4d1c,VERIFIED,FRESH_UNIQUE,True,APPLIED,PASSED,,CAH
852,SELECTED_OPEN,Q2,2026,NOT_FOUND,NORMALIZED_ITEM_2_02_HEADING:CIK_ITEM_2_02_EXACT_PERIOD_END,2026-08-10T20:25:10Z,0001437749-26-026783,428a920fc5aaef831618dd8eeaaee51bee319a70599c36f599914c5a5685ee16,publication_plan_6132f85cf00e476f81a0432a7b6d4d1c,VERIFIED,FRESH_UNIQUE,True,APPLIED,PASSED,,FF
1040,SELECTED_OPEN,Q2,2026,NOT_FOUND,NORMALIZED_ITEM_2_02_HEADING:CIK_ITEM_2_02_EXPLICIT_FISCAL_QUARTER,2026-08-10T21:00:26Z,0001104659-26-093446,428a920fc5aaef831618dd8eeaaee51bee319a70599c36f599914c5a5685ee16,publication_plan_6132f85cf00e476f81a0432a7b6d4d1c,VERIFIED,FRESH_UNIQUE,True,APPLIED,PASSED,,HNRG
1829,SELECTED_OPEN,Q1,2027,NOT_FOUND,NORMALIZED_ITEM_2_02_HEADING:CIK_ITEM_2_02_EXACT_PERIOD_END,2026-08-11T00:27:46Z,0001628280-26-055272,428a920fc5aaef831618dd8eeaaee51bee319a70599c36f599914c5a5685ee16,publication_plan_6132f85cf00e476f81a0432a7b6d4d1c,VERIFIED,FRESH_UNIQUE,True,APPLIED,PASSED,,QMCO
1969,SELECTED_OPEN,Q2,2026,NOT_FOUND,NORMALIZED_ITEM_2_02_HEADING:CIK_ITEM_2_02_EXPLICIT_FISCAL_QUARTER,2026-08-07T22:02:38Z,0001737706-26-000023,428a920fc5aaef831618dd8eeaaee51bee319a70599c36f599914c5a5685ee16,publication_plan_6132f85cf00e476f81a0432a7b6d4d1c,VERIFIED,FRESH_UNIQUE,True,APPLIED,PASSED,,SDRL
315,SELECTED_OPEN,Q2,2026,NOT_FOUND,"SEC_LINKED_EXHIBIT:{""exhibits"":[{""method"":""CIK_ITEM_2_02_EXPLICIT_FISCAL_QUARTER"",""sha256"":""268335ef0fb3bc76b5495ea43d66977b847b56772998ffd35d810c07af962453"",""url"":""https://www.sec.gov/Archives/edgar/data/1712762/000149315226036486/ex99-1.htm""}],""fiscal_identity"":[315,2026,""Q2""],""parent_accession"":""0001493152-26-036486"",""version"":1}",2026-08-07T12:30:17Z,0001493152-26-036486,428a920fc5aaef831618dd8eeaaee51bee319a70599c36f599914c5a5685ee16,publication_plan_6132f85cf00e476f81a0432a7b6d4d1c,VERIFIED,FRESH_UNIQUE,True,APPLIED,PASSED,,BIAF
645,SELECTED_OPEN,Q2,2026,NOT_FOUND,NORMALIZED_ITEM_2_02_HEADING:CIK_ITEM_2_02_EXACT_PERIOD_END,2026-08-07T00:08:56Z,0001467623-26-000045,428a920fc5aaef831618dd8eeaaee51bee319a70599c36f599914c5a5685ee16,publication_plan_6132f85cf00e476f81a0432a7b6d4d1c,VERIFIED,FRESH_UNIQUE,True,APPLIED,PASSED,,DBX
994,SELECTED_OPEN,Q2,2026,NOT_FOUND,"SEC_LINKED_EXHIBIT:{""exhibits"":[{""method"":""CIK_ITEM_2_02_EXACT_PERIOD_END"",""sha256"":""791411e01d92f4e114724500c0768c9f950b505d94beefc942f6851cab104483"",""url"":""https://www.sec.gov/Archives/edgar/data/43196/000143774926026422/ex_998938.htm""}],""fiscal_identity"":[994,2026,""Q2""],""parent_accession"":""0001437749-26-026422"",""version"":1}",2026-08-07T10:31:53Z,0001437749-26-026422,428a920fc5aaef831618dd8eeaaee51bee319a70599c36f599914c5a5685ee16,publication_plan_6132f85cf00e476f81a0432a7b6d4d1c,VERIFIED,FRESH_UNIQUE,True,APPLIED,PASSED,,GTN
1662,SELECTED_OPEN,Q2,2026,NOT_FOUND,"SEC_LINKED_EXHIBIT:{""exhibits"":[{""method"":""CIK_ITEM_2_02_EXACT_PERIOD_END"",""sha256"":""940e2f95a57d89f15cc0056d713db61a474e6ffdc331b772c5f626ed10890ac5"",""url"":""https://www.sec.gov/Archives/edgar/data/898173/000089817326000042/orly-20260729xex99d1.htm""}],""fiscal_identity"":[1662,2026,""Q2""],""parent_accession"":""0000898173-26-000042"",""version"":1}",2026-07-29T20:38:23Z,0000898173-26-000042,428a920fc5aaef831618dd8eeaaee51bee319a70599c36f599914c5a5685ee16,publication_plan_6132f85cf00e476f81a0432a7b6d4d1c,VERIFIED,FRESH_UNIQUE,True,APPLIED,PASSED,,ORLY
1668,SELECTED_OPEN,Q2,2026,NOT_FOUND,NORMALIZED_ITEM_2_02_HEADING:CIK_ITEM_2_02_EXACT_PERIOD_END,2026-08-05T20:07:48Z,0001116463-26-000048,428a920fc5aaef831618dd8eeaaee51bee319a70599c36f599914c5a5685ee16,publication_plan_6132f85cf00e476f81a0432a7b6d4d1c,VERIFIED,FRESH_UNIQUE,True,APPLIED,PASSED,,OSUR
31,NOT_IN_CURRENT_SCOPE,Q2,2026,NOT_FOUND,,,,428a920fc5aaef831618dd8eeaaee51bee319a70599c36f599914c5a5685ee16,publication_plan_6132f85cf00e476f81a0432a7b6d4d1c,NOT_FOUND,IDENTITY_OR_SCOPE_DRIFT,False,NOT_APPLIED,NOT_SELECTED,NOT_IN_CURRENT_SCOPE,ACIW
451,NOT_IN_CURRENT_SCOPE,Q2,2026,NOT_FOUND,,,,428a920fc5aaef831618dd8eeaaee51bee319a70599c36f599914c5a5685ee16,publication_plan_6132f85cf00e476f81a0432a7b6d4d1c,NOT_FOUND,IDENTITY_OR_SCOPE_DRIFT,False,NOT_APPLIED,NOT_SELECTED,NOT_IN_CURRENT_SCOPE,CGNX
528,NOT_IN_CURRENT_SCOPE,Q2,2026,NOT_FOUND,,,,428a920fc5aaef831618dd8eeaaee51bee319a70599c36f599914c5a5685ee16,publication_plan_6132f85cf00e476f81a0432a7b6d4d1c,NOT_FOUND,IDENTITY_OR_SCOPE_DRIFT,False,NOT_APPLIED,NOT_SELECTED,NOT_IN_CURRENT_SCOPE,COLD
636,NOT_IN_CURRENT_SCOPE,Q2,2026,NOT_FOUND,,,,428a920fc5aaef831618dd8eeaaee51bee319a70599c36f599914c5a5685ee16,publication_plan_6132f85cf00e476f81a0432a7b6d4d1c,NOT_FOUND,IDENTITY_OR_SCOPE_DRIFT,False,NOT_APPLIED,NOT_SELECTED,NOT_IN_CURRENT_SCOPE,DAN
697,NOT_IN_CURRENT_SCOPE,Q1,2027,NOT_FOUND,,,,428a920fc5aaef831618dd8eeaaee51bee319a70599c36f599914c5a5685ee16,publication_plan_6132f85cf00e476f81a0432a7b6d4d1c,NOT_FOUND,IDENTITY_OR_SCOPE_DRIFT,False,NOT_APPLIED,NOT_SELECTED,NOT_IN_CURRENT_SCOPE,DOCS
885,NOT_IN_CURRENT_SCOPE,Q2,2026,NOT_FOUND,,,,428a920fc5aaef831618dd8eeaaee51bee319a70599c36f599914c5a5685ee16,publication_plan_6132f85cf00e476f81a0432a7b6d4d1c,NOT_FOUND,IDENTITY_OR_SCOPE_DRIFT,False,NOT_APPLIED,NOT_SELECTED,NOT_IN_CURRENT_SCOPE,FOUR
1353,NOT_IN_CURRENT_SCOPE,Q2,2026,NOT_FOUND,,,,428a920fc5aaef831618dd8eeaaee51bee319a70599c36f599914c5a5685ee16,publication_plan_6132f85cf00e476f81a0432a7b6d4d1c,NOT_FOUND,IDENTITY_OR_SCOPE_DRIFT,False,NOT_APPLIED,NOT_SELECTED,NOT_IN_CURRENT_SCOPE,LXRX
1636,NOT_IN_CURRENT_SCOPE,Q2,2026,NOT_FOUND,,,,428a920fc5aaef831618dd8eeaaee51bee319a70599c36f599914c5a5685ee16,publication_plan_6132f85cf00e476f81a0432a7b6d4d1c,NOT_FOUND,IDENTITY_OR_SCOPE_DRIFT,False,NOT_APPLIED,NOT_SELECTED,NOT_IN_CURRENT_SCOPE,OM
1861,NOT_IN_CURRENT_SCOPE,Q2,2026,NOT_FOUND,,,,428a920fc5aaef831618dd8eeaaee51bee319a70599c36f599914c5a5685ee16,publication_plan_6132f85cf00e476f81a0432a7b6d4d1c,NOT_FOUND,IDENTITY_OR_SCOPE_DRIFT,False,NOT_APPLIED,NOT_SELECTED,NOT_IN_CURRENT_SCOPE,RDW
2131,NOT_IN_CURRENT_SCOPE,Q2,2026,NOT_FOUND,,,,428a920fc5aaef831618dd8eeaaee51bee319a70599c36f599914c5a5685ee16,publication_plan_6132f85cf00e476f81a0432a7b6d4d1c,NOT_FOUND,IDENTITY_OR_SCOPE_DRIFT,False,NOT_APPLIED,NOT_SELECTED,NOT_IN_CURRENT_SCOPE,TBCH
