ticker,company_id,fiscal_year,fiscal_quarter,prior_status,recognition_cluster,phase13g365_outcome,fresh_outcome,candidate_count,parent_accession,authority_timestamp,matching_method,apply_status,skip_reason,post_status,in_current_recent_open
DRI,707,2027,Q1,UNRESOLVED,EXHIBIT_QUARTER_CONTEXT,uniquely_resolvable,NOT_RUN,,,,,NOT_RUN,EXACT_ALLOWLIST_UNSUPPORTED_BY_EXISTING_JOURNALED_WRITER,UNRESOLVED,True
CAG,394,2027,Q1,UNRESOLVED,EXHIBIT_QUARTER_CONTEXT,uniquely_resolvable,NOT_RUN,,,,,NOT_RUN,EXACT_ALLOWLIST_UNSUPPORTED_BY_EXISTING_JOURNALED_WRITER,UNRESOLVED,True
KMX,1225,2027,Q2,UNRESOLVED,EXHIBIT_QUARTER_CONTEXT,uniquely_resolvable,NOT_RUN,,,,,NOT_RUN,EXACT_ALLOWLIST_UNSUPPORTED_BY_EXISTING_JOURNALED_WRITER,UNRESOLVED,True
CCL,420,2026,Q3,UNRESOLVED,EXHIBIT_QUARTER_CONTEXT,uniquely_resolvable,NOT_RUN,,,,,NOT_RUN,EXACT_ALLOWLIST_UNSUPPORTED_BY_EXISTING_JOURNALED_WRITER,UNRESOLVED,True
CBRL,412,2026,Q4,UNRESOLVED,EXHIBIT_QUARTER_CONTEXT,uniquely_resolvable,NOT_RUN,,,,,NOT_RUN,EXACT_ALLOWLIST_UNSUPPORTED_BY_EXISTING_JOURNALED_WRITER,UNRESOLVED,True
NX,1602,2026,Q3,UNRESOLVED,EXHIBIT_QUARTER_CONTEXT,uniquely_resolvable,NOT_RUN,,,,,NOT_RUN,EXACT_ALLOWLIST_UNSUPPORTED_BY_EXISTING_JOURNALED_WRITER,UNRESOLVED,True
MTRX,1487,2026,Q4,UNRESOLVED,EXHIBIT_QUARTER_CONTEXT,uniquely_resolvable,NOT_RUN,,,,,NOT_RUN,EXACT_ALLOWLIST_UNSUPPORTED_BY_EXISTING_JOURNALED_WRITER,UNRESOLVED,True
SWBI,2110,2027,Q1,UNRESOLVED,EXHIBIT_QUARTER_CONTEXT,uniquely_resolvable,NOT_RUN,,,,,NOT_RUN,EXACT_ALLOWLIST_UNSUPPORTED_BY_EXISTING_JOURNALED_WRITER,UNRESOLVED,True
KOSS,1237,2026,Q4,UNRESOLVED,EXHIBIT_QUARTER_CONTEXT,uniquely_resolvable,NOT_RUN,,,,,NOT_RUN,EXACT_ALLOWLIST_UNSUPPORTED_BY_EXISTING_JOURNALED_WRITER,UNRESOLVED,True
DLTR,685,2027,Q2,UNRESOLVED,EXHIBIT_QUARTER_CONTEXT,uniquely_resolvable,NOT_RUN,,,,,NOT_RUN,EXACT_ALLOWLIST_UNSUPPORTED_BY_EXISTING_JOURNALED_WRITER,UNRESOLVED,True
DY,728,2027,Q2,UNRESOLVED,EXHIBIT_QUARTER_CONTEXT,uniquely_resolvable,NOT_RUN,,,,,NOT_RUN,EXACT_ALLOWLIST_UNSUPPORTED_BY_EXISTING_JOURNALED_WRITER,UNRESOLVED,True
NDSN,1522,2026,Q3,UNRESOLVED,EXHIBIT_QUARTER_CONTEXT,uniquely_resolvable,NOT_RUN,,,,,NOT_RUN,EXACT_ALLOWLIST_UNSUPPORTED_BY_EXISTING_JOURNALED_WRITER,UNRESOLVED,True
EAT,731,2026,Q4,UNRESOLVED,EXHIBIT_QUARTER_CONTEXT,uniquely_resolvable,NOT_RUN,,,,,NOT_RUN,EXACT_ALLOWLIST_UNSUPPORTED_BY_EXISTING_JOURNALED_WRITER,UNRESOLVED,True
EL,751,2026,Q4,UNRESOLVED,EXHIBIT_QUARTER_CONTEXT,uniquely_resolvable,NOT_RUN,,,,,NOT_RUN,EXACT_ALLOWLIST_UNSUPPORTED_BY_EXISTING_JOURNALED_WRITER,UNRESOLVED,True
AVT,251,2026,Q4,UNRESOLVED,EXHIBIT_QUARTER_CONTEXT,uniquely_resolvable,NOT_RUN,,,,,NOT_RUN,EXACT_ALLOWLIST_UNSUPPORTED_BY_EXISTING_JOURNALED_WRITER,UNRESOLVED,True
CTOR,596,2026,Q3,UNRESOLVED,EXHIBIT_QUARTER_CONTEXT,uniquely_resolvable,NOT_RUN,,,,,NOT_RUN,EXACT_ALLOWLIST_UNSUPPORTED_BY_EXISTING_JOURNALED_WRITER,UNRESOLVED,True
CTXR,602,2026,Q3,UNRESOLVED,EXHIBIT_QUARTER_CONTEXT,uniquely_resolvable,NOT_RUN,,,,,NOT_RUN,EXACT_ALLOWLIST_UNSUPPORTED_BY_EXISTING_JOURNALED_WRITER,UNRESOLVED,True
YETI,2435,2026,Q2,UNRESOLVED,EXHIBIT_QUARTER_CONTEXT,uniquely_resolvable,NOT_RUN,,,,,NOT_RUN,EXACT_ALLOWLIST_UNSUPPORTED_BY_EXISTING_JOURNALED_WRITER,UNRESOLVED,True
ATRO,232,2026,Q2,UNRESOLVED,EXHIBIT_QUARTER_CONTEXT,uniquely_resolvable,NOT_RUN,,,,,NOT_RUN,EXACT_ALLOWLIST_UNSUPPORTED_BY_EXISTING_JOURNALED_WRITER,UNRESOLVED,True
JACK,1176,2026,Q3,UNRESOLVED,EXHIBIT_QUARTER_CONTEXT,uniquely_resolvable,NOT_RUN,,,,,NOT_RUN,EXACT_ALLOWLIST_UNSUPPORTED_BY_EXISTING_JOURNALED_WRITER,UNRESOLVED,True
RRR,1923,2026,Q2,UNRESOLVED,EXHIBIT_QUARTER_CONTEXT,uniquely_resolvable,NOT_RUN,,,,,NOT_RUN,EXACT_ALLOWLIST_UNSUPPORTED_BY_EXISTING_JOURNALED_WRITER,UNRESOLVED,True
ALGS,103,2026,Q2,UNRESOLVED,EXHIBIT_QUARTER_CONTEXT,uniquely_resolvable,NOT_RUN,,,,,NOT_RUN,EXACT_ALLOWLIST_UNSUPPORTED_BY_EXISTING_JOURNALED_WRITER,UNRESOLVED,True
CNR,515,2026,Q2,UNRESOLVED,EXHIBIT_QUARTER_CONTEXT,uniquely_resolvable,NOT_RUN,,,,,NOT_RUN,EXACT_ALLOWLIST_UNSUPPORTED_BY_EXISTING_JOURNALED_WRITER,UNRESOLVED,True
FUN,911,2026,Q2,UNRESOLVED,EXHIBIT_QUARTER_CONTEXT,uniquely_resolvable,NOT_RUN,,,,,NOT_RUN,EXACT_ALLOWLIST_UNSUPPORTED_BY_EXISTING_JOURNALED_WRITER,UNRESOLVED,True
KLAC,1217,2026,Q4,UNRESOLVED,EXHIBIT_QUARTER_CONTEXT,uniquely_resolvable,NOT_RUN,,,,,NOT_RUN,EXACT_ALLOWLIST_UNSUPPORTED_BY_EXISTING_JOURNALED_WRITER,UNRESOLVED,True
MELI,1404,2026,Q2,UNRESOLVED,EXHIBIT_QUARTER_CONTEXT,uniquely_resolvable,NOT_RUN,,,,,NOT_RUN,EXACT_ALLOWLIST_UNSUPPORTED_BY_EXISTING_JOURNALED_WRITER,UNRESOLVED,True
SPH,2058,2026,Q3,UNRESOLVED,EXHIBIT_QUARTER_CONTEXT,uniquely_resolvable,NOT_RUN,,,,,NOT_RUN,EXACT_ALLOWLIST_UNSUPPORTED_BY_EXISTING_JOURNALED_WRITER,UNRESOLVED,True
TNC,2180,2026,Q2,UNRESOLVED,EXHIBIT_QUARTER_CONTEXT,uniquely_resolvable,NOT_RUN,,,,,NOT_RUN,EXACT_ALLOWLIST_UNSUPPORTED_BY_EXISTING_JOURNALED_WRITER,UNRESOLVED,True
CPB,544,2026,Q4,NOT_FOUND,ITEM202_HEADING_VARIANTS,uniquely_resolvable,NOT_RUN,,,,,NOT_RUN,EXACT_ALLOWLIST_UNSUPPORTED_BY_EXISTING_JOURNALED_WRITER,NOT_FOUND,True
ORCL,1658,2027,Q1,NOT_FOUND,ITEM202_HEADING_VARIANTS,uniquely_resolvable,NOT_RUN,,,,,NOT_RUN,EXACT_ALLOWLIST_UNSUPPORTED_BY_EXISTING_JOURNALED_WRITER,NOT_FOUND,True
MIND,1423,2027,Q2,NOT_FOUND,ITEM202_HEADING_VARIANTS,uniquely_resolvable,NOT_RUN,,,,,NOT_RUN,EXACT_ALLOWLIST_UNSUPPORTED_BY_EXISTING_JOURNALED_WRITER,NOT_FOUND,True
LYTS,1358,2026,Q4,NOT_FOUND,ITEM202_HEADING_VARIANTS,uniquely_resolvable,NOT_RUN,,,,,NOT_RUN,EXACT_ALLOWLIST_UNSUPPORTED_BY_EXISTING_JOURNALED_WRITER,NOT_FOUND,True
PHR,1736,2027,Q2,NOT_FOUND,ITEM202_HEADING_VARIANTS,uniquely_resolvable,NOT_RUN,,,,,NOT_RUN,EXACT_ALLOWLIST_UNSUPPORTED_BY_EXISTING_JOURNALED_WRITER,NOT_FOUND,True
OKTA,1630,2027,Q2,NOT_FOUND,ITEM202_HEADING_VARIANTS,uniquely_resolvable,NOT_RUN,,,,,NOT_RUN,EXACT_ALLOWLIST_UNSUPPORTED_BY_EXISTING_JOURNALED_WRITER,NOT_FOUND,True
WDAY,2357,2027,Q2,NOT_FOUND,ITEM202_HEADING_VARIANTS,uniquely_resolvable,NOT_RUN,,,,,NOT_RUN,EXACT_ALLOWLIST_UNSUPPORTED_BY_EXISTING_JOURNALED_WRITER,NOT_FOUND,True
SRTS,2079,2026,Q2,NOT_FOUND,ITEM202_HEADING_VARIANTS,uniquely_resolvable,NOT_RUN,,,,,NOT_RUN,EXACT_ALLOWLIST_UNSUPPORTED_BY_EXISTING_JOURNALED_WRITER,NOT_FOUND,True
MYSZ,1508,2026,Q2,NOT_FOUND,ITEM202_HEADING_VARIANTS,uniquely_resolvable,NOT_RUN,,,,,NOT_RUN,EXACT_ALLOWLIST_UNSUPPORTED_BY_EXISTING_JOURNALED_WRITER,NOT_FOUND,True
PDSB,1711,2026,Q2,NOT_FOUND,ITEM202_HEADING_VARIANTS,uniquely_resolvable,NOT_RUN,,,,,NOT_RUN,EXACT_ALLOWLIST_UNSUPPORTED_BY_EXISTING_JOURNALED_WRITER,NOT_FOUND,True
CRS,572,2026,Q4,NOT_FOUND,ITEM202_HEADING_VARIANTS,uniquely_resolvable,NOT_RUN,,,,,NOT_RUN,EXACT_ALLOWLIST_UNSUPPORTED_BY_EXISTING_JOURNALED_WRITER,NOT_FOUND,True
CBRS,2486,2026,Q2,NOT_FOUND,ITEM202_HEADING_VARIANTS,uniquely_resolvable,NOT_RUN,,,,,NOT_RUN,EXACT_ALLOWLIST_UNSUPPORTED_BY_EXISTING_JOURNALED_WRITER,NOT_FOUND,True
CAH,395,2026,Q4,NOT_FOUND,ITEM202_HEADING_VARIANTS,uniquely_resolvable,NOT_RUN,,,,,NOT_RUN,EXACT_ALLOWLIST_UNSUPPORTED_BY_EXISTING_JOURNALED_WRITER,NOT_FOUND,True
FF,852,2026,Q2,NOT_FOUND,ITEM202_HEADING_VARIANTS,uniquely_resolvable,NOT_RUN,,,,,NOT_RUN,EXACT_ALLOWLIST_UNSUPPORTED_BY_EXISTING_JOURNALED_WRITER,NOT_FOUND,True
HNRG,1040,2026,Q2,NOT_FOUND,ITEM202_HEADING_VARIANTS,uniquely_resolvable,NOT_RUN,,,,,NOT_RUN,EXACT_ALLOWLIST_UNSUPPORTED_BY_EXISTING_JOURNALED_WRITER,NOT_FOUND,True
QMCO,1829,2027,Q1,NOT_FOUND,ITEM202_HEADING_VARIANTS,uniquely_resolvable,NOT_RUN,,,,,NOT_RUN,EXACT_ALLOWLIST_UNSUPPORTED_BY_EXISTING_JOURNALED_WRITER,NOT_FOUND,True
SDRL,1969,2026,Q2,NOT_FOUND,ITEM202_HEADING_VARIANTS,uniquely_resolvable,NOT_RUN,,,,,NOT_RUN,EXACT_ALLOWLIST_UNSUPPORTED_BY_EXISTING_JOURNALED_WRITER,NOT_FOUND,True
BIAF,315,2026,Q2,NOT_FOUND,ITEM202_HEADING_VARIANTS,uniquely_resolvable,NOT_RUN,,,,,NOT_RUN,EXACT_ALLOWLIST_UNSUPPORTED_BY_EXISTING_JOURNALED_WRITER,NOT_FOUND,True
DBX,645,2026,Q2,NOT_FOUND,ITEM202_HEADING_VARIANTS,uniquely_resolvable,NOT_RUN,,,,,NOT_RUN,EXACT_ALLOWLIST_UNSUPPORTED_BY_EXISTING_JOURNALED_WRITER,NOT_FOUND,True
GTN,994,2026,Q2,NOT_FOUND,ITEM202_HEADING_VARIANTS,uniquely_resolvable,NOT_RUN,,,,,NOT_RUN,EXACT_ALLOWLIST_UNSUPPORTED_BY_EXISTING_JOURNALED_WRITER,NOT_FOUND,True
ORLY,1662,2026,Q2,NOT_FOUND,ITEM202_HEADING_VARIANTS,uniquely_resolvable,NOT_RUN,,,,,NOT_RUN,EXACT_ALLOWLIST_UNSUPPORTED_BY_EXISTING_JOURNALED_WRITER,NOT_FOUND,True
OSUR,1668,2026,Q2,NOT_FOUND,ITEM202_HEADING_VARIANTS,uniquely_resolvable,NOT_RUN,,,,,NOT_RUN,EXACT_ALLOWLIST_UNSUPPORTED_BY_EXISTING_JOURNALED_WRITER,NOT_FOUND,True
ACIW,31,2026,Q2,NOT_FOUND,ITEM202_HEADING_VARIANTS,uniquely_resolvable,NOT_RUN,,,,,NOT_RUN,EXACT_ALLOWLIST_UNSUPPORTED_BY_EXISTING_JOURNALED_WRITER,NOT_FOUND,True
CGNX,451,2026,Q2,NOT_FOUND,ITEM202_HEADING_VARIANTS,uniquely_resolvable,NOT_RUN,,,,,NOT_RUN,EXACT_ALLOWLIST_UNSUPPORTED_BY_EXISTING_JOURNALED_WRITER,NOT_FOUND,True
COLD,528,2026,Q2,NOT_FOUND,ITEM202_HEADING_VARIANTS,uniquely_resolvable,NOT_RUN,,,,,NOT_RUN,EXACT_ALLOWLIST_UNSUPPORTED_BY_EXISTING_JOURNALED_WRITER,NOT_FOUND,True
DAN,636,2026,Q2,NOT_FOUND,ITEM202_HEADING_VARIANTS,uniquely_resolvable,NOT_RUN,,,,,NOT_RUN,EXACT_ALLOWLIST_UNSUPPORTED_BY_EXISTING_JOURNALED_WRITER,NOT_FOUND,True
DOCS,697,2027,Q1,NOT_FOUND,ITEM202_HEADING_VARIANTS,uniquely_resolvable,NOT_RUN,,,,,NOT_RUN,EXACT_ALLOWLIST_UNSUPPORTED_BY_EXISTING_JOURNALED_WRITER,NOT_FOUND,True
FOUR,885,2026,Q2,NOT_FOUND,ITEM202_HEADING_VARIANTS,uniquely_resolvable,NOT_RUN,,,,,NOT_RUN,EXACT_ALLOWLIST_UNSUPPORTED_BY_EXISTING_JOURNALED_WRITER,NOT_FOUND,True
LXRX,1353,2026,Q2,NOT_FOUND,ITEM202_HEADING_VARIANTS,uniquely_resolvable,NOT_RUN,,,,,NOT_RUN,EXACT_ALLOWLIST_UNSUPPORTED_BY_EXISTING_JOURNALED_WRITER,NOT_FOUND,True
OM,1636,2026,Q2,NOT_FOUND,ITEM202_HEADING_VARIANTS,uniquely_resolvable,NOT_RUN,,,,,NOT_RUN,EXACT_ALLOWLIST_UNSUPPORTED_BY_EXISTING_JOURNALED_WRITER,NOT_FOUND,True
RDW,1861,2026,Q2,NOT_FOUND,ITEM202_HEADING_VARIANTS,uniquely_resolvable,NOT_RUN,,,,,NOT_RUN,EXACT_ALLOWLIST_UNSUPPORTED_BY_EXISTING_JOURNALED_WRITER,NOT_FOUND,True
TBCH,2131,2026,Q2,NOT_FOUND,ITEM202_HEADING_VARIANTS,uniquely_resolvable,NOT_RUN,,,,,NOT_RUN,EXACT_ALLOWLIST_UNSUPPORTED_BY_EXISTING_JOURNALED_WRITER,NOT_FOUND,True
