ticker,company_id,fiscal_year,fiscal_quarter,current_authority_status,in_current_recent_open,candidate_index,accession,form,acceptance_timestamp,filing_date,fresh_submissions_acceptance_timestamp,acceptance_corroboration,reviewed_filing_index_url,reviewed_filing_index_sha256,index_accepted_display,index_display_timezone_interpretation,item_2_02_presence,primary_document,primary_url,primary_document_sha256,linked_result_exhibit,linked_result_exhibit_sha256,fiscal_period_match,period_scope_caveat,event_class,event_subclass,actual_vs_preliminary,financial_scope,competing_pair_financial_scope,previous_results_announced,revision_or_correction,related_entity,related_candidate_accession,relationship,policy_a_eligible,policy_b_eligible,policy_c_eligible,preferred_policy_eligible,preferred_precedence,impact_group,evidence_summary,recommended_future_action
ABAT,9,2026,Q4,AMBIGUOUS,True,1,0001493152-26-039500,8-K,2026-08-20T21:00:28Z,2026-08-20,2026-08-20T21:00:28Z,MATCH,,,,,METADATA_AND_LEGACY_DOCUMENT_CONFIRMED,form8-k.htm,https://www.sec.gov/Archives/edgar/data/1576873/000149315226039500/form8-k.htm,4d7803c4c8c47af10f9951ecf7f70affc5a035a03d0f4cf6d93996762d2a18fd,https://www.sec.gov/Archives/edgar/data/1576873/000149315226039500/ex99-1.htm,15bd1fc25413a507752e14084e1b8ad8fecbaca5bf86d4df8fbd05cd7cd35352,CIK_ITEM_2_02_EXACT_PERIOD_END;canonical_period_end=2026-06-30,,PRELIMINARY_RESULTS,SELECTED_REVENUE_GROSS_PROFIT,PRELIMINARY_ESTIMATES_FOR_COMPLETED_PERIOD,Q4 revenue 8.2m; cost of goods 6.9m; gross profit 1.3m; no Q4 net result. Later release contains annual financial statements only.,Q4 revenue 8.2m; cost of goods 6.9m; gross profit 1.3m; no Q4 net result. Later release contains annual financial statements only.,NO_EXPLICIT_REFERENCE_TO_COMPETING_RELEASE,NO_EXPLICIT_CORRECTION_OF_COMPETING_RELEASE,CANONICAL_ISSUER,0001493152-26-042948,SELECTED_PRELIMINARY_THEN_ANNUAL_RESULTS,NO,NO,YES,NO,BLOCKED_PENDING_PERIOD_OR_ENTITY_SCOPE_REVIEW,INSUFFICIENT_EVIDENCE,Preliminary Q4 operating gross-profit summary is not a broad P&L; the competing annual release does not disclose Q4 separately. Keep quarter authority open pending explicit annual-to-Q4 event review.,KEEP_OPEN_COMPLETE_PERIOD_OR_ENTITY_EVIDENCE_NO_CURRENT_WRITE
ABAT,9,2026,Q4,AMBIGUOUS,True,2,0001493152-26-042948,8-K,2026-09-16T21:05:56Z,2026-09-16,2026-09-16T21:05:56Z,MATCH,,,,,METADATA_AND_LEGACY_DOCUMENT_CONFIRMED,form8-k.htm,https://www.sec.gov/Archives/edgar/data/1576873/000149315226042948/form8-k.htm,693ea5d50e34df3f11b382d76eebb9c40bc57d2be908a1d4ee8c17e7f5ab36d1,https://www.sec.gov/Archives/edgar/data/1576873/000149315226042948/ex99-2.htm,a0744cf15f340367fe5f6c132494f7cd27d6ae74f45085b7dc46bb00c9cd1c6a,CIK_ITEM_2_02_EXACT_PERIOD_END;canonical_period_end=2026-06-30,ANNUAL_ONLY_QUARTER_INFORMATION_NOT_PROVEN,FULL_PERIOD_RESULTS,ANNUAL_ONLY_PERIOD_BOUNDARY,ACTUAL_REPORTED_UNAUDITED_OR_AUDITED_NOT_AUTOMATICALLY_PRELIMINARY,Annual financial statements; separate target-Q4 values not established,Q4 revenue 8.2m; cost of goods 6.9m; gross profit 1.3m; no Q4 net result. Later release contains annual financial statements only.,NO_EXPLICIT_REFERENCE_TO_COMPETING_RELEASE,NO_EXPLICIT_CORRECTION_OF_COMPETING_RELEASE,CANONICAL_ISSUER,0001493152-26-039500,SELECTED_PRELIMINARY_THEN_ANNUAL_RESULTS,REVIEW,REVIEW,REVIEW,REVIEW,BLOCKED_PENDING_PERIOD_OR_ENTITY_SCOPE_REVIEW,INSUFFICIENT_EVIDENCE,Preliminary Q4 operating gross-profit summary is not a broad P&L; the competing annual release does not disclose Q4 separately. Keep quarter authority open pending explicit annual-to-Q4 event review.,KEEP_OPEN_COMPLETE_PERIOD_OR_ENTITY_EVIDENCE_NO_CURRENT_WRITE
GME,956,2027,Q2,AMBIGUOUS,True,1,0001326380-26-000046,8-K,2026-08-31T10:23:08Z,2026-08-31,2026-08-31T14:23:08Z,SUBMISSIONS_DISAGREES_INDEX_ET_CORROBORATES_STORED,https://www.sec.gov/Archives/edgar/data/1326380/000132638026000046/0001326380-26-000046-index.htm,a92d6e768feb867a2c1223dbb2486cc5ee96865658f97267373944f2e5db386d,2026-08-31 06:23:08,America/New_York,METADATA_AND_LEGACY_DOCUMENT_CONFIRMED,gme-20260831.htm,https://www.sec.gov/Archives/edgar/data/1326380/000132638026000046/gme-20260831.htm,74870a7a49a48a42c3665d7e7560697e2463bc5ddfc9a8b3b4ada42d6bd9032a,https://www.sec.gov/Archives/edgar/data/1326380/000132638026000046/pressreleasesecondquarterp.htm,32f0b4c86f7baaf05673bc374207600c5ed56355a7f0fd2791493297d0663df6,CIK_ITEM_2_02_EXACT_PERIOD_END;canonical_period_end=2026-08-01,,PRELIMINARY_RESULTS,BROAD_P_AND_L,PRELIMINARY_ESTIMATES_FOR_COMPLETED_PERIOD,Q2 sales 780-800m; GAAP operating income 150-170m; GAAP net income 290-310m; cash and investments. Later full quarterly statements.,Q2 sales 780-800m; GAAP operating income 150-170m; GAAP net income 290-310m; cash and investments. Later full quarterly statements.,NO_EXPLICIT_REFERENCE_TO_COMPETING_RELEASE,NO_EXPLICIT_CORRECTION_OF_COMPETING_RELEASE,CANONICAL_ISSUER,0001326380-26-000050,BROAD_PRELIMINARY_THEN_FULL_SAME_PERIOD,NO,YES,YES,YES,INITIAL_BROAD_PRELIMINARY,PRECEDENCE,Completed-quarter estimates contain sales and GAAP earnings; the preliminary release explicitly schedules complete second-quarter results. Both are qualifying result disclosures under B; typed preliminary-to-completion precedence is required.,REVIEWED_TYPED_EVENT_PRECEDENCE_NO_CURRENT_WRITE
GME,956,2027,Q2,AMBIGUOUS,True,2,0001326380-26-000050,8-K,2026-09-08T13:02:39Z,2026-09-08,2026-09-08T17:02:39Z,SUBMISSIONS_DISAGREES_INDEX_ET_CORROBORATES_STORED,https://www.sec.gov/Archives/edgar/data/1326380/000132638026000050/0001326380-26-000050-index.htm,ee3eee875512dc6cf855d1d34d6a1fa792c58b6a9fa947dafe64e9623ad630fa,2026-09-08 09:02:39,America/New_York,METADATA_AND_LEGACY_DOCUMENT_CONFIRMED,gme-20260908.htm,https://www.sec.gov/Archives/edgar/data/1326380/000132638026000050/gme-20260908.htm,bf6d467f8d25415a17075e3f855538643b1cc3a2272ec668f7f325f4ddbeb323,https://www.sec.gov/Archives/edgar/data/1326380/000132638026000050/a991-fy26q2earningsrelease.htm,5cf0ccc14d102eccfc10649a156ec6d256756297397df07bb7c7c90367438c73,CIK_ITEM_2_02_EXACT_PERIOD_END;canonical_period_end=2026-08-01,,FULL_PERIOD_RESULTS,COMPLETING_QUARTER_RESULTS,ACTUAL_REPORTED_UNAUDITED_OR_AUDITED_NOT_AUTOMATICALLY_PRELIMINARY,Canonical reporting entity target-quarter actual GAAP earnings/loss and reported financial result package; full release and financial schedules,Q2 sales 780-800m; GAAP operating income 150-170m; GAAP net income 290-310m; cash and investments. Later full quarterly statements.,NO_EXPLICIT_REFERENCE_TO_COMPETING_RELEASE,NO_EXPLICIT_CORRECTION_OF_COMPETING_RELEASE,CANONICAL_ISSUER,0001326380-26-000046,BROAD_PRELIMINARY_THEN_FULL_SAME_PERIOD,YES,YES,YES,YES,COMPLETION_OF_SAME_PERIOD_NOT_NEW_FIRST_EVENT,PRECEDENCE,Completed-quarter estimates contain sales and GAAP earnings; the preliminary release explicitly schedules complete second-quarter results. Both are qualifying result disclosures under B; typed preliminary-to-completion precedence is required.,REVIEWED_TYPED_EVENT_PRECEDENCE_NO_CURRENT_WRITE
SMCI,2027,2026,Q4,AMBIGUOUS,True,1,0001375365-26-000019,8-K,2026-07-21T20:10:55Z,2026-07-21,2026-07-21T20:10:55Z,MATCH,,,,,METADATA_AND_LEGACY_DOCUMENT_CONFIRMED,smci-20260721.htm,https://www.sec.gov/Archives/edgar/data/1375365/000137536526000019/smci-20260721.htm,5f27221da599cfb2b73b280a679dd1d550d1cc6817d1e11d0b6973332c6e8560,https://www.sec.gov/Archives/edgar/data/1375365/000137536526000019/fq42026businessupdate.htm,06dd8517243851f0e103e3299106f109151a18db22b51506add5321976b8ddb9,CIK_ITEM_2_02_EXACT_PERIOD_END;canonical_period_end=2026-06-30,,PRELIMINARY_RESULTS,SELECTED_REVENUE_GROSS_MARGIN,PRELIMINARY_ESTIMATES_FOR_COMPLETED_PERIOD,Q4 estimated revenue near guidance low end; gross margin 15-17%; orders and backlog. No preliminary GAAP net result.,Q4 estimated revenue near guidance low end; gross margin 15-17%; orders and backlog. No preliminary GAAP net result.,NO_EXPLICIT_REFERENCE_TO_COMPETING_RELEASE,NO_EXPLICIT_CORRECTION_OF_COMPETING_RELEASE,CANONICAL_ISSUER,0001375365-26-000021,SELECTED_PRELIMINARY_THEN_FULL,NO,NO,YES,NO,NOT_A_FIRST_RESULT_EVENT,FILTERING,"Closed-quarter sales and gross-margin estimates do not meet the earnings minimum. The later release reports Q4 net income, EPS and cash flow separately from full-year results.",REVIEWED_VERSIONED_ELIGIBILITY_ONLY_NO_CURRENT_WRITE
SMCI,2027,2026,Q4,AMBIGUOUS,True,2,0001375365-26-000021,8-K,2026-08-11T20:06:16Z,2026-08-11,2026-08-11T20:06:16Z,MATCH,,,,,METADATA_AND_LEGACY_DOCUMENT_CONFIRMED,smci-20260811.htm,https://www.sec.gov/Archives/edgar/data/1375365/000137536526000021/smci-20260811.htm,ee887c8fd0107e58f47e05106c9b9c8ad47dbee73077b4dac2d79201a03694ae,https://www.sec.gov/Archives/edgar/data/1375365/000137536526000021/exhibit991_20260630.htm,a4fadb42110692bca69a13e7f011262139e62f49eb5131acbbd83fcd09605f7c,CIK_ITEM_2_02_EXACT_PERIOD_END;canonical_period_end=2026-06-30,,FULL_PERIOD_RESULTS,FULL_PERIOD_RESULTS,ACTUAL_REPORTED_UNAUDITED_OR_AUDITED_NOT_AUTOMATICALLY_PRELIMINARY,Canonical reporting entity target-quarter actual GAAP earnings/loss and reported financial result package; full release and financial schedules,Q4 estimated revenue near guidance low end; gross margin 15-17%; orders and backlog. No preliminary GAAP net result.,NO_EXPLICIT_REFERENCE_TO_COMPETING_RELEASE,NO_EXPLICIT_CORRECTION_OF_COMPETING_RELEASE,CANONICAL_ISSUER,0001375365-26-000019,SELECTED_PRELIMINARY_THEN_FULL,YES,YES,YES,YES,SOLE_QUALIFYING_EVENT,FILTERING,"Closed-quarter sales and gross-margin estimates do not meet the earnings minimum. The later release reports Q4 net income, EPS and cash flow separately from full-year results.",REVIEWED_VERSIONED_ELIGIBILITY_ONLY_NO_CURRENT_WRITE
OPTT,2527,2026,Q4,AMBIGUOUS,True,1,0001493152-26-034425,8-K,2026-07-23T20:56:00Z,2026-07-23,2026-07-23T20:56:00Z,MATCH,,,,,METADATA_AND_LEGACY_DOCUMENT_CONFIRMED,form8-k.htm,https://www.sec.gov/Archives/edgar/data/1378140/000149315226034425/form8-k.htm,7ab1bcf32458c47c85101a9f9fe481fdb911f7e19582db90ca4ae877d8ab3090,https://www.sec.gov/Archives/edgar/data/1378140/000149315226034425/ex99-2.htm,b938de4f489899effbad63b1cd22c4e2d44e41defdb4204cdec20a0274d56379,CIK_ITEM_2_02_EXACT_PERIOD_END;canonical_period_end=2026-04-30,ANNUAL_ONLY_QUARTER_INFORMATION_NOT_PROVEN,PRELIMINARY_RESULTS,BROAD_ANNUAL_RESULTS_LATER_IDENTIFIED_AS_PRELIMINARY,PRELIMINARY_ESTIMATES_FOR_COMPLETED_PERIOD,"Primary announces Q4 and annual results; exhibited P&L and cash flows are fiscal-year totals. Later filing materially revises annual revenue, operating loss and net loss.","Primary announces Q4 and annual results; exhibited P&L and cash flows are fiscal-year totals. Later filing materially revises annual revenue, operating loss and net loss.",NO_EXPLICIT_REFERENCE_TO_COMPETING_RELEASE,NO_EXPLICIT_CORRECTION_OF_COMPETING_RELEASE,CANONICAL_ISSUER,0001493152-26-039793,EXPLICIT_MATERIAL_REVISION_OF_PREVIOUS_RESULTS,REVIEW,REVIEW,REVIEW,REVIEW,BLOCKED_PENDING_PERIOD_OR_ENTITY_SCOPE_REVIEW,INSUFFICIENT_EVIDENCE,"The later release explicitly revises the prior preliminary release after audit procedures. This is not a new first-publication event, but annual-only values cannot safely establish this canonical Q4 minimum; review quarter scope and inconsistently quoted prior net loss.",KEEP_OPEN_COMPLETE_PERIOD_OR_ENTITY_EVIDENCE_NO_CURRENT_WRITE
OPTT,2527,2026,Q4,AMBIGUOUS,True,2,0001493152-26-039793,8-K,2026-08-24T13:00:14Z,2026-08-24,2026-08-24T13:00:14Z,MATCH,,,,,METADATA_AND_LEGACY_DOCUMENT_CONFIRMED,form8-k.htm,https://www.sec.gov/Archives/edgar/data/1378140/000149315226039793/form8-k.htm,ce5cae606bfd1ce564b23db048921a12737b887f3db51e6a955494eb89d1d735,https://www.sec.gov/Archives/edgar/data/1378140/000149315226039793/ex99-1.htm,4721ecf47381007df3822f355f9ced0fe4e7315894a41591070b63bf135480af,CIK_ITEM_2_02_EXACT_PERIOD_END;canonical_period_end=2026-04-30,ANNUAL_ONLY_QUARTER_INFORMATION_NOT_PROVEN,REVISED_OR_CORRECTED_RESULTS,MATERIAL_ANNUAL_FINANCIAL_REVISION,REVISED_ACTUAL_ANNUAL_FINANCIALS,"Annual revised revenue, loss and financial statements; separate target-Q4 values not established","Primary announces Q4 and annual results; exhibited P&L and cash flows are fiscal-year totals. Later filing materially revises annual revenue, operating loss and net loss.",YES_EXPLICIT_JULY_23_RESULTS,MATERIAL_REVISION_AFTER_AUDIT_PROCEDURES_NOT_FORM_AMENDMENT,CANONICAL_ISSUER,0001493152-26-034425,EXPLICIT_MATERIAL_REVISION_OF_PREVIOUS_RESULTS,REVIEW,REVIEW,REVIEW,REVIEW,BLOCKED_PENDING_PERIOD_OR_ENTITY_SCOPE_REVIEW,INSUFFICIENT_EVIDENCE,"The later release explicitly revises the prior preliminary release after audit procedures. This is not a new first-publication event, but annual-only values cannot safely establish this canonical Q4 minimum; review quarter scope and inconsistently quoted prior net loss.",KEEP_OPEN_COMPLETE_PERIOD_OR_ENTITY_EVIDENCE_NO_CURRENT_WRITE
MOVE,1455,2026,Q2,AMBIGUOUS,True,1,0001213900-26-090115,8-K,2026-08-14T20:20:32Z,2026-08-14,2026-08-15T00:20:32Z,SUBMISSIONS_DISAGREES_INDEX_ET_CORROBORATES_STORED,https://www.sec.gov/Archives/edgar/data/1734750/000121390026090115/0001213900-26-090115-index.htm,96c1dbdf010f28fcb22dfe4c592965b877d46cc8d57db7d606bac81ec3dc357d,2026-08-14 16:20:32,America/New_York,METADATA_AND_LEGACY_DOCUMENT_CONFIRMED,ea0302004-8k_corvex.htm,https://www.sec.gov/Archives/edgar/data/1734750/000121390026090115/ea0302004-8k_corvex.htm,7e5d27d9939aa96534daabedb6a7f6179a08687c05d0cf42de5822f28ad7fb9d,https://www.sec.gov/Archives/edgar/data/1734750/000121390026090115/ea030200401ex99-1.htm,a20e9544eb09cf2cd14fb6cc3495e56e9d3fdae111473b4444731f056b4063e1,CIK_ITEM_2_02_EXACT_PERIOD_END;canonical_period_end=2026-06-30,,FULL_PERIOD_RESULTS,ACTUAL_POST_MERGER_CONSOLIDATED_RESULTS,ACTUAL_REPORTED_UNAUDITED_OR_AUDITED_NOT_AUTOMATICALLY_PRELIMINARY,"Q2 actual revenue, GAAP loss and EPS, EBITDA and cash flow after merger; competing filing supplies hypothetical combined six-month/annual statements.","Q2 actual revenue, GAAP loss and EPS, EBITDA and cash flow after merger; competing filing supplies hypothetical combined six-month/annual statements.",NO_EXPLICIT_REFERENCE_TO_COMPETING_RELEASE,NO_EXPLICIT_CORRECTION_OF_COMPETING_RELEASE,CANONICAL_ISSUER,0001213900-26-097690,ACTUAL_RESULTS_VS_TRANSACTION_PRO_FORMA,YES,YES,YES,YES,SOLE_QUALIFYING_EVENT,FILTERING,"The result release reports actual post-merger operations. The later pro forma filing explicitly does not update actual consolidated statements and uses hypothetical merger dates; exclude that event, not the actual issuer because it had a merger.",REVIEWED_VERSIONED_ELIGIBILITY_ONLY_NO_CURRENT_WRITE
MOVE,1455,2026,Q2,AMBIGUOUS,True,2,0001213900-26-097690,8-K,2026-09-04T20:30:14Z,2026-09-04,2026-09-05T00:30:14Z,SUBMISSIONS_DISAGREES_INDEX_ET_CORROBORATES_STORED,https://www.sec.gov/Archives/edgar/data/1734750/000121390026097690/0001213900-26-097690-index.htm,fc41b8d20f59f5328867dab7aff02d313251c18e9873b69570b8236d78d5c239,2026-09-04 16:30:14,America/New_York,METADATA_AND_LEGACY_DOCUMENT_CONFIRMED,ea0304515-8k_corvex.htm,https://www.sec.gov/Archives/edgar/data/1734750/000121390026097690/ea0304515-8k_corvex.htm,ffd72fa9add302dfa0debf0cc2bcafb2cf1be6b8af134111903b7944c0a09312,https://www.sec.gov/Archives/edgar/data/1734750/000121390026097690/ea030451501ex99-1.htm,28d259587531c2578ca307dbbec35783f5ed28d0242e5279b42b7a95e5e7b8d6,CIK_ITEM_2_02_EXACT_PERIOD_END;canonical_period_end=2026-06-30,,PRO_FORMA_OR_TRANSACTION_CONTEXT,PRO_FORMA_OR_TRANSACTION_CONTEXT,HYPOTHETICAL_PRO_FORMA_WITH_HISTORICAL_COMPONENTS,Hypothetical combined financial statements for six months and prior fiscal year; not actual consolidated result update,"Q2 actual revenue, GAAP loss and EPS, EBITDA and cash flow after merger; competing filing supplies hypothetical combined six-month/annual statements.",NO_EXPLICIT_REFERENCE_TO_COMPETING_RELEASE,NO_EXPLICIT_CORRECTION_OF_COMPETING_RELEASE,CANONICAL_ISSUER,0001213900-26-090115,ACTUAL_RESULTS_VS_TRANSACTION_PRO_FORMA,NO,NO,NO,NO,NOT_A_FIRST_RESULT_EVENT,FILTERING,"The result release reports actual post-merger operations. The later pro forma filing explicitly does not update actual consolidated statements and uses hypothetical merger dates; exclude that event, not the actual issuer because it had a merger.",REVIEWED_VERSIONED_ELIGIBILITY_ONLY_NO_CURRENT_WRITE
GOSS,970,2026,Q2,AMBIGUOUS,True,1,0001728117-26-000064,8-K,2026-07-27T20:01:09Z,2026-07-27,2026-07-27T20:01:09Z,MATCH,,,,,METADATA_AND_LEGACY_DOCUMENT_CONFIRMED,goss-20260723.htm,https://www.sec.gov/Archives/edgar/data/1728117/000172811726000064/goss-20260723.htm,9c8acb7a3b9418643aa268123404fe66b9369ab33b3ae2b1b572a33c4c70d0ae,https://www.sec.gov/Archives/edgar/data/1728117/000172811726000064/goss-20260727xexx991xprchi.htm,0be146ad757aea3329561e0275839b56a87f29e847807388f0d73f694e87b1ed,CIK_ITEM_2_02_EXACT_PERIOD_END;canonical_period_end=2026-06-30,,PRELIMINARY_RESULTS,SELECTED_CASH_ONLY,PRELIMINARY_ESTIMATES_FOR_COMPLETED_PERIOD,Estimated quarter-end cash and investments 57m with regulatory/licensing update; later quarterly revenue/expense and net-result package.,Estimated quarter-end cash and investments 57m with regulatory/licensing update; later quarterly revenue/expense and net-result package.,NO_EXPLICIT_REFERENCE_TO_COMPETING_RELEASE,NO_EXPLICIT_CORRECTION_OF_COMPETING_RELEASE,CANONICAL_ISSUER,0001728117-26-000073,CASH_ESTIMATE_THEN_FULL,NO,NO,YES,NO,NOT_A_FIRST_RESULT_EVENT,FILTERING,A balance-sheet liquidity estimate in a regulatory/business update is not publication of the quarter earnings result; retain as secondary financial-event evidence only.,REVIEWED_VERSIONED_ELIGIBILITY_ONLY_NO_CURRENT_WRITE
GOSS,970,2026,Q2,AMBIGUOUS,True,2,0001728117-26-000073,8-K,2026-08-13T20:02:19Z,2026-08-13,2026-08-13T20:02:19Z,MATCH,,,,,METADATA_AND_LEGACY_DOCUMENT_CONFIRMED,goss-20260813.htm,https://www.sec.gov/Archives/edgar/data/1728117/000172811726000073/goss-20260813.htm,79a560901729f952e0000937bde3495dd903756e81f6b384346b86f86829957b,https://www.sec.gov/Archives/edgar/data/1728117/000172811726000073/goss-20260813xexx991xearni.htm,0dbec54f99116d412de4343122bba08184a8ffd874ab0da520d6796ebd30c025,CIK_ITEM_2_02_EXACT_PERIOD_END;canonical_period_end=2026-06-30,,FULL_PERIOD_RESULTS,FULL_PERIOD_RESULTS,ACTUAL_REPORTED_UNAUDITED_OR_AUDITED_NOT_AUTOMATICALLY_PRELIMINARY,Canonical reporting entity target-quarter actual GAAP earnings/loss and reported financial result package; full release and financial schedules,Estimated quarter-end cash and investments 57m with regulatory/licensing update; later quarterly revenue/expense and net-result package.,NO_EXPLICIT_REFERENCE_TO_COMPETING_RELEASE,NO_EXPLICIT_CORRECTION_OF_COMPETING_RELEASE,CANONICAL_ISSUER,0001728117-26-000064,CASH_ESTIMATE_THEN_FULL,YES,YES,YES,YES,SOLE_QUALIFYING_EVENT,FILTERING,A balance-sheet liquidity estimate in a regulatory/business update is not publication of the quarter earnings result; retain as secondary financial-event evidence only.,REVIEWED_VERSIONED_ELIGIBILITY_ONLY_NO_CURRENT_WRITE
REKR,1867,2026,Q2,AMBIGUOUS,True,1,0001437749-26-023616,8-K,2026-07-15T18:13:28Z,2026-07-15,2026-07-15T18:13:28Z,MATCH,,,,,METADATA_AND_LEGACY_DOCUMENT_CONFIRMED,rekr20260715_8k.htm,https://www.sec.gov/Archives/edgar/data/1697851/000143774926023616/rekr20260715_8k.htm,f35ecd0d1de4de16205dc70d3ff7ee30c09902335e96edaff943cbb02d7ff8e6,https://www.sec.gov/Archives/edgar/data/1697851/000143774926023616/ex_988551.htm,883758e76c58ffd0483a93d053823944f79395fd6c0fd25e22692636631622cc,CIK_ITEM_2_02_EXACT_PERIOD_END;canonical_period_end=2026-06-30,,PRELIMINARY_RESULTS,SELECTED_NON_GAAP_METRICS,PRELIMINARY_ESTIMATES_FOR_COMPLETED_PERIOD,Revenue about 12.6m; adjusted gross margin 55%; adjusted EBITDA loss 1.3m; cash 10m. No numeric preliminary GAAP net result.,Revenue about 12.6m; adjusted gross margin 55%; adjusted EBITDA loss 1.3m; cash 10m. No numeric preliminary GAAP net result.,NO_EXPLICIT_REFERENCE_TO_COMPETING_RELEASE,NO_EXPLICIT_CORRECTION_OF_COMPETING_RELEASE,CANONICAL_ISSUER,0001437749-26-027481,SELECTED_PRELIMINARY_THEN_FULL,NO,NO,YES,NO,NOT_A_FIRST_RESULT_EVENT,FILTERING,Several reported metrics are not necessarily a broad earnings package: adjusted EBITDA is not GAAP net loss. The final exhibit includes condensed statements of operations and a 551k GAAP loss.,REVIEWED_VERSIONED_ELIGIBILITY_ONLY_NO_CURRENT_WRITE
REKR,1867,2026,Q2,AMBIGUOUS,True,2,0001437749-26-027481,8-K,2026-08-13T12:00:12Z,2026-08-13,2026-08-13T12:00:12Z,MATCH,,,,,METADATA_AND_LEGACY_DOCUMENT_CONFIRMED,rekr20260812_8k.htm,https://www.sec.gov/Archives/edgar/data/1697851/000143774926027481/rekr20260812_8k.htm,0840856615b4b937c9014c4b952b5899530fbab7f111b419b0bdf8770268a844,https://www.sec.gov/Archives/edgar/data/1697851/000143774926027481/ex_1003963.htm,9e53c102a677fbbe25dc8452dca402f333275d07a997d6e7b982b34389e3a30c,CIK_ITEM_2_02_EXACT_PERIOD_END;canonical_period_end=2026-06-30,,FULL_PERIOD_RESULTS,FULL_PERIOD_RESULTS,ACTUAL_REPORTED_UNAUDITED_OR_AUDITED_NOT_AUTOMATICALLY_PRELIMINARY,Canonical reporting entity target-quarter actual GAAP earnings/loss and reported financial result package; full release and financial schedules,Revenue about 12.6m; adjusted gross margin 55%; adjusted EBITDA loss 1.3m; cash 10m. No numeric preliminary GAAP net result.,NO_EXPLICIT_REFERENCE_TO_COMPETING_RELEASE,NO_EXPLICIT_CORRECTION_OF_COMPETING_RELEASE,CANONICAL_ISSUER,0001437749-26-023616,SELECTED_PRELIMINARY_THEN_FULL,YES,YES,YES,YES,SOLE_QUALIFYING_EVENT,FILTERING,Several reported metrics are not necessarily a broad earnings package: adjusted EBITDA is not GAAP net loss. The final exhibit includes condensed statements of operations and a 551k GAAP loss.,REVIEWED_VERSIONED_ELIGIBILITY_ONLY_NO_CURRENT_WRITE
ANRO,162,2026,Q2,AMBIGUOUS,True,1,0001104659-26-082875,8-K,2026-07-13T11:39:07Z,2026-07-13,2026-07-13T15:39:07Z,SUBMISSIONS_DISAGREES_INDEX_ET_CORROBORATES_STORED,https://www.sec.gov/Archives/edgar/data/1999480/000110465926082875/0001104659-26-082875-index.htm,f11a2df5b3998ef737f0cf8c07dc2103acb16ff1efbc843f723de600ed172f12,2026-07-13 07:39:07,America/New_York,METADATA_AND_LEGACY_DOCUMENT_CONFIRMED,tm2620297d1_8k.htm,https://www.sec.gov/Archives/edgar/data/1999480/000110465926082875/tm2620297d1_8k.htm,9644ffa7d30e7bb2312665c4e26d6c487f59016dd938f12265a74baab01a6cc8,,,CIK_ITEM_2_02_EXACT_PERIOD_END;canonical_period_end=2026-06-30,,PRELIMINARY_RESULTS,SELECTED_CASH_ONLY,PRELIMINARY_ESTIMATES_FOR_COMPLETED_PERIOD,"Cash, equivalents and restricted cash estimate 244.2m; clinical pipeline update. Later quarterly financial results.","Cash, equivalents and restricted cash estimate 244.2m; clinical pipeline update. Later quarterly financial results.",NO_EXPLICIT_REFERENCE_TO_COMPETING_RELEASE,NO_EXPLICIT_CORRECTION_OF_COMPETING_RELEASE,CANONICAL_ISSUER,0001999480-26-000022,CASH_ESTIMATE_THEN_FULL,NO,NO,YES,NO,NOT_A_FIRST_RESULT_EVENT,FILTERING,The first filing explicitly restricts financial disclosure to an unaudited cash estimate. The subsequent result release provides quarter net loss and operating expenses; forward pro forma financing cash in that full release does not invalidate its actual results.,REVIEWED_VERSIONED_ELIGIBILITY_ONLY_NO_CURRENT_WRITE
ANRO,162,2026,Q2,AMBIGUOUS,True,2,0001999480-26-000022,8-K,2026-08-12T20:14:32Z,2026-08-12,2026-08-13T00:14:32Z,SUBMISSIONS_DISAGREES_INDEX_ET_CORROBORATES_STORED,https://www.sec.gov/Archives/edgar/data/1999480/000199948026000022/0001999480-26-000022-index.htm,d88cf45c4899425e1824ccc3fe88b868c4d62c24dfea64e33b2657de393127c2,2026-08-12 16:14:32,America/New_York,METADATA_AND_LEGACY_DOCUMENT_CONFIRMED,alto-20260812.htm,https://www.sec.gov/Archives/edgar/data/1999480/000199948026000022/alto-20260812.htm,3b01015ade220acd2e0ab84851301c03498f76aba7e671c520c41a9df5344dc4,https://www.sec.gov/Archives/edgar/data/1999480/000199948026000022/exhibit991-earningsrelease.htm,35b6abc8f0f29d81c77f8a1e33dbc0abb5e2129728320137f12831d3daafca04,CIK_ITEM_2_02_EXACT_PERIOD_END;canonical_period_end=2026-06-30,,FULL_PERIOD_RESULTS,FULL_PERIOD_RESULTS,ACTUAL_REPORTED_UNAUDITED_OR_AUDITED_NOT_AUTOMATICALLY_PRELIMINARY,Canonical reporting entity target-quarter actual GAAP earnings/loss and reported financial result package; full release and financial schedules,"Cash, equivalents and restricted cash estimate 244.2m; clinical pipeline update. Later quarterly financial results.",NO_EXPLICIT_REFERENCE_TO_COMPETING_RELEASE,NO_EXPLICIT_CORRECTION_OF_COMPETING_RELEASE,CANONICAL_ISSUER,0001104659-26-082875,CASH_ESTIMATE_THEN_FULL,YES,YES,YES,YES,SOLE_QUALIFYING_EVENT,FILTERING,The first filing explicitly restricts financial disclosure to an unaudited cash estimate. The subsequent result release provides quarter net loss and operating expenses; forward pro forma financing cash in that full release does not invalidate its actual results.,REVIEWED_VERSIONED_ELIGIBILITY_ONLY_NO_CURRENT_WRITE
KSCP,1249,2026,Q2,AMBIGUOUS,True,1,0001104659-26-084853,8-K,2026-07-20T11:01:12Z,2026-07-20,2026-07-20T11:01:12Z,MATCH,,,,,METADATA_AND_LEGACY_DOCUMENT_CONFIRMED,kscp-20260720x8k.htm,https://www.sec.gov/Archives/edgar/data/1600983/000110465926084853/kscp-20260720x8k.htm,5fd97ea47c3ccbc34dcccc79e2c5fc2816690657c7ff5711ecff701e8b544c76,https://www.sec.gov/Archives/edgar/data/1600983/000110465926084853/kscp-20260720xex99d1.htm,5a7372220bfe9946feb7ca60ea66279be14c828262b0a790ae393323036366af,CIK_ITEM_2_02_EXACT_PERIOD_END;canonical_period_end=2026-06-30,,PRELIMINARY_RESULTS,SELECTED_REVENUE_ONLY,PRELIMINARY_ESTIMATES_FOR_COMPLETED_PERIOD,"Q2 revenue estimate about 9m; customer and strategy update. Later revenue, gross margin, operating expenses, GAAP loss and EPS.","Q2 revenue estimate about 9m; customer and strategy update. Later revenue, gross margin, operating expenses, GAAP loss and EPS.",NO_EXPLICIT_REFERENCE_TO_COMPETING_RELEASE,NO_EXPLICIT_CORRECTION_OF_COMPETING_RELEASE,CANONICAL_ISSUER,0001104659-26-094868,REVENUE_PREANNOUNCEMENT_THEN_FULL,NO,NO,YES,NO,NOT_A_FIRST_RESULT_EVENT,FILTERING,A revenue-only preliminary release is economically informative but does not publish an earnings result package. The later full release has a same-quarter GAAP net loss.,REVIEWED_VERSIONED_ELIGIBILITY_ONLY_NO_CURRENT_WRITE
KSCP,1249,2026,Q2,AMBIGUOUS,True,2,0001104659-26-094868,8-K,2026-08-12T20:07:15Z,2026-08-12,2026-08-12T20:07:15Z,MATCH,,,,,METADATA_AND_LEGACY_DOCUMENT_CONFIRMED,kscp-20260812x8k.htm,https://www.sec.gov/Archives/edgar/data/1600983/000110465926094868/kscp-20260812x8k.htm,0ea29ea78e8b31f9b920b87f4aad35c1dd332dbef4a10824229d0f57162042b8,https://www.sec.gov/Archives/edgar/data/1600983/000110465926094868/kscp-20260812xex99d1.htm,6bb2888188821e4d5431e5e0904f66dd9ccf57cbc4e845730ed850b81cc48cad,CIK_ITEM_2_02_EXACT_PERIOD_END;canonical_period_end=2026-06-30,,FULL_PERIOD_RESULTS,FULL_PERIOD_RESULTS,ACTUAL_REPORTED_UNAUDITED_OR_AUDITED_NOT_AUTOMATICALLY_PRELIMINARY,Canonical reporting entity target-quarter actual GAAP earnings/loss and reported financial result package; full release and financial schedules,"Q2 revenue estimate about 9m; customer and strategy update. Later revenue, gross margin, operating expenses, GAAP loss and EPS.",NO_EXPLICIT_REFERENCE_TO_COMPETING_RELEASE,NO_EXPLICIT_CORRECTION_OF_COMPETING_RELEASE,CANONICAL_ISSUER,0001104659-26-084853,REVENUE_PREANNOUNCEMENT_THEN_FULL,YES,YES,YES,YES,SOLE_QUALIFYING_EVENT,FILTERING,A revenue-only preliminary release is economically informative but does not publish an earnings result package. The later full release has a same-quarter GAAP net loss.,REVIEWED_VERSIONED_ELIGIBILITY_ONLY_NO_CURRENT_WRITE
TE,2144,2026,Q2,AMBIGUOUS,True,1,0001213900-26-081974,8-K,2026-07-28T10:37:38Z,2026-07-28,2026-07-28T10:37:38Z,MATCH,,,,,METADATA_AND_LEGACY_DOCUMENT_CONFIRMED,ea0299450-8k_t1energy.htm,https://www.sec.gov/Archives/edgar/data/1992243/000121390026081974/ea0299450-8k_t1energy.htm,78932efe4ac4680f98414edf767e6a8ed6e0bf0a2c3e05440286d52884d527bd,https://www.sec.gov/Archives/edgar/data/1992243/000121390026081974/ea029945001ex99-1.htm,18590738d4938574f96a2408c6f9f92895540ae1a1c1a3453bf83c2672782092,CIK_ITEM_2_02_EXPLICIT_FISCAL_QUARTER;canonical_period_end=2026-06-30,,PRELIMINARY_RESULTS,BROAD_P_AND_L_CONTINUING_OPERATIONS,PRELIMINARY_ESTIMATES_FOR_COMPLETED_PERIOD,Q2 sales estimate 245-255m; net loss from continuing operations 34-37m; adjusted EBITDA and cash; later same-quarter reported result.,Q2 sales estimate 245-255m; net loss from continuing operations 34-37m; adjusted EBITDA and cash; later same-quarter reported result.,NO_EXPLICIT_REFERENCE_TO_COMPETING_RELEASE,NO_EXPLICIT_CORRECTION_OF_COMPETING_RELEASE,CANONICAL_ISSUER,0001213900-26-088022,BROAD_PRELIMINARY_THEN_FULL_SAME_PERIOD,NO,YES,YES,YES,INITIAL_BROAD_PRELIMINARY,PRECEDENCE,"Same-issuer completed-quarter sales and GAAP continuing-operations net loss meet B's explicitly scoped earnings minimum. Continuing operations must remain labeled, not silently equated to total net income; unrelated acquisition and future outlook content are not result evidence.",REVIEWED_TYPED_EVENT_PRECEDENCE_NO_CURRENT_WRITE
TE,2144,2026,Q2,AMBIGUOUS,True,2,0001213900-26-088022,8-K,2026-08-12T10:50:51Z,2026-08-12,2026-08-12T10:50:51Z,MATCH,,,,,METADATA_AND_LEGACY_DOCUMENT_CONFIRMED,ea0301615-8k_t1energy.htm,https://www.sec.gov/Archives/edgar/data/1992243/000121390026088022/ea0301615-8k_t1energy.htm,f4b9bcb525d410ba1642cfee0959d956e175af794159ca0daf393285d84b4b94,https://www.sec.gov/Archives/edgar/data/1992243/000121390026088022/ea030161501ex99-1.htm,eacddc2e0020583568b7843a25b123a274095bb69d179514da00498789039e84,CIK_ITEM_2_02_EXACT_PERIOD_END;canonical_period_end=2026-06-30,,FULL_PERIOD_RESULTS,COMPLETING_QUARTER_RESULTS,ACTUAL_REPORTED_UNAUDITED_OR_AUDITED_NOT_AUTOMATICALLY_PRELIMINARY,Canonical reporting entity target-quarter actual GAAP earnings/loss and reported financial result package; full release and financial schedules,Q2 sales estimate 245-255m; net loss from continuing operations 34-37m; adjusted EBITDA and cash; later same-quarter reported result.,NO_EXPLICIT_REFERENCE_TO_COMPETING_RELEASE,NO_EXPLICIT_CORRECTION_OF_COMPETING_RELEASE,CANONICAL_ISSUER,0001213900-26-081974,BROAD_PRELIMINARY_THEN_FULL_SAME_PERIOD,YES,YES,YES,YES,COMPLETION_OF_SAME_PERIOD_NOT_NEW_FIRST_EVENT,PRECEDENCE,"Same-issuer completed-quarter sales and GAAP continuing-operations net loss meet B's explicitly scoped earnings minimum. Continuing operations must remain labeled, not silently equated to total net income; unrelated acquisition and future outlook content are not result evidence.",REVIEWED_TYPED_EVENT_PRECEDENCE_NO_CURRENT_WRITE
CDXS,434,2026,Q2,AMBIGUOUS,True,1,0001193125-26-314158,8-K,2026-07-23T20:22:28Z,2026-07-23,2026-07-23T20:22:28Z,MATCH,,,,,METADATA_AND_LEGACY_DOCUMENT_CONFIRMED,d24920d8k.htm,https://www.sec.gov/Archives/edgar/data/1200375/000119312526314158/d24920d8k.htm,54be4704f7a4bffd05f48723be90d0929bfdcb300856aa6fe4b5cfcf2c2b40d1,,,CIK_ITEM_2_02_EXACT_PERIOD_END;canonical_period_end=2026-06-30,,PRELIMINARY_RESULTS,SELECTED_REVENUE_AND_CASH,PRELIMINARY_ESTIMATES_FOR_COMPLETED_PERIOD,Q2 revenue at least 14.8m and cash/investments about 54.9m; no profit/loss figure.,Q2 revenue at least 14.8m and cash/investments about 54.9m; no profit/loss figure.,NO_EXPLICIT_REFERENCE_TO_COMPETING_RELEASE,NO_EXPLICIT_CORRECTION_OF_COMPETING_RELEASE,CANONICAL_ISSUER,0001193125-26-344646,SELECTED_PRELIMINARY_THEN_FULL,NO,NO,YES,NO,NOT_A_FIRST_RESULT_EVENT,FILTERING,Revenue plus liquidity is still partial financial information; the primary warns additional disclosures are needed for a complete understanding. The later exhibit reports same-quarter GAAP loss and EPS.,REVIEWED_VERSIONED_ELIGIBILITY_ONLY_NO_CURRENT_WRITE
CDXS,434,2026,Q2,AMBIGUOUS,True,2,0001193125-26-344646,8-K,2026-08-11T20:11:09Z,2026-08-11,2026-08-11T20:11:09Z,MATCH,,,,,METADATA_AND_LEGACY_DOCUMENT_CONFIRMED,d171403d8k.htm,https://www.sec.gov/Archives/edgar/data/1200375/000119312526344646/d171403d8k.htm,2b54c27904f2ef05351623ba6e4b0cf23fac601a8d6590050d33d76acdb29d51,https://www.sec.gov/Archives/edgar/data/1200375/000119312526344646/d171403dex991.htm,cf24e1638e79b1e04ed9918715d323a0def688d9ac98a4aa53f8eb3a3c07c51f,CIK_ITEM_2_02_EXACT_PERIOD_END;canonical_period_end=2026-06-30,,FULL_PERIOD_RESULTS,FULL_PERIOD_RESULTS,ACTUAL_REPORTED_UNAUDITED_OR_AUDITED_NOT_AUTOMATICALLY_PRELIMINARY,Canonical reporting entity target-quarter actual GAAP earnings/loss and reported financial result package; full release and financial schedules,Q2 revenue at least 14.8m and cash/investments about 54.9m; no profit/loss figure.,NO_EXPLICIT_REFERENCE_TO_COMPETING_RELEASE,NO_EXPLICIT_CORRECTION_OF_COMPETING_RELEASE,CANONICAL_ISSUER,0001193125-26-314158,SELECTED_PRELIMINARY_THEN_FULL,YES,YES,YES,YES,SOLE_QUALIFYING_EVENT,FILTERING,Revenue plus liquidity is still partial financial information; the primary warns additional disclosures are needed for a complete understanding. The later exhibit reports same-quarter GAAP loss and EPS.,REVIEWED_VERSIONED_ELIGIBILITY_ONLY_NO_CURRENT_WRITE
KLXE,1221,2026,Q2,AMBIGUOUS,True,1,0001738827-26-000025,8-K,2026-06-30T13:11:51Z,2026-06-30,2026-06-30T17:11:51Z,SUBMISSIONS_DISAGREES_INDEX_ET_CORROBORATES_STORED,https://www.sec.gov/Archives/edgar/data/1738827/000173882726000025/0001738827-26-000025-index.htm,3654e7045fe9d208113797d982666b5349dc92e1f2a92caa524cd3ca5058af37,2026-06-30 09:11:51,America/New_York,METADATA_AND_LEGACY_DOCUMENT_CONFIRMED,klxe-20260630.htm,https://www.sec.gov/Archives/edgar/data/1738827/000173882726000025/klxe-20260630.htm,30398c0dd8a4b628a757c5be455b3b2eb28c07fa56e20199097ca05b8d459fb1,https://www.sec.gov/Archives/edgar/data/1738827/000173882726000025/klxcompanypresentationq1.htm,NOT_CAPTURED_WEB_REVIEW,CIK_ITEM_2_02_EXACT_PERIOD_END;canonical_period_end=2026-06-30,,NON_RESULT_EVENT,GENERIC_PRESENTATION_COVER_DATE,OTHER_PERIOD_PRESENTATION,Generic investor presentation furnished June 30; primary contains no new Q2 earnings announcement. Later explicit Q2 results.,Generic investor presentation furnished June 30; primary contains no new Q2 earnings announcement. Later explicit Q2 results.,NO_EXPLICIT_REFERENCE_TO_COMPETING_RELEASE,NO_EXPLICIT_CORRECTION_OF_COMPETING_RELEASE,CANONICAL_ISSUER,0001738827-26-000028,COVER_DATE_CONTEXT_VS_FULL_RESULTS,NO,NO,NO,NO,NOT_A_FIRST_RESULT_EVENT,FILTERING,"Primary describes a presentation used from time to time, not newly released Q2 results. The old exact-period match comes from the filing cover date. No missing deck content is assumed to prove quarter publication.",REVIEWED_VERSIONED_ELIGIBILITY_ONLY_NO_CURRENT_WRITE
KLXE,1221,2026,Q2,AMBIGUOUS,True,2,0001738827-26-000028,8-K,2026-08-10T20:21:18Z,2026-08-10,2026-08-11T00:21:18Z,SUBMISSIONS_DISAGREES_INDEX_ET_CORROBORATES_STORED,https://www.sec.gov/Archives/edgar/data/1738827/000173882726000028/0001738827-26-000028-index.htm,b871ca344c97ad9b9ed7fbca35abca26f5da3ac5da4b7af69afa1fd3d3877709,2026-08-10 16:21:18,America/New_York,METADATA_AND_LEGACY_DOCUMENT_CONFIRMED,klxe-20260810.htm,https://www.sec.gov/Archives/edgar/data/1738827/000173882726000028/klxe-20260810.htm,17eadffb1932b3dfd3ae62d865dca8f912db6478b0688dbbe317aa93452f0e20,https://www.sec.gov/Archives/edgar/data/1738827/000173882726000028/klxeq22026earningsreleasee.htm,1a736f0e59493a2db8f8ab31f10b75d516dbe7d01abb7c34358f57f9e7ab94fe,CIK_ITEM_2_02_EXACT_PERIOD_END;canonical_period_end=2026-06-30,,FULL_PERIOD_RESULTS,FULL_PERIOD_RESULTS,ACTUAL_REPORTED_UNAUDITED_OR_AUDITED_NOT_AUTOMATICALLY_PRELIMINARY,Canonical reporting entity target-quarter actual GAAP earnings/loss and reported financial result package; full release and financial schedules,Generic investor presentation furnished June 30; primary contains no new Q2 earnings announcement. Later explicit Q2 results.,NO_EXPLICIT_REFERENCE_TO_COMPETING_RELEASE,NO_EXPLICIT_CORRECTION_OF_COMPETING_RELEASE,CANONICAL_ISSUER,0001738827-26-000025,COVER_DATE_CONTEXT_VS_FULL_RESULTS,YES,YES,YES,YES,SOLE_QUALIFYING_EVENT,FILTERING,"Primary describes a presentation used from time to time, not newly released Q2 results. The old exact-period match comes from the filing cover date. No missing deck content is assumed to prove quarter publication.",REVIEWED_VERSIONED_ELIGIBILITY_ONLY_NO_CURRENT_WRITE
ASTS,217,2026,Q2,AMBIGUOUS,True,1,0001493152-26-033365,8-K,2026-07-15T20:18:33Z,2026-07-15,2026-07-15T20:18:33Z,MATCH,,,,,METADATA_AND_LEGACY_DOCUMENT_CONFIRMED,form8-k.htm,https://www.sec.gov/Archives/edgar/data/1780312/000149315226033365/form8-k.htm,15034b1607feb16c2a65cc8c6b215b581bdbae1d485a18e747f66a6aacd86a95,https://www.sec.gov/Archives/edgar/data/1780312/000149315226033365/ex99-1.htm,3b2f01321ed65a67444507593417f1d4df932bcdcaca41727f4902ef8b63f7bc,CIK_ITEM_2_02_EXACT_PERIOD_END;canonical_period_end=2026-06-30,,PRELIMINARY_RESULTS,SELECTED_CASH_ONLY_IN_FINANCING,PRELIMINARY_ESTIMATES_FOR_COMPLETED_PERIOD,Estimated June 30 cash and restricted cash about 2723m in a note offering; filing explicitly says full financial results are not yet complete.,Estimated June 30 cash and restricted cash about 2723m in a note offering; filing explicitly says full financial results are not yet complete.,NO_EXPLICIT_REFERENCE_TO_COMPETING_RELEASE,NO_EXPLICIT_CORRECTION_OF_COMPETING_RELEASE,CANONICAL_ISSUER,0001193125-26-342540,FINANCING_LIQUIDITY_ESTIMATE_THEN_FULL,NO,NO,YES,NO,NOT_A_FIRST_RESULT_EVENT,FILTERING,An offering liquidity update is not a broad quarterly result event. The later filing attaches actual three- and six-month result statements; cash balance is not a substitute for earnings.,REVIEWED_VERSIONED_ELIGIBILITY_ONLY_NO_CURRENT_WRITE
ASTS,217,2026,Q2,AMBIGUOUS,True,2,0001193125-26-342540,8-K,2026-08-10T20:38:57Z,2026-08-10,2026-08-10T20:38:57Z,MATCH,,,,,METADATA_AND_LEGACY_DOCUMENT_CONFIRMED,asts-20260810.htm,https://www.sec.gov/Archives/edgar/data/1780312/000119312526342540/asts-20260810.htm,9cffb787dc52016d480d9499a7fa61bdbf109995a7861a5d2957f4248f37fd92,https://www.sec.gov/Archives/edgar/data/1780312/000119312526342540/asts-ex99_1.htm,1842af61eca50e1c5aefa68bfefd5878c89bcc6f0840c048e131dd3a7d1c870a,CIK_ITEM_2_02_EXACT_PERIOD_END;canonical_period_end=2026-06-30,,FULL_PERIOD_RESULTS,FULL_PERIOD_RESULTS,ACTUAL_REPORTED_UNAUDITED_OR_AUDITED_NOT_AUTOMATICALLY_PRELIMINARY,Canonical reporting entity target-quarter actual GAAP earnings/loss and reported financial result package; full release and financial schedules,Estimated June 30 cash and restricted cash about 2723m in a note offering; filing explicitly says full financial results are not yet complete.,NO_EXPLICIT_REFERENCE_TO_COMPETING_RELEASE,NO_EXPLICIT_CORRECTION_OF_COMPETING_RELEASE,CANONICAL_ISSUER,0001493152-26-033365,FINANCING_LIQUIDITY_ESTIMATE_THEN_FULL,YES,YES,YES,YES,SOLE_QUALIFYING_EVENT,FILTERING,An offering liquidity update is not a broad quarterly result event. The later filing attaches actual three- and six-month result statements; cash balance is not a substitute for earnings.,REVIEWED_VERSIONED_ELIGIBILITY_ONLY_NO_CURRENT_WRITE
BKD,323,2026,Q2,AMBIGUOUS,True,1,0001332349-26-000057,8-K,2026-07-09T20:18:59Z,2026-07-09,2026-07-09T20:18:59Z,MATCH,,,,,METADATA_AND_LEGACY_DOCUMENT_CONFIRMED,bkd-20260709.htm,https://www.sec.gov/Archives/edgar/data/1332349/000133234926000057/bkd-20260709.htm,f31723fc8d26affef10e4d77fa25e50d825875cd5e3d168828879dfa34c8acee,https://www.sec.gov/Archives/edgar/data/1332349/000133234926000057/june2026occupancy.htm,0c4e6a5001a7968c16445a8f248e1a2c9b4b2ae7a67bf18666162aa2a08ad8ce,CIK_ITEM_2_02_EXACT_PERIOD_END;canonical_period_end=2026-06-30,,NON_RESULT_EVENT,MONTHLY_AND_QUARTERLY_OCCUPANCY,ACTUAL_NONFINANCIAL_OCCUPANCY,June occupancy and weighted-quarter occupancy statistics; no financial result package. Later earnings and supplemental schedules.,June occupancy and weighted-quarter occupancy statistics; no financial result package. Later earnings and supplemental schedules.,NO_EXPLICIT_REFERENCE_TO_COMPETING_RELEASE,NO_EXPLICIT_CORRECTION_OF_COMPETING_RELEASE,CANONICAL_ISSUER,0001332349-26-000062,OPERATING_OCCUPANCY_THEN_FULL,NO,NO,NO,NO,NOT_A_FIRST_RESULT_EVENT,FILTERING,"Occupancy is an operational statistic, even when aggregated to a quarter. It is not monetary revenue/profit; the later earnings release reports quarterly net income and financial statements.",REVIEWED_VERSIONED_ELIGIBILITY_ONLY_NO_CURRENT_WRITE
BKD,323,2026,Q2,AMBIGUOUS,True,2,0001332349-26-000062,8-K,2026-08-10T20:18:01Z,2026-08-10,2026-08-10T20:18:01Z,MATCH,,,,,METADATA_AND_LEGACY_DOCUMENT_CONFIRMED,bkd-20260810.htm,https://www.sec.gov/Archives/edgar/data/1332349/000133234926000062/bkd-20260810.htm,a5c6c8d31d0969bcb7ebbb26b51dc3556c5fe31abf4310852a1094a017c71276,https://www.sec.gov/Archives/edgar/data/1332349/000133234926000062/a2q26earningsrelease.htm,f629c8f411a0f250ad71f843cccc5272028f01b4b11d2720a30e17e6bbf383c5,CIK_ITEM_2_02_EXPLICIT_FISCAL_QUARTER;canonical_period_end=2026-06-30,,FULL_PERIOD_RESULTS,FULL_PERIOD_RESULTS,ACTUAL_REPORTED_UNAUDITED_OR_AUDITED_NOT_AUTOMATICALLY_PRELIMINARY,Canonical reporting entity target-quarter actual GAAP earnings/loss and reported financial result package; full release and financial schedules,June occupancy and weighted-quarter occupancy statistics; no financial result package. Later earnings and supplemental schedules.,NO_EXPLICIT_REFERENCE_TO_COMPETING_RELEASE,NO_EXPLICIT_CORRECTION_OF_COMPETING_RELEASE,CANONICAL_ISSUER,0001332349-26-000057,OPERATING_OCCUPANCY_THEN_FULL,YES,YES,YES,YES,SOLE_QUALIFYING_EVENT,FILTERING,"Occupancy is an operational statistic, even when aggregated to a quarter. It is not monetary revenue/profit; the later earnings release reports quarterly net income and financial statements.",REVIEWED_VERSIONED_ELIGIBILITY_ONLY_NO_CURRENT_WRITE
CRC,556,2026,Q2,AMBIGUOUS,True,1,0001609253-26-000122,8-K,2026-07-14T13:00:34Z,2026-07-14,2026-07-14T13:00:34Z,MATCH,,,,,METADATA_AND_LEGACY_DOCUMENT_CONFIRMED,crc-20260714.htm,https://www.sec.gov/Archives/edgar/data/1609253/000160925326000122/crc-20260714.htm,d5de1c68498751ce35272bf3ced0deb110c9893dc1b60d657bcf77e7707fd766,,,CIK_ITEM_2_02_EXACT_PERIOD_END;canonical_period_end=2026-06-30,,PRELIMINARY_RESULTS,SELECTED_PRICE_AND_DERIVATIVE_METRICS,PRELIMINARY_ESTIMATES_FOR_COMPLETED_PERIOD,Quarter realized prices and commodity derivative summary; explicit disclaimer that this is not a quarterly earnings estimate.,Quarter realized prices and commodity derivative summary; explicit disclaimer that this is not a quarterly earnings estimate.,NO_EXPLICIT_REFERENCE_TO_COMPETING_RELEASE,NO_EXPLICIT_CORRECTION_OF_COMPETING_RELEASE,CANONICAL_ISSUER,0001609253-26-000127,SELECTED_PRELIMINARY_THEN_FULL,NO,NO,YES,NO,NOT_A_FIRST_RESULT_EVENT,FILTERING,"Period prices/derivative components can be actual financial inputs without constituting period earnings. The later full results include GAAP income, cash flow and reconciliations.",REVIEWED_VERSIONED_ELIGIBILITY_ONLY_NO_CURRENT_WRITE
CRC,556,2026,Q2,AMBIGUOUS,True,2,0001609253-26-000127,8-K,2026-08-10T12:06:09Z,2026-08-10,2026-08-10T12:06:09Z,MATCH,,,,,METADATA_AND_LEGACY_DOCUMENT_CONFIRMED,crc-20260810.htm,https://www.sec.gov/Archives/edgar/data/1609253/000160925326000127/crc-20260810.htm,6e47521747d74abf5f49ec0996c34383f609d16b4efe7478068403abf0e6ff9e,https://www.sec.gov/Archives/edgar/data/1609253/000160925326000127/a2026q2erex991.htm,bdf12555dcecc5ff3d2189d151907d3c6fe75dfda8589a38dd9276c6393ec68f,CIK_ITEM_2_02_EXACT_PERIOD_END;canonical_period_end=2026-06-30,,FULL_PERIOD_RESULTS,FULL_PERIOD_RESULTS,ACTUAL_REPORTED_UNAUDITED_OR_AUDITED_NOT_AUTOMATICALLY_PRELIMINARY,Canonical reporting entity target-quarter actual GAAP earnings/loss and reported financial result package; full release and financial schedules,Quarter realized prices and commodity derivative summary; explicit disclaimer that this is not a quarterly earnings estimate.,NO_EXPLICIT_REFERENCE_TO_COMPETING_RELEASE,NO_EXPLICIT_CORRECTION_OF_COMPETING_RELEASE,CANONICAL_ISSUER,0001609253-26-000122,SELECTED_PRELIMINARY_THEN_FULL,YES,YES,YES,YES,SOLE_QUALIFYING_EVENT,FILTERING,"Period prices/derivative components can be actual financial inputs without constituting period earnings. The later full results include GAAP income, cash flow and reconciliations.",REVIEWED_VERSIONED_ELIGIBILITY_ONLY_NO_CURRENT_WRITE
PLUG,1755,2026,Q2,AMBIGUOUS,True,1,0001104659-26-082854,8-K,2026-07-13T11:15:41Z,2026-07-13,2026-07-13T11:15:41Z,MATCH,,,,,METADATA_AND_LEGACY_DOCUMENT_CONFIRMED,tm2620282d1_8k.htm,https://www.sec.gov/Archives/edgar/data/1093691/000110465926082854/tm2620282d1_8k.htm,6df8056b588ba72c3f8355235fb4d7e13eae973876f0e65e9a7d1f547b3a5982,https://www.sec.gov/Archives/edgar/data/1093691/000110465926082854/tm2620282d1_ex99-1.htm,a5be8429f8789c4e8b2f7d9f4aec563984aa47a5145f13744ec38ff2f25b56bf,CIK_ITEM_2_02_EXACT_PERIOD_END;canonical_period_end=2026-06-30,,PRELIMINARY_RESULTS,SELECTED_CASH_ONLY,PRELIMINARY_ESTIMATES_FOR_COMPLETED_PERIOD,Unrestricted cash estimate 162m in an asset sale/liquidity update; later full quarterly financial results.,Unrestricted cash estimate 162m in an asset sale/liquidity update; later full quarterly financial results.,NO_EXPLICIT_REFERENCE_TO_COMPETING_RELEASE,NO_EXPLICIT_CORRECTION_OF_COMPETING_RELEASE,CANONICAL_ISSUER,0001104659-26-093339,CASH_ESTIMATE_THEN_FULL,NO,NO,YES,NO,NOT_A_FIRST_RESULT_EVENT,FILTERING,"The first filing expressly says its cash figure does not present all necessary financial-condition information. The actual quarterly release includes revenue, GAAP loss and statements; its outlook is a separate component.",REVIEWED_VERSIONED_ELIGIBILITY_ONLY_NO_CURRENT_WRITE
PLUG,1755,2026,Q2,AMBIGUOUS,True,2,0001104659-26-093339,8-K,2026-08-10T20:01:21Z,2026-08-10,2026-08-10T20:01:21Z,MATCH,,,,,METADATA_AND_LEGACY_DOCUMENT_CONFIRMED,tm2622713d1_8k.htm,https://www.sec.gov/Archives/edgar/data/1093691/000110465926093339/tm2622713d1_8k.htm,15f38e335f0471c6dfecf06bc2c89695cca2009d02e78e4b8dfb1178f5c43563,https://www.sec.gov/Archives/edgar/data/1093691/000110465926093339/tm2622713d1_ex99-1.htm,f15ebd04150b3de2792f9f957fa8e69012d3ede4bfe87c921beb842146ca2335,CIK_ITEM_2_02_EXACT_PERIOD_END;canonical_period_end=2026-06-30,,FULL_PERIOD_RESULTS,FULL_PERIOD_RESULTS,ACTUAL_REPORTED_UNAUDITED_OR_AUDITED_NOT_AUTOMATICALLY_PRELIMINARY,Canonical reporting entity target-quarter actual GAAP earnings/loss and reported financial result package; full release and financial schedules,Unrestricted cash estimate 162m in an asset sale/liquidity update; later full quarterly financial results.,NO_EXPLICIT_REFERENCE_TO_COMPETING_RELEASE,NO_EXPLICIT_CORRECTION_OF_COMPETING_RELEASE,CANONICAL_ISSUER,0001104659-26-082854,CASH_ESTIMATE_THEN_FULL,YES,YES,YES,YES,SOLE_QUALIFYING_EVENT,FILTERING,"The first filing expressly says its cash figure does not present all necessary financial-condition information. The actual quarterly release includes revenue, GAAP loss and statements; its outlook is a separate component.",REVIEWED_VERSIONED_ELIGIBILITY_ONLY_NO_CURRENT_WRITE
RDVT,1860,2026,Q2,AMBIGUOUS,True,1,0001193125-26-335043,8-K,2026-08-05T20:05:42Z,2026-08-05,2026-08-05T20:05:42Z,MATCH,,,,,METADATA_AND_LEGACY_DOCUMENT_CONFIRMED,rdvt-20260805.htm,https://www.sec.gov/Archives/edgar/data/1720116/000119312526335043/rdvt-20260805.htm,4519cdef2f3b4da2acfc78e0ebe46a6732f25e2a176115a38ac31670a8bb1ee4,,,CIK_ITEM_2_02_EXACT_PERIOD_END;canonical_period_end=2026-06-30,,PRELIMINARY_RESULTS,BROAD_P_AND_L,PRELIMINARY_ESTIMATES_FOR_COMPLETED_PERIOD,Q2 estimated revenue 26.710m; GAAP net income 4.960m; net margin and adjusted EBITDA with reconciliation.,Q2 estimated revenue 26.710m; GAAP net income 4.960m; net margin and adjusted EBITDA with reconciliation.,NO_EXPLICIT_REFERENCE_TO_COMPETING_RELEASE,NO_EXPLICIT_CORRECTION_OF_COMPETING_RELEASE,CANONICAL_ISSUER,0001193125-26-345050,BROAD_PRELIMINARY_THEN_FULL_SAME_PERIOD,NO,YES,YES,YES,INITIAL_BROAD_PRELIMINARY,PRECEDENCE,"The primary itself contains period-specific revenue and GAAP net income, not merely a promise of an announcement. Later full results and call transcript complete the same quarterly result event; acceptance time is not issuer release time.",REVIEWED_TYPED_EVENT_PRECEDENCE_NO_CURRENT_WRITE
RDVT,1860,2026,Q2,AMBIGUOUS,True,2,0001193125-26-345050,8-K,2026-08-11T21:26:49Z,2026-08-11,2026-08-11T21:26:49Z,MATCH,,,,,METADATA_AND_LEGACY_DOCUMENT_CONFIRMED,rdvt-20260810.htm,https://www.sec.gov/Archives/edgar/data/1720116/000119312526345050/rdvt-20260810.htm,8b20d65a16690d9fc3373911e9362486fc528e44d47a1afaceec1a86e456f226,https://www.sec.gov/Archives/edgar/data/1720116/000119312526345050/rdvt-ex99_1.htm,c58da10a562f79d629b46ea171aafdb3e5135d36d6aa026ca45d13f75d629e11,CIK_ITEM_2_02_EXACT_PERIOD_END;canonical_period_end=2026-06-30,,FULL_PERIOD_RESULTS,COMPLETING_QUARTER_RESULTS,ACTUAL_REPORTED_UNAUDITED_OR_AUDITED_NOT_AUTOMATICALLY_PRELIMINARY,Canonical reporting entity target-quarter actual GAAP earnings/loss and reported financial result package; full release and financial schedules,Q2 estimated revenue 26.710m; GAAP net income 4.960m; net margin and adjusted EBITDA with reconciliation.,NO_EXPLICIT_REFERENCE_TO_COMPETING_RELEASE,NO_EXPLICIT_CORRECTION_OF_COMPETING_RELEASE,CANONICAL_ISSUER,0001193125-26-335043,BROAD_PRELIMINARY_THEN_FULL_SAME_PERIOD,YES,YES,YES,YES,COMPLETION_OF_SAME_PERIOD_NOT_NEW_FIRST_EVENT,PRECEDENCE,"The primary itself contains period-specific revenue and GAAP net income, not merely a promise of an announcement. Later full results and call transcript complete the same quarterly result event; acceptance time is not issuer release time.",REVIEWED_TYPED_EVENT_PRECEDENCE_NO_CURRENT_WRITE
RXT,1938,2026,Q2,AMBIGUOUS,True,1,0001810019-26-000078,8-K,2026-07-09T12:13:03Z,2026-07-09,2026-07-09T12:13:03Z,MATCH,,,,,METADATA_AND_LEGACY_DOCUMENT_CONFIRMED,rxt-20260702.htm,https://www.sec.gov/Archives/edgar/data/1810019/000181001926000078/rxt-20260702.htm,3293603b1d11a012214cd34b05f1fb73d4ee0ea7102c364a2877170ac16f52d2,https://www.sec.gov/Archives/edgar/data/1810019/000181001926000078/ex991-pressrelease.htm,a9f817d1b3836ca8faddee1b066410e394809428cc5623358d868ee8baa0710b,CIK_ITEM_2_02_EXACT_PERIOD_END;canonical_period_end=2026-06-30,,PRELIMINARY_RESULTS,BROAD_P_AND_L,PRELIMINARY_ESTIMATES_FOR_COMPLETED_PERIOD,Q2 revenue range 641-649m; GAAP net loss 62-91m; GAAP operating loss and EPS; later complete quarterly results.,Q2 revenue range 641-649m; GAAP net loss 62-91m; GAAP operating loss and EPS; later complete quarterly results.,NO_EXPLICIT_REFERENCE_TO_COMPETING_RELEASE,NO_EXPLICIT_CORRECTION_OF_COMPETING_RELEASE,CANONICAL_ISSUER,0001810019-26-000092,BROAD_PRELIMINARY_THEN_FULL_SAME_PERIOD,NO,YES,YES,YES,INITIAL_BROAD_PRELIMINARY,PRECEDENCE,The strategic update contains a broad completed-quarter GAAP result set despite separate future outlook. Final reported revenue differs from the estimate; availability of that changed value must not be backdated to preliminary publication.,REVIEWED_TYPED_EVENT_PRECEDENCE_NO_CURRENT_WRITE
RXT,1938,2026,Q2,AMBIGUOUS,True,2,0001810019-26-000092,8-K,2026-08-10T20:08:51Z,2026-08-10,2026-08-10T20:08:51Z,MATCH,,,,,METADATA_AND_LEGACY_DOCUMENT_CONFIRMED,rxt-20260810.htm,https://www.sec.gov/Archives/edgar/data/1810019/000181001926000092/rxt-20260810.htm,1ed74ef9fec8ed16a981b70f1eb0194c61f1b13b5056c6f8ff5b0b4deb2529e5,https://www.sec.gov/Archives/edgar/data/1810019/000181001926000092/rxt991_q22026.htm,376a33c9fb5178403607c402ae54bb2d70f1a5936e940b99bd78ffee1ede37c5,CIK_ITEM_2_02_EXACT_PERIOD_END;canonical_period_end=2026-06-30,,FULL_PERIOD_RESULTS,COMPLETING_QUARTER_RESULTS,ACTUAL_REPORTED_UNAUDITED_OR_AUDITED_NOT_AUTOMATICALLY_PRELIMINARY,Canonical reporting entity target-quarter actual GAAP earnings/loss and reported financial result package; full release and financial schedules,Q2 revenue range 641-649m; GAAP net loss 62-91m; GAAP operating loss and EPS; later complete quarterly results.,NO_EXPLICIT_REFERENCE_TO_COMPETING_RELEASE,NO_EXPLICIT_CORRECTION_OF_COMPETING_RELEASE,CANONICAL_ISSUER,0001810019-26-000078,BROAD_PRELIMINARY_THEN_FULL_SAME_PERIOD,YES,YES,YES,YES,COMPLETION_OF_SAME_PERIOD_NOT_NEW_FIRST_EVENT,PRECEDENCE,The strategic update contains a broad completed-quarter GAAP result set despite separate future outlook. Final reported revenue differs from the estimate; availability of that changed value must not be backdated to preliminary publication.,REVIEWED_TYPED_EVENT_PRECEDENCE_NO_CURRENT_WRITE
AMR,145,2026,Q2,AMBIGUOUS,True,1,0001704715-26-000025,8-K,2026-07-27T12:02:06Z,2026-07-27,2026-07-27T12:02:06Z,MATCH,,,,,METADATA_AND_LEGACY_DOCUMENT_CONFIRMED,amr-20260727.htm,https://www.sec.gov/Archives/edgar/data/1704715/000170471526000025/amr-20260727.htm,e39f2485bc5d88871db1a9ec52d7cf0e0488704db36069b40eebcbabbe70b380,https://www.sec.gov/Archives/edgar/data/1704715/000170471526000025/a072726preliminarypressrel.htm,ef3cbf58de9b5ef4d9489309815b1d2b3c17da128b831a7c26c953a84e163cd9,CIK_ITEM_2_02_EXACT_PERIOD_END;canonical_period_end=2026-06-30,,PRELIMINARY_RESULTS,BROAD_EARNINGS_WITH_SEGMENT_REVENUE_BOUNDARY,PRELIMINARY_ESTIMATES_FOR_COMPLETED_PERIOD,"Company GAAP net loss 12.3m and EPS; Met-segment coal revenue 491.5m, cost and shipment tables; no explicitly labeled consolidated total revenue in preliminary exhibit.","Company GAAP net loss 12.3m and EPS; Met-segment coal revenue 491.5m, cost and shipment tables; no explicitly labeled consolidated total revenue in preliminary exhibit.",NO_EXPLICIT_REFERENCE_TO_COMPETING_RELEASE,NO_EXPLICIT_CORRECTION_OF_COMPETING_RELEASE,CANONICAL_ISSUER,0001704715-26-000030,PRELIMINARY_EARNINGS_THEN_FULL_REQUIRES_SCOPE_REVIEW,NO,REVIEW,YES,REVIEW,BLOCKED_PENDING_PERIOD_OR_ENTITY_SCOPE_REVIEW,INSUFFICIENT_EVIDENCE,"This is meaningful broad preliminary earnings, not invalid because it is preliminary. B still requires proof that the disclosed segment revenue exhausts the reporting entity's revenue; do not silently substitute segment sales for consolidated sales. Final full results remain eligible.",KEEP_OPEN_COMPLETE_PERIOD_OR_ENTITY_EVIDENCE_NO_CURRENT_WRITE
AMR,145,2026,Q2,AMBIGUOUS,True,2,0001704715-26-000030,8-K,2026-08-07T11:32:23Z,2026-08-07,2026-08-07T11:32:23Z,MATCH,,,,,METADATA_AND_LEGACY_DOCUMENT_CONFIRMED,amr-20260807.htm,https://www.sec.gov/Archives/edgar/data/1704715/000170471526000030/amr-20260807.htm,a712dec5a83c8b4660b979e5c7a0ad5786934398ce55aec49952923ef1f59583,https://www.sec.gov/Archives/edgar/data/1704715/000170471526000030/pressrelease6302026.htm,85a4593cab6271e0da29d4d8b708ab5b24375a8d9975c13cb3507e7884b142e9,CIK_ITEM_2_02_EXACT_PERIOD_END;canonical_period_end=2026-06-30,,FULL_PERIOD_RESULTS,FULL_PERIOD_RESULTS,ACTUAL_REPORTED_UNAUDITED_OR_AUDITED_NOT_AUTOMATICALLY_PRELIMINARY,Canonical reporting entity target-quarter actual GAAP earnings/loss and reported financial result package; full release and financial schedules,"Company GAAP net loss 12.3m and EPS; Met-segment coal revenue 491.5m, cost and shipment tables; no explicitly labeled consolidated total revenue in preliminary exhibit.",NO_EXPLICIT_REFERENCE_TO_COMPETING_RELEASE,NO_EXPLICIT_CORRECTION_OF_COMPETING_RELEASE,CANONICAL_ISSUER,0001704715-26-000025,PRELIMINARY_EARNINGS_THEN_FULL_REQUIRES_SCOPE_REVIEW,YES,YES,YES,YES,BLOCKED_PENDING_PERIOD_OR_ENTITY_SCOPE_REVIEW,INSUFFICIENT_EVIDENCE,"This is meaningful broad preliminary earnings, not invalid because it is preliminary. B still requires proof that the disclosed segment revenue exhausts the reporting entity's revenue; do not silently substitute segment sales for consolidated sales. Final full results remain eligible.",KEEP_OPEN_COMPLETE_PERIOD_OR_ENTITY_EVIDENCE_NO_CURRENT_WRITE
ARKO,195,2026,Q2,AMBIGUOUS,True,1,0001193125-26-337978,8-K,2026-08-06T20:08:30Z,2026-08-06,2026-08-06T20:08:30Z,MATCH,,,,,METADATA_AND_LEGACY_DOCUMENT_CONFIRMED,arko-20260806.htm,https://www.sec.gov/Archives/edgar/data/1823794/000119312526337978/arko-20260806.htm,a0316645eaa92f609075ce970b3f59af124a4277b9fa588e604a294526905218,https://www.sec.gov/Archives/edgar/data/1823794/000119312526337978/arko-ex99_1.htm,7a4535900235412151e49f0f33bb3a363b1f99df6a00d2d718f7e97bb3df6193,CIK_ITEM_2_02_EXACT_PERIOD_END;canonical_period_end=2026-06-30,,PARENT_SUBSIDIARY_OVERLAP,SUBSIDIARY_RESULTS_WITH_PARENT_CONTEXT,ACTUAL_REPORTED_UNAUDITED_OR_AUDITED_NOT_AUTOMATICALLY_PRELIMINARY,"APC consolidated earnings, while canonical company is ARKO parent. Primary says certain parent results included; exhibit does not establish a broad ARKO-parent package.","APC consolidated earnings, while canonical company is ARKO parent. Primary says certain parent results included; exhibit does not establish a broad ARKO-parent package.",NO_EXPLICIT_REFERENCE_TO_COMPETING_RELEASE,NO_EXPLICIT_CORRECTION_OF_COMPETING_RELEASE,APC_SUBSIDIARY_OF_ARKO_NOT_CANONICAL_PARENT,0001193125-26-339092,SUBSIDIARY_SCOPE_THEN_PARENT_CONSOLIDATED_RESULTS,NO,NO,NO,NO,NOT_A_FIRST_RESULT_EVENT,FILTERING,The filed CIK is ARKO but the release subject and statement perimeter are APC. Related-party parent references and parent store-count changes do not transfer APC earnings to ARKO. Later release explicitly reports ARKO consolidated results.,REVIEWED_VERSIONED_ELIGIBILITY_ONLY_NO_CURRENT_WRITE
ARKO,195,2026,Q2,AMBIGUOUS,True,2,0001193125-26-339092,8-K,2026-08-07T11:00:16Z,2026-08-07,2026-08-07T11:00:16Z,MATCH,,,,,METADATA_AND_LEGACY_DOCUMENT_CONFIRMED,arko-20260807.htm,https://www.sec.gov/Archives/edgar/data/1823794/000119312526339092/arko-20260807.htm,bc2d0d50a524bb729c25a13022da466235e48ff686852c7bbdb112ac89dd5185,https://www.sec.gov/Archives/edgar/data/1823794/000119312526339092/arko-ex99_1.htm,87d17b9a90a75c164fa8c5395b84b2c4769c07ac9ed1abb23f866e1ff202c2b8,CIK_ITEM_2_02_EXACT_PERIOD_END;canonical_period_end=2026-06-30,,FULL_PERIOD_RESULTS,FULL_PERIOD_RESULTS,ACTUAL_REPORTED_UNAUDITED_OR_AUDITED_NOT_AUTOMATICALLY_PRELIMINARY,Canonical reporting entity target-quarter actual GAAP earnings/loss and reported financial result package; full release and financial schedules,"APC consolidated earnings, while canonical company is ARKO parent. Primary says certain parent results included; exhibit does not establish a broad ARKO-parent package.",NO_EXPLICIT_REFERENCE_TO_COMPETING_RELEASE,NO_EXPLICIT_CORRECTION_OF_COMPETING_RELEASE,CANONICAL_ISSUER,0001193125-26-337978,SUBSIDIARY_SCOPE_THEN_PARENT_CONSOLIDATED_RESULTS,YES,YES,YES,YES,SOLE_QUALIFYING_EVENT,FILTERING,The filed CIK is ARKO but the release subject and statement perimeter are APC. Related-party parent references and parent store-count changes do not transfer APC earnings to ARKO. Later release explicitly reports ARKO consolidated results.,REVIEWED_VERSIONED_ELIGIBILITY_ONLY_NO_CURRENT_WRITE
APA,168,2026,Q2,AMBIGUOUS,False,1,0001841666-26-000045,8-K,2026-07-08T21:07:26Z,2026-07-08,2026-07-08T21:07:26Z,MATCH,,,,,METADATA_AND_LEGACY_DOCUMENT_CONFIRMED,apa8k-20260708.htm,https://www.sec.gov/Archives/edgar/data/1841666/000184166626000045/apa8k-20260708.htm,5a2d4c84c1d0b372d9b90675981d4b0d1e2b9ccf2a409feac671f6bfe6e04a6b,https://www.sec.gov/Archives/edgar/data/1841666/000184166626000045/a2q26supplementalguide-ear.htm,7d0016a501d33d90342205f2e90059c4be253eefd002518cf2840d0826bac4b3,CIK_ITEM_2_02_EXACT_PERIOD_END;canonical_period_end=2026-06-30,,SUPPLEMENTAL_RESULT_INFORMATION,PRE_RESULT_SELECTED_ESTIMATES,SELECTED_PRELIMINARY_PERIOD_FACTORS,"Realized-price estimates, dry-hole costs, trading gains and production considerations; expressly not a comprehensive Q2 result presentation.","Realized-price estimates, dry-hole costs, trading gains and production considerations; expressly not a comprehensive Q2 result presentation.",NO_EXPLICIT_REFERENCE_TO_COMPETING_RELEASE,NO_EXPLICIT_CORRECTION_OF_COMPETING_RELEASE,CANONICAL_ISSUER,0001841666-26-000050,PRE_RESULT_SUPPLEMENTAL_THEN_FULL,NO,NO,YES,NO,NOT_A_FIRST_RESULT_EVENT,FILTERING,Supplemental estimates assist analysts before the result release and do not form a broad earnings package. The later full result release includes company net income and EPS; chronological order alone is not the exclusion reason.,REVIEWED_VERSIONED_ELIGIBILITY_ONLY_NO_CURRENT_WRITE
APA,168,2026,Q2,AMBIGUOUS,False,2,0001841666-26-000050,8-K,2026-08-05T20:33:08Z,2026-08-05,2026-08-05T20:33:08Z,MATCH,,,,,METADATA_AND_LEGACY_DOCUMENT_CONFIRMED,apa8k-20260805.htm,https://www.sec.gov/Archives/edgar/data/1841666/000184166626000050/apa8k-20260805.htm,0d0ad9f71176b7b6af0963d4e07d76b2b224032abf6c0fbb5b32050bbf91a9cc,https://www.sec.gov/Archives/edgar/data/1841666/000184166626000050/exhibit9912q26earningsrele.htm,5e231839848161571524de999848cfccb1494b0e0070f1ad4b8a6bdd6acf4f38,CIK_ITEM_2_02_EXACT_PERIOD_END;canonical_period_end=2026-06-30,,FULL_PERIOD_RESULTS,FULL_PERIOD_RESULTS,ACTUAL_REPORTED_UNAUDITED_OR_AUDITED_NOT_AUTOMATICALLY_PRELIMINARY,Canonical reporting entity target-quarter actual GAAP earnings/loss and reported financial result package; full release and financial schedules,"Realized-price estimates, dry-hole costs, trading gains and production considerations; expressly not a comprehensive Q2 result presentation.",NO_EXPLICIT_REFERENCE_TO_COMPETING_RELEASE,NO_EXPLICIT_CORRECTION_OF_COMPETING_RELEASE,CANONICAL_ISSUER,0001841666-26-000045,PRE_RESULT_SUPPLEMENTAL_THEN_FULL,YES,YES,YES,YES,SOLE_QUALIFYING_EVENT,FILTERING,Supplemental estimates assist analysts before the result release and do not form a broad earnings package. The later full result release includes company net income and EPS; chronological order alone is not the exclusion reason.,REVIEWED_VERSIONED_ELIGIBILITY_ONLY_NO_CURRENT_WRITE
CF,448,2026,Q2,AMBIGUOUS,False,1,0001324404-26-000017,8-K,2026-08-05T20:42:56Z,2026-08-05,2026-08-05T20:42:56Z,MATCH,,,,,METADATA_AND_LEGACY_DOCUMENT_CONFIRMED,cf-20260805.htm,https://www.sec.gov/Archives/edgar/data/1324404/000132440426000017/cf-20260805.htm,cfd49e12a6df3777fe3b891749f955b877affb7acbde1a9a533da70efca4ce3b,https://www.sec.gov/Archives/edgar/data/1324404/000132440426000017/cf-08052026_ex991xearnings.htm,00cb33e6cc03f491e24963ecf7dc3cffe49f3e1ffe6531078b3d6a33ddf921a0,CIK_ITEM_2_02_EXACT_PERIOD_END;canonical_period_end=2026-06-30,,FULL_PERIOD_RESULTS,FULL_QUARTER_AND_HALF_YEAR_RESULTS,ACTUAL_REPORTED_UNAUDITED_OR_AUDITED_NOT_AUTOMATICALLY_PRELIMINARY,"Quarter net earnings and EPS, full financial schedules; same-results call presentation in a separate accession.","Quarter net earnings and EPS, full financial schedules; same-results call presentation in a separate accession.",NO_EXPLICIT_REFERENCE_TO_COMPETING_RELEASE,NO_EXPLICIT_CORRECTION_OF_COMPETING_RELEASE,CANONICAL_ISSUER,0001104659-26-091275,FULL_RELEASE_THEN_SAME_RESULTS_PRESENTATION,YES,YES,YES,YES,SOLE_QUALIFYING_EVENT,FILTERING,"The call presentation is explicitly tied to discussing the same quarter results and is a supplemental artifact, not a new first-publication release. Retain its evidence with a same-event relationship, not a second competing first timestamp.",REVIEWED_VERSIONED_ELIGIBILITY_ONLY_NO_CURRENT_WRITE
CF,448,2026,Q2,AMBIGUOUS,False,2,0001104659-26-091275,8-K,2026-08-05T21:22:46Z,2026-08-05,2026-08-05T21:22:46Z,MATCH,,,,,METADATA_AND_LEGACY_DOCUMENT_CONFIRMED,tm2622111d1_8k.htm,https://www.sec.gov/Archives/edgar/data/1324404/000110465926091275/tm2622111d1_8k.htm,b728afff66aff9d28757c57354ea313ab1771a865bf41908808784e8a3e974e3,https://www.sec.gov/Archives/edgar/data/1324404/000110465926091275/tm2622111d1_ex99-1.htm,2913aa1231af9db2adc4c4bc55a28b05441505f78439ed76908b1d9ce8929909,CIK_ITEM_2_02_EXACT_PERIOD_END;canonical_period_end=2026-06-30,,DUPLICATE_OR_REPEAT_PUBLICATION,DUPLICATE_OR_REPEAT_PUBLICATION,ACTUAL_REPORTED_UNAUDITED_OR_AUDITED_NOT_AUTOMATICALLY_PRELIMINARY,Call presentation of same second-quarter and first-half financial results as paired release,"Quarter net earnings and EPS, full financial schedules; same-results call presentation in a separate accession.",SAME_RESULTS_CALL_PRESENTATION,NO_EXPLICIT_CORRECTION_OF_COMPETING_RELEASE,CANONICAL_ISSUER,0001324404-26-000017,FULL_RELEASE_THEN_SAME_RESULTS_PRESENTATION,NO,NO,YES,NO,NOT_A_FIRST_RESULT_EVENT,FILTERING,"The call presentation is explicitly tied to discussing the same quarter results and is a supplemental artifact, not a new first-publication release. Retain its evidence with a same-event relationship, not a second competing first timestamp.",REVIEWED_VERSIONED_ELIGIBILITY_ONLY_NO_CURRENT_WRITE
DMLP,688,2026,Q2,AMBIGUOUS,False,1,0001437749-26-024295,8-K,2026-07-23T20:02:06Z,2026-07-23,2026-07-23T20:02:06Z,MATCH,,,,,METADATA_AND_LEGACY_DOCUMENT_CONFIRMED,dmlp20260723_8k.htm,https://www.sec.gov/Archives/edgar/data/1172358/000143774926024295/dmlp20260723_8k.htm,63713c4956505b832e23a5dc973525e0f240c82020e06dc5cbdd174e2b669466,https://www.sec.gov/Archives/edgar/data/1172358/000143774926024295/ex_992149.htm,7fe7d759db10d504e41833b1afed358bbc0f403f99916a19b62a437208284b4c,CIK_ITEM_2_02_EXACT_PERIOD_END;canonical_period_end=2026-06-30,,PARTIAL_RESULTS,DISTRIBUTION_AND_CASH_RECEIPTS,ACTUAL_REPORTED_UNAUDITED_OR_AUDITED_NOT_AUTOMATICALLY_PRELIMINARY,"Distribution per unit and royalty/net-profits cash receipts, including prior sales periods; later revenue and GAAP earnings package.","Distribution per unit and royalty/net-profits cash receipts, including prior sales periods; later revenue and GAAP earnings package.",NO_EXPLICIT_REFERENCE_TO_COMPETING_RELEASE,NO_EXPLICIT_CORRECTION_OF_COMPETING_RELEASE,CANONICAL_ISSUER,0001437749-26-026405,DISTRIBUTION_RECEIPTS_THEN_FULL,NO,NO,YES,NO,NOT_A_FIRST_RESULT_EVENT,FILTERING,Cash receipts and distributions are not accrual earnings for the target quarter. The later release explicitly explains cash distributions differ from net earnings due to timing and depletion.,REVIEWED_VERSIONED_ELIGIBILITY_ONLY_NO_CURRENT_WRITE
DMLP,688,2026,Q2,AMBIGUOUS,False,2,0001437749-26-026405,8-K,2026-08-07T00:18:10Z,2026-08-07,2026-08-07T00:18:10Z,MATCH,,,,,METADATA_AND_LEGACY_DOCUMENT_CONFIRMED,dmlp20260806_8k.htm,https://www.sec.gov/Archives/edgar/data/1172358/000143774926026405/dmlp20260806_8k.htm,844b9b5777f96e95978c2e09bb4854301a6b638f81a94ec816e992e8c13d892b,https://www.sec.gov/Archives/edgar/data/1172358/000143774926026405/ex_1000630.htm,76795fa39be05a22c813e6f28070ff5270ed24e70a62233a712f604538b2d271,CIK_ITEM_2_02_EXACT_PERIOD_END;canonical_period_end=2026-06-30,,FULL_PERIOD_RESULTS,FULL_PERIOD_RESULTS,ACTUAL_REPORTED_UNAUDITED_OR_AUDITED_NOT_AUTOMATICALLY_PRELIMINARY,Canonical reporting entity target-quarter actual GAAP earnings/loss and reported financial result package; full release and financial schedules,"Distribution per unit and royalty/net-profits cash receipts, including prior sales periods; later revenue and GAAP earnings package.",NO_EXPLICIT_REFERENCE_TO_COMPETING_RELEASE,NO_EXPLICIT_CORRECTION_OF_COMPETING_RELEASE,CANONICAL_ISSUER,0001437749-26-024295,DISTRIBUTION_RECEIPTS_THEN_FULL,YES,YES,YES,YES,SOLE_QUALIFYING_EVENT,FILTERING,Cash receipts and distributions are not accrual earnings for the target quarter. The later release explicitly explains cash distributions differ from net earnings due to timing and depletion.,REVIEWED_VERSIONED_ELIGIBILITY_ONLY_NO_CURRENT_WRITE
PDYN,1712,2026,Q2,AMBIGUOUS,False,1,0001193125-26-297985,8-K,2026-07-08T11:04:42Z,2026-07-08,2026-07-08T15:04:42Z,SUBMISSIONS_DISAGREES_INDEX_ET_CORROBORATES_STORED,https://www.sec.gov/Archives/edgar/data/1826681/000119312526297985/0001193125-26-297985-index.htm,dcb4b6cec99b43b7c6f366fc24100428900911919140730677bb57c1ce8e165e,2026-07-08 07:04:42,America/New_York,METADATA_AND_LEGACY_DOCUMENT_CONFIRMED,pdyn-20260708.htm,https://www.sec.gov/Archives/edgar/data/1826681/000119312526297985/pdyn-20260708.htm,7ff990037e4e734a3596a147b3aa922f6dfbe789946afbbd3c00f18515ad1cc0,https://www.sec.gov/Archives/edgar/data/1826681/000119312526297985/pdyn-ex99_1.htm,6634c6df19d4e392d512b932d9176b00ec2f22f45fb0696710b4391394ee348c,CIK_ITEM_2_02_EXACT_PERIOD_END;canonical_period_end=2026-06-30,,PRELIMINARY_RESULTS,SELECTED_REVENUE_BACKLOG_AND_CASH,PRELIMINARY_ESTIMATES_FOR_COMPLETED_PERIOD,Q2 revenue estimate 5.8m; backlog 24m; cash/investments 44m; no GAAP earnings metric.,Q2 revenue estimate 5.8m; backlog 24m; cash/investments 44m; no GAAP earnings metric.,NO_EXPLICIT_REFERENCE_TO_COMPETING_RELEASE,NO_EXPLICIT_CORRECTION_OF_COMPETING_RELEASE,CANONICAL_ISSUER,0001193125-26-336621,SELECTED_PRELIMINARY_THEN_FULL,NO,NO,YES,NO,NOT_A_FIRST_RESULT_EVENT,FILTERING,Backlog is future contracted activity and revenue plus cash is a partial completed-period disclosure. Later results provide GAAP quarter loss/EPS and segment context.,REVIEWED_VERSIONED_ELIGIBILITY_ONLY_NO_CURRENT_WRITE
PDYN,1712,2026,Q2,AMBIGUOUS,False,2,0001193125-26-336621,8-K,2026-08-06T10:47:17Z,2026-08-06,2026-08-06T14:47:17Z,SUBMISSIONS_DISAGREES_INDEX_ET_CORROBORATES_STORED,https://www.sec.gov/Archives/edgar/data/1826681/000119312526336621/0001193125-26-336621-index.htm,9cebaa0c47bfa5e2e0c681af3694f043495c124832eb9a8076b32bf62d76c7af,2026-08-06 06:47:17,America/New_York,METADATA_AND_LEGACY_DOCUMENT_CONFIRMED,pdyn-20260806.htm,https://www.sec.gov/Archives/edgar/data/1826681/000119312526336621/pdyn-20260806.htm,6563e34f11e5c9148993fce4030126066d3430eed7106d9ad55f960f695c67a9,https://www.sec.gov/Archives/edgar/data/1826681/000119312526336621/pdyn-ex99_1.htm,7f7687007eccada0b5498c714ceb1d6829920839c3de04e9a01e9436d5303b08,CIK_ITEM_2_02_EXACT_PERIOD_END;canonical_period_end=2026-06-30,,FULL_PERIOD_RESULTS,FULL_PERIOD_RESULTS,ACTUAL_REPORTED_UNAUDITED_OR_AUDITED_NOT_AUTOMATICALLY_PRELIMINARY,Canonical reporting entity target-quarter actual GAAP earnings/loss and reported financial result package; full release and financial schedules,Q2 revenue estimate 5.8m; backlog 24m; cash/investments 44m; no GAAP earnings metric.,NO_EXPLICIT_REFERENCE_TO_COMPETING_RELEASE,NO_EXPLICIT_CORRECTION_OF_COMPETING_RELEASE,CANONICAL_ISSUER,0001193125-26-297985,SELECTED_PRELIMINARY_THEN_FULL,YES,YES,YES,YES,SOLE_QUALIFYING_EVENT,FILTERING,Backlog is future contracted activity and revenue plus cash is a partial completed-period disclosure. Later results provide GAAP quarter loss/EPS and segment context.,REVIEWED_VERSIONED_ELIGIBILITY_ONLY_NO_CURRENT_WRITE
RGLD,1878,2026,Q2,AMBIGUOUS,False,1,0000085535-26-000032,8-K,2026-07-21T13:05:12Z,2026-07-21,2026-07-21T13:05:12Z,MATCH,,,,,METADATA_AND_LEGACY_DOCUMENT_CONFIRMED,rgld-20260721.htm,https://www.sec.gov/Archives/edgar/data/85535/000008553526000032/rgld-20260721.htm,bd1f1d9b43c92e5d5669099c1dcd47382661183f3f46f275a99900d0ff7117cb,https://www.sec.gov/Archives/edgar/data/85535/000008553526000032/ex991q22026prequarterrelea.htm,4375efbe438398ff73a6adcc12412a7cad8edcc1b4abebbe01089c681a577d29,CIK_ITEM_2_02_EXACT_PERIOD_END;canonical_period_end=2026-06-30,,PRELIMINARY_RESULTS,SELECTED_SEGMENT_SALES_COST_AND_DD_AND_A,PRELIMINARY_ESTIMATES_FOR_COMPLETED_PERIOD,"Stream/royalty sales, unit costs and DD&A estimates; debt and repurchase updates; no preliminary net income.","Stream/royalty sales, unit costs and DD&A estimates; debt and repurchase updates; no preliminary net income.",NO_EXPLICIT_REFERENCE_TO_COMPETING_RELEASE,NO_EXPLICIT_CORRECTION_OF_COMPETING_RELEASE,CANONICAL_ISSUER,0000085535-26-000038,SELECTED_PRELIMINARY_THEN_FULL,NO,NO,YES,NO,NOT_A_FIRST_RESULT_EVENT,FILTERING,"Detailed revenue/cost components still lack the earnings minimum. The later actual result release provides total revenue, GAAP net income, EPS and cash flow.",REVIEWED_VERSIONED_ELIGIBILITY_ONLY_NO_CURRENT_WRITE
RGLD,1878,2026,Q2,AMBIGUOUS,False,2,0000085535-26-000038,8-K,2026-08-05T21:14:50Z,2026-08-05,2026-08-05T21:14:50Z,MATCH,,,,,METADATA_AND_LEGACY_DOCUMENT_CONFIRMED,rgld-20260805.htm,https://www.sec.gov/Archives/edgar/data/85535/000008553526000038/rgld-20260805.htm,bb4df47ecfcda8a33b0d272aff8fed937eaee81040fbe456d625c304cfffc283,https://www.sec.gov/Archives/edgar/data/85535/000008553526000038/rgld-20260805xexx991.htm,716b53c3cea80670186108d9d53b9196d7477cf6b004ee304095d5d69b02361b,CIK_ITEM_2_02_EXACT_PERIOD_END;canonical_period_end=2026-06-30,,FULL_PERIOD_RESULTS,FULL_PERIOD_RESULTS,ACTUAL_REPORTED_UNAUDITED_OR_AUDITED_NOT_AUTOMATICALLY_PRELIMINARY,Canonical reporting entity target-quarter actual GAAP earnings/loss and reported financial result package; full release and financial schedules,"Stream/royalty sales, unit costs and DD&A estimates; debt and repurchase updates; no preliminary net income.",NO_EXPLICIT_REFERENCE_TO_COMPETING_RELEASE,NO_EXPLICIT_CORRECTION_OF_COMPETING_RELEASE,CANONICAL_ISSUER,0000085535-26-000032,SELECTED_PRELIMINARY_THEN_FULL,YES,YES,YES,YES,SOLE_QUALIFYING_EVENT,FILTERING,"Detailed revenue/cost components still lack the earnings minimum. The later actual result release provides total revenue, GAAP net income, EPS and cash flow.",REVIEWED_VERSIONED_ELIGIBILITY_ONLY_NO_CURRENT_WRITE
SM,2026,2026,Q2,AMBIGUOUS,False,1,0000893538-26-000104,8-K,2026-07-16T20:15:15Z,2026-07-16,2026-07-16T20:15:15Z,MATCH,,,,,METADATA_AND_LEGACY_DOCUMENT_CONFIRMED,sm-20260716.htm,https://www.sec.gov/Archives/edgar/data/893538/000089353826000104/sm-20260716.htm,95f058e2b1d69f63248b99a61bc613c200bf3d5b42d0ba1b3647531bc6a8a86d,,,CIK_ITEM_2_02_EXACT_PERIOD_END;canonical_period_end=2026-06-30,,SUPPLEMENTAL_RESULT_INFORMATION,PRE_RESULT_EARNINGS_CONSIDERATIONS,SELECTED_PRELIMINARY_PERIOD_FACTORS,Estimated quarter earnings inputs and selected operating/price/derivative data; explicitly not a company quarter earnings estimate.,Estimated quarter earnings inputs and selected operating/price/derivative data; explicitly not a company quarter earnings estimate.,NO_EXPLICIT_REFERENCE_TO_COMPETING_RELEASE,NO_EXPLICIT_CORRECTION_OF_COMPETING_RELEASE,CANONICAL_ISSUER,0000893538-26-000119,PRE_RESULT_SUPPLEMENTAL_THEN_FULL,NO,NO,YES,NO,NOT_A_FIRST_RESULT_EVENT,FILTERING,"The primary excludes a comprehensive earnings interpretation of its selected factors. The later release announces the quarter financial result and supplies income/EPS, cash flow and financial tables.",REVIEWED_VERSIONED_ELIGIBILITY_ONLY_NO_CURRENT_WRITE
SM,2026,2026,Q2,AMBIGUOUS,False,2,0000893538-26-000119,8-K,2026-08-05T20:18:04Z,2026-08-05,2026-08-05T20:18:04Z,MATCH,,,,,METADATA_AND_LEGACY_DOCUMENT_CONFIRMED,sm-20260805.htm,https://www.sec.gov/Archives/edgar/data/893538/000089353826000119/sm-20260805.htm,752993ac5d4683a55bf6d8add6bf7672b368fa1b79a916e8d837c577c1e3371d,https://www.sec.gov/Archives/edgar/data/893538/000089353826000119/exhibit99108052026er.htm,ed063b73d09828f375dd69f4f3bfd75be048d3796562fad58194170f5dbfa913,CIK_ITEM_2_02_EXPLICIT_FISCAL_QUARTER;canonical_period_end=2026-06-30,,FULL_PERIOD_RESULTS,FULL_PERIOD_RESULTS,ACTUAL_REPORTED_UNAUDITED_OR_AUDITED_NOT_AUTOMATICALLY_PRELIMINARY,Canonical reporting entity target-quarter actual GAAP earnings/loss and reported financial result package; full release and financial schedules,Estimated quarter earnings inputs and selected operating/price/derivative data; explicitly not a company quarter earnings estimate.,NO_EXPLICIT_REFERENCE_TO_COMPETING_RELEASE,NO_EXPLICIT_CORRECTION_OF_COMPETING_RELEASE,CANONICAL_ISSUER,0000893538-26-000104,PRE_RESULT_SUPPLEMENTAL_THEN_FULL,YES,YES,YES,YES,SOLE_QUALIFYING_EVENT,FILTERING,"The primary excludes a comprehensive earnings interpretation of its selected factors. The later release announces the quarter financial result and supplies income/EPS, cash flow and financial tables.",REVIEWED_VERSIONED_ELIGIBILITY_ONLY_NO_CURRENT_WRITE
