company_id,company_name,display_ticker,fiscal_year,fiscal_quarter,period_end,quarter_id,authority_status,accession,source_timestamp_utc,filing_form,primary_document,linked_document,state,proposal_fingerprint,observation_fingerprint,evidence_fingerprint,context_fingerprint,current_state_fingerprint
22,ACA,ACA,2025,Q1,2025-03-31,800,NOT_FOUND,0001739445-25-000065,2025-05-06T20:20:08Z,8-K,aca-20250506.htm,https://www.sec.gov/Archives/edgar/data/1739445/000173944525000065/exh991earningsrelease03312.htm,STABLE_APPROVABLE,ea28d203681fa6c331ef3ef1741d80908f7520fd1c3924e9703284c313614657,91746175626a5dc0a8aa2d977092e290dbc52d029423089a75168cfc1b88c0e1,1cb1fffd257ad694d0a792e3cf58b2d02d775b8e90fcc791d8a3135ef2ada82f,dbcb566147c73014d10d69c6d0277a04e971e633a935365f1728a7424de96bbc,f0b7899b85d2bd23d496a82885dc5d276733b0364fe3a1bcb279784e5dbcf5d2
22,ACA,ACA,2025,Q2,2025-06-30,801,NOT_FOUND,0001739445-25-000113,2025-08-07T20:37:22Z,8-K,aca-20250807.htm,https://www.sec.gov/Archives/edgar/data/1739445/000173944525000113/exh991earningsrelease06302.htm,STABLE_APPROVABLE,ea28d203681fa6c331ef3ef1741d80908f7520fd1c3924e9703284c313614657,eaed7a1e9f7e5b36b7768887e1b800f49d6d048a790860b0e2e3145b3eedbf77,7ed501a11c3e7c9efc89d8f8160e10682b977c2ddc062a4572c44ad228f260e6,d198a74fbaf3e26fa53f75f84106f1bf9b0ab23a8d8fbfc8500874a28a1c1ea1,a642216e31f7fd0b30eec405ea37ed7b2fcd2e1a6ef10ebfb3577ed5624caa16
22,ACA,ACA,2026,Q1,2026-03-31,804,NOT_FOUND,0001739445-26-000064,2026-04-30T20:22:00Z,8-K,aca-20260430.htm,https://www.sec.gov/Archives/edgar/data/1739445/000173944526000064/exh991earningsrelease33120.htm,STABLE_APPROVABLE,ea28d203681fa6c331ef3ef1741d80908f7520fd1c3924e9703284c313614657,94cc1b13f0f52e79b1b90d76a94d027d869e6be9ba05abfd95ca36422f48fc79,cdaf38c086a54c888756e9b6c0b3817bdc71b3cb6edd4bebe6fd394b02f4b239,0be83767f171fe5a80779bda7de712ba1017ea9d2453e2cb8ef22514dfebc3ec,99dc7aa4715085c8bab229af13c16eb65ca80d7f0ae5b694592ee87b56d9cd4a
22,ACA,ACA,2026,Q2,2026-06-30,805,NOT_FOUND,0001739445-26-000124,2026-08-05T20:19:02Z,8-K,aca-20260805.htm,https://www.sec.gov/Archives/edgar/data/1739445/000173944526000124/exh991earningsrelease63020.htm,STABLE_APPROVABLE,ea28d203681fa6c331ef3ef1741d80908f7520fd1c3924e9703284c313614657,40c4203ca6c978009c479f354adefd1fe4b19ebdd28df44eaeafc059b8f1c5e1,15342cda8fba5015bf518faa22b043de734991f88beadaf877a8a361f160b8e8,71cae97caf834846f33597dda13cde161cd93451a0e80c584436258f22c3a09d,f075b7ecda35356d0b686968909e5ddec14d74b33bf86c736e8878fb8e0be406
31,ACIW,ACIW,2026,Q2,2026-06-30,1125,NOT_FOUND,0000935036-26-000026,2026-08-06T12:04:28Z,8-K,aciw-20260806.htm,https://www.sec.gov/Archives/edgar/data/935036/000093503626000026/aciw-20260806_exx991.htm,STABLE_APPROVABLE,ea28d203681fa6c331ef3ef1741d80908f7520fd1c3924e9703284c313614657,60926ebc6fb8389aa71cf15cf732ef908502bec458074d1ea09d01895201946b,99fd8ba12cd55d1a6e399d0b29b4518248a7e959d29e22686a9ae9a4bf7c4c3d,f3f39ea2c79413efc5a68be51b7b6ac9410190e59362a6296162fe24c944a5bf,9edc518d0ed2a9734658d5526994090fdd399982e43b3e9e39c16588ca1c88ab
176,APOG,APOG,2026,Q4,2026-02-28,6216,UNRESOLVED,0000006845-26-000020,2026-04-24T17:05:11Z,8-K,apog-20260424.htm,https://www.sec.gov/Archives/edgar/data/6845/000000684526000020/a22826fy26q4results.htm,STABLE_APPROVABLE,ea28d203681fa6c331ef3ef1741d80908f7520fd1c3924e9703284c313614657,aec437044cf20d1a2c9d3d771ff2dcdd02c26fa3244f345109b2e3e0a93da052,154cf932613d525c3a0ab73b7d4276842d0f46b8fa4d9939fec32121f01f99cf,29a03116b66bb9031dd3318fd2f49e652edd37f33e9cd9f10e24ec333981f894,ef9bb2654305852c44ed7ba6c3a939cdff25ac1b26b857a24eda662e3b784bc8
330,BL,BL,2025,Q1,2025-03-31,11682,UNRESOLVED,0001171843-25-002819,2025-05-06T20:06:01Z,8-K,f8k_050625.htm,https://www.sec.gov/Archives/edgar/data/1666134/000117184325002819/exh_991.htm,STABLE_APPROVABLE,ea28d203681fa6c331ef3ef1741d80908f7520fd1c3924e9703284c313614657,0e392c586decdcd31c054fc8f345eea5a85d022f4228909312f8b30a2ba229c9,488e17ee03434d3b1b5559627ba2883c11b74375dc779252ee519c95cc837998,dae0db94faddd89ac4ef955c66d1eb42aba943af19a3a2d68847192a8f2a302f,73d0de08b46bec076729aa34d6ad621779a5284fe33cf5c92456b19bc329e231
330,BL,BL,2025,Q2,2025-06-30,11683,UNRESOLVED,0001171843-25-005050,2025-08-05T20:06:42Z,8-K,f8k_080525.htm,https://www.sec.gov/Archives/edgar/data/1666134/000117184325005050/exh_991.htm,STABLE_APPROVABLE,ea28d203681fa6c331ef3ef1741d80908f7520fd1c3924e9703284c313614657,b0723fcc5dbe33ecae947ec6417927b2f30dc5a6276a90619b2ef3886c10e2d7,593403d1dc7a1a9d8f16480646d99aedb0f37a38938675aa5a8c9156b27818e7,ea00e98edbe5822e2dc9b72c031c3d50c802ef442234bb1ba29c33b10f6666bd,cb9251575bd05eccc5610a2d1c8dc690a0a00b65f1dda89e88ff0d9b869153f5
330,BL,BL,2025,Q3,2025-09-30,11684,UNRESOLVED,0001171843-25-007093,2025-11-06T21:07:26Z,8-K,f8k_110625.htm,https://www.sec.gov/Archives/edgar/data/1666134/000117184325007093/exh_991.htm,STABLE_APPROVABLE,ea28d203681fa6c331ef3ef1741d80908f7520fd1c3924e9703284c313614657,b27c0df65afa35727f9050b8c35874911e6d5380251a875afc8f48a267f38235,036ef9a95d4ac595f61a0c0fecb42f9be1928ace3bfd8801758881c963014adc,7c555066d7306805d83bc71afed11bbb66db81f14ad2189cbb71663bac95631b,5a20b4c31be03ba3689a460e2a855d9f41da9fb854a3224f2f34b6b76baaced1
330,BL,BL,2025,Q4,2025-12-31,11685,UNRESOLVED,0001171843-26-000734,2026-02-10T21:05:28Z,8-K,f8k_021026.htm,https://www.sec.gov/Archives/edgar/data/1666134/000117184326000734/exh_991.htm,STABLE_APPROVABLE,ea28d203681fa6c331ef3ef1741d80908f7520fd1c3924e9703284c313614657,8c04b6e7420a7cd32b26e00e72694b4cb5575fd2c52eeda641b03c33c4de2f6e,f9aa623f10ad0a06bd410744a3f900b1ad4e16799e7969644bf7604676c0d79a,b7f7fd03de6f22e53a195346bc5063c214acbcfc8849255b67abdc34a6c69524,4de9bc5e515d6a8d4385353e32e54bfb9012b58f50a4c800ff7cb0d950332fe7
330,BL,BL,2026,Q1,2026-03-31,11686,UNRESOLVED,0001171843-26-003023,2026-05-05T20:05:34Z,8-K,f8k_050526.htm,https://www.sec.gov/Archives/edgar/data/1666134/000117184326003023/exh_991.htm,STABLE_APPROVABLE,ea28d203681fa6c331ef3ef1741d80908f7520fd1c3924e9703284c313614657,7e1f63a08c11200a622aa3137320727061f8b5dd8cc0222a07e2be714babb5d8,a30c709d57b4784fac64c1346b18086ab74a2bbf939c4766b817d77de3f69769,b359dd5dd855a73680b8f7cf3d17767d0059457238fd1ad97b25a0d0cf57b8e2,d18f624b3d4aceb2dafa8660fcc8061c3f87bb943a4f3693543dd5749243cd4e
330,BL,BL,2026,Q2,2026-06-30,11687,UNRESOLVED,0001171843-26-005201,2026-08-04T20:05:29Z,8-K,f8k_080426.htm,https://www.sec.gov/Archives/edgar/data/1666134/000117184326005201/exh_991.htm,STABLE_APPROVABLE,ea28d203681fa6c331ef3ef1741d80908f7520fd1c3924e9703284c313614657,46167695051f8f8b54f72777a913b8891dcd384adabe42f7e7fa12fc54ecf7bb,733c823e10ed5426204d2bbe48b9e6b0f5cfbe82f535dc1361b773e6a1e44f56,1eab5938cf05d58ecb430166ff24485a275a4d1141220ec1b8f7489b12ac69b1,a87e12b5bd4687e4b1afecbd93c74bc1b411676569e3bd471580537a90d72d3a
358,BRC,BRC,2025,Q1,2024-10-31,12644,UNRESOLVED,0000746598-24-000137,2024-11-18T17:05:24Z,8-K,brc-20241118.htm,https://www.sec.gov/Archives/edgar/data/746598/000074659824000137/exhibit991pressrelease1031.htm,STABLE_APPROVABLE,ea28d203681fa6c331ef3ef1741d80908f7520fd1c3924e9703284c313614657,fabd76a67416d6a49be3dce16a9e622a60b7e3cc500cabb4be692e8b00c70804,2bad51b16349ec009f80c3b8f0749941e1807ca62cf459898cff8c21f1d1cd02,bdae039ba1a21e9dee06316e73332ad4db54c0e287248b566a145bc27083c1f8,72d56fa02b37813957f51f2df5f58b060d81f1d26f7dc52df987231984070f16
358,BRC,BRC,2025,Q2,2025-01-31,12645,UNRESOLVED,0000746598-25-000007,2025-02-21T17:06:17Z,8-K,brc-20250221.htm,https://www.sec.gov/Archives/edgar/data/746598/000074659825000007/exhibit991pressrelease0131.htm,STABLE_APPROVABLE,ea28d203681fa6c331ef3ef1741d80908f7520fd1c3924e9703284c313614657,8d19975fcfcae38e8215208bd8f006b914e910bad3c01eb4e1762765f7dedf44,e018cd3cdfa2bd4c6a1666cbe3670915dc9f396e6d11e1f1fcd1805a72b8a889,2d208dfe43c5c7d4e6f5c8780fde18ac78534f884da9125fadb986c500f371e9,629474633b7d8703b65439d3a4f3e8dcefde111732e785e8d428e73f59ca6e84
358,BRC,BRC,2026,Q1,2025-10-31,12648,UNRESOLVED,0000746598-25-000059,2025-11-17T17:15:33Z,8-K,brc-20251117.htm,https://www.sec.gov/Archives/edgar/data/746598/000074659825000059/exhibit991pressrelease1031.htm,STABLE_APPROVABLE,ea28d203681fa6c331ef3ef1741d80908f7520fd1c3924e9703284c313614657,ef174979b57cb60438ea8b59671a6a1f73f55fdee7f4539be9a7e5724bf745e2,1c5dcde32ca2e7ef701a6a7f0c5946f511b282130cf876b7efdaa591834926f4,6f7adcc7d90c5653427050a664500f7df092aa31fe1feea8b5e86cbdf7c119f8,31f344793ab9529a1a55e3e56bfff7cc8c012d9481ca35f53f2f021056fa827d
358,BRC,BRC,2026,Q2,2026-01-31,12649,UNRESOLVED,0000746598-26-000005,2026-02-19T17:05:23Z,8-K,brc-20260219.htm,https://www.sec.gov/Archives/edgar/data/746598/000074659826000005/exhibit991pressrelease0131.htm,STABLE_APPROVABLE,ea28d203681fa6c331ef3ef1741d80908f7520fd1c3924e9703284c313614657,6c6b8475af5fa1b1219d748821f9c161853ed553b3abe1bcf2cd871b5a648800,33cb76db1203e909a3cc53730e52a9d59e402623d218f5f3298eb4fb4c653899,ef00506f1c9e0d7187d262c8dcf59527442ce83ee3b2c02fded4a642c67b622c,7e209b7bee8d501275ca93b21092226fe13f7b1a0c57c71f98761c7b7c24a57c
421,CCLD,CCLD,2025,Q2,2025-06-30,14759,UNRESOLVED,0001493152-25-011596,2025-08-05T15:05:48Z,8-K,form8-k.htm,https://www.sec.gov/Archives/edgar/data/1582982/000149315225011596/ex99-1.htm,STABLE_APPROVABLE,ea28d203681fa6c331ef3ef1741d80908f7520fd1c3924e9703284c313614657,d4fa3369567043556f822682300230d994735f87a490d748317611bc9ff66327,8de75c5bbdbba165952808a51d5f0127c3df2ba23a99da801191c8f4c4be2a78,8c6025b0ae3ea2c69dc70c5061850133fc91b259440074fb7c8fb3b46cdf67e0,51807b6c82b35e8ab6af152f94d4e67d2b81bef613e08fac9dc50f75a2d75895
451,CGNX,CGNX,2026,Q2,2026-07-05,15831,NOT_FOUND,0000851205-26-000061,2026-08-05T20:32:16Z,8-K,cgnx-20260805.htm,https://www.sec.gov/Archives/edgar/data/851205/000085120526000061/a07052026-xex991xq22026ear.htm,STABLE_APPROVABLE,ea28d203681fa6c331ef3ef1741d80908f7520fd1c3924e9703284c313614657,3445b9f582daa3846e594909efee21e7c0a59b06ef7c365b1cdc3899e06120d6,bf9671991f53f29f890f99463a025d6875e064219f1475d75238044f8d3cffef,42b2c086233d81556e7fe0ccadd05eb8b23ea5a393cfee28f02fe38cb7e2fcf4,bbafd9614493cd937fe543db094454b23a2bba42ddd6bf0e61e94bb84780c4f5
524,COHR,COHR,2025,Q1,2024-09-30,18488,UNRESOLVED,0001193125-24-252062,2024-11-07T02:20:03Z,8-K,d857703d8k.htm,https://www.sec.gov/Archives/edgar/data/820318/000119312524252062/d857703dex991.htm,STABLE_APPROVABLE,ea28d203681fa6c331ef3ef1741d80908f7520fd1c3924e9703284c313614657,e270202042cd1997be89291aa27d0e18c2820433bdf956d6b574e5d48411f046,b126101d930418da4bf6a5e26f6e755d1632e164a029096a14ac90873f2d0444,bc495a2269103b017660b3654473b329eef9c0ee02c850770c4941b3933713f7,685e398b4965e902d997b55b1a983caa64389a1ed39a8c106f6af7a5263aec02
524,COHR,COHR,2025,Q2,2024-12-31,18489,UNRESOLVED,0001193125-25-020821,2025-02-06T02:05:24Z,8-K,d835094d8k.htm,https://www.sec.gov/Archives/edgar/data/820318/000119312525020821/d835094dex991.htm,STABLE_APPROVABLE,ea28d203681fa6c331ef3ef1741d80908f7520fd1c3924e9703284c313614657,55a10c80459d253cf1b35a18f499d775c1f81e41b60821cc47f0b8d73a73ac0a,34e5f3b051f38a28ed0899514613fc305f978f983945fc47f6e7703cfbf42e61,cf4c7952bc80109fde72b68b4bbdb3b9906f9298ae598e52467a62f87945bb4a,859a82fe2a893495dbca23af378684ea09bb7d61de0e7dd026e6d85e56d4eda8
524,COHR,COHR,2025,Q3,2025-03-31,18490,UNRESOLVED,0001193125-25-114882,2025-05-08T00:05:27Z,8-K,d930395d8k.htm,https://www.sec.gov/Archives/edgar/data/820318/000119312525114882/d930395dex991.htm,STABLE_APPROVABLE,ea28d203681fa6c331ef3ef1741d80908f7520fd1c3924e9703284c313614657,0303b2e7f67a20b692ae1210c142496c91d3bd686975e31c95aab76a2d88183f,c4d377d8fda53960727d68ff29da8bf05a0353f2cdc5f6c50b1cfa245a2fb37d,46369d82c33f161ffcd9573900509500fd34720c89e87e3a20c12cb6e3bf6e7f,a727e35a326096fd0dbb4eefae0383d227db321db7f49caeedc6bbc6c87fcec7
602,CTXR,CTXR,2026,Q1,2025-12-31,21243,UNRESOLVED,0001213900-26-015895,2026-02-13T13:30:27Z,8-K,ea0276948-8k_citius.htm,https://www.sec.gov/Archives/edgar/data/1506251/000121390026015895/ea027694801ex99-1_citius.htm,STABLE_APPROVABLE,ea28d203681fa6c331ef3ef1741d80908f7520fd1c3924e9703284c313614657,341a039afdb431bb7240d37869e1c6c2d86b1424bc262ab246956f326b46b81b,f093df590003aa2f3c09ffebe1ed68ce66eebe775a9d87bf4b08af6fb020ff09,1c4f035cb3bffb49b6980e13a82adc19a244bdf18c1f70168c41673f0cf27e0d,05e11afc3aed4a9238130bde0275d749ff62728d79c572cc66e9e3fd0e65f9ed
636,DAN,DAN,2026,Q2,2026-06-30,22530,NOT_FOUND,0001193125-26-336664,2026-08-06T11:00:22Z,8-K,d125905d8k.htm,https://www.sec.gov/Archives/edgar/data/26780/000119312526336664/d125905dex991.htm,STABLE_APPROVABLE,ea28d203681fa6c331ef3ef1741d80908f7520fd1c3924e9703284c313614657,f544de4ab9c7fe0049a5207e9d6c6288dbfa245fff9580a3fb872c8c75f926d6,9e1223824ff7a719b5caa500455d1690d14aa522412eaddc8ebbfdddd5a75087,3436ecfbc7ffb5fd05643155ad5867fc497ea68d6b7fc153d7ce9487a9ec5608,dd606e046bd8a4f263826861f341644c3e07863afb025ab6ce87960f4b853b0f
697,DOCS,DOCS,2027,Q1,2026-06-30,24643,NOT_FOUND,0001516513-26-000038,2026-08-07T00:04:42Z,8-K,docs-20260806.htm,https://www.sec.gov/Archives/edgar/data/1516513/000151651326000038/doximity-2026630xex991.htm,STABLE_APPROVABLE,ea28d203681fa6c331ef3ef1741d80908f7520fd1c3924e9703284c313614657,47bf23ac5f5d0ddebf3070bf7fccf30675550ffdff0a619ece2116263e62aecd,918043acb58357ed9174f29d6e8d1e50b0a1847c606122cbc40bcfc0448f7c89,2463a5ea58fef4a00a9b84435cf04a69d29fd966151b1e97861ddcdbb02fc3dd,6d8abb28b452316822d848b66bd4ea3800eee68cf08c04d27ac3952807662f89
780,EPC,EPC,2025,Q2,2025-03-31,27584,UNRESOLVED,0001628280-25-022844,2025-05-07T10:06:10Z,8-K,epc-20250507.htm,https://www.sec.gov/Archives/edgar/data/1096752/000162828025022844/epcexhibit99103312025.htm,STABLE_APPROVABLE,ea28d203681fa6c331ef3ef1741d80908f7520fd1c3924e9703284c313614657,fa9b55ace6a2c817ed2352d5e53d68a14376a9a88aaed7354bee9b53099b0511,93374d5dd5a084abfeb2ad791ad61fb6cae53860f673f55363f0c0194333401e,f49cca6ca18de2f494056ac3fc00472da6a90e801c43daa55529a3b43bfcf6be,3737d85a652a2f940132002d16862bbe81bb35f89e993cd2d5986434c6f692cb
780,EPC,EPC,2025,Q3,2025-06-30,27585,UNRESOLVED,0001628280-25-037579,2025-08-05T10:11:29Z,8-K,epc-20250805.htm,https://www.sec.gov/Archives/edgar/data/1096752/000162828025037579/epcexhibit99106302025.htm,STABLE_APPROVABLE,ea28d203681fa6c331ef3ef1741d80908f7520fd1c3924e9703284c313614657,df3a83e0deafa1a742a97a48e000ba2635fdb2c24a1634fccfb31fd752220a5c,afddebe97647d1ae614b42e8091339598aa881d678eea15c4429dcf686dd08be,483ae094031151a895be3d9b28e949773dc3a198d9ca81d9b598583de04071ae,5f089795e5385d0018717fa58f7cb18b80eade38e80f30cc737c08dbe0803bb2
780,EPC,EPC,2026,Q3,2026-06-30,27589,UNRESOLVED,0001628280-26-052881,2026-08-05T10:10:48Z,8-K,epc-20260805.htm,https://www.sec.gov/Archives/edgar/data/1096752/000162828026052881/q3fy26-epcexhibit991.htm,STABLE_APPROVABLE,ea28d203681fa6c331ef3ef1741d80908f7520fd1c3924e9703284c313614657,6be301ab0898773713f78c4e0b391a63b9c272d5e139d68d04f86c18d5537ea7,aa7d2916f53f4f4ee6a4735be929b7eee3466ff47d37d0e86a8cc954dff8f6f4,38b5c4e1786c1ed7baed1d8a81d14ea5d58dc97ce6751c1bbd7ef35213c54196,2287458adcc154fcecaf83cb3300d7180eab75114838d3209ab9eb9ec655652f
835,FAST,FAST,2026,Q2,2026-06-30,29570,UNRESOLVED,0000815556-26-000037,2026-07-14T12:01:18Z,8-K,fast-20260714.htm,https://www.sec.gov/Archives/edgar/data/815556/000081555626000037/ex_99106302026earningsrele.htm,STABLE_APPROVABLE,ea28d203681fa6c331ef3ef1741d80908f7520fd1c3924e9703284c313614657,1446815fce58809d0457611ea1c3221d651e2a7ddf3108f11d690fac16caf4d5,795688e7ee33aadb3d23fe2a5731944299de7c6437a6131059eb493c9b1b68e6,ce65c1fcc037d8ff6daed221fe963073b5b4f2542a1fed5777cf707f012dccf4,ecc6e840bc55a0abcc430404201fc74bf9f803cd55a8821d3cfa11a734fcf90e
1067,HTO,HTO,2025,Q1,2025-03-31,37898,UNRESOLVED,0000766829-25-000035,2025-04-28T21:15:50Z,8-K,sjw-20250428.htm,https://www.sec.gov/Archives/edgar/data/766829/000076682925000035/exhibit991-1qtr2025.htm,STABLE_APPROVABLE,ea28d203681fa6c331ef3ef1741d80908f7520fd1c3924e9703284c313614657,f4fada888c545afdca069386af27ba38f559410713d22863240eaa3f44e6ab2f,770d18609e435e50a870f2c917d4035d6719aa6a9f1e5bad175835aa36d29d29,a61075524c5ce2a9728623fe19ab8d078ec258082d01720dafcac96e3eafe9b7,b2fdd7626d25dd29cdd24a2ae76d83c895da1096d83b89de3c00df45da1e0af8
1103,IEX,IEX,2025,Q3,2025-09-30,39239,NOT_FOUND,0001628280-25-046909,2025-10-29T11:08:27Z,8-K,iex-20251029.htm,https://www.sec.gov/Archives/edgar/data/832101/000162828025046909/iex-20250930xex991.htm,STABLE_APPROVABLE,ea28d203681fa6c331ef3ef1741d80908f7520fd1c3924e9703284c313614657,edbe346bbdec8df9472f709ca3ca7bd62c64af8b0459e9b1dbac6b1a6e874c60,a4e3cb144bc44de2fb85b78f1e92f24885a44178e26125dde4899792d45d2099,9aae2f2f5619924aeb95a2472794f6f3a45485578aeed5774407d058b4c70eca,a40df67e02ab5ebb017e58d523fbcd7dc07546668a716a2c58a8c32ed8a67ac5
1404,MELI,MELI,2025,Q1,2025-03-31,50040,UNRESOLVED,0001099590-25-000025,2025-05-07T20:01:57Z,8-K,meli-20250507.htm,https://www.sec.gov/Archives/edgar/data/1099590/000109959025000025/meli-20250507xex991.htm,STABLE_APPROVABLE,ea28d203681fa6c331ef3ef1741d80908f7520fd1c3924e9703284c313614657,548e46cb68feca7d7078d5dc68d123bebe021d3b03adf2d56128cfaa4cd9b6a0,73192b263aea8a9b92f482ca7ce1706f4dc3f06c6add80cb41ca4109f8c7cc1e,748566267b8aa977807b532c195272cebe06c6c193ed0edff8809098389b48be,769b225b589805e2379910c2a75bf5ebabd63f50a08f32302a6d133f19ac18c8
1404,MELI,MELI,2025,Q2,2025-06-30,50041,UNRESOLVED,0001099590-25-000041,2025-08-04T20:01:19Z,8-K,meli-20250804.htm,https://www.sec.gov/Archives/edgar/data/1099590/000109959025000041/meli-20250804xex991.htm,STABLE_APPROVABLE,ea28d203681fa6c331ef3ef1741d80908f7520fd1c3924e9703284c313614657,7efcbe8daa9c507f54150eadc4f645b721706752688b1ba38c94669a84979cc4,45c2b024a51683d55632bd7ccf891564c9bf2b082bf2e0c6a03138955875edb4,012a15f65baa1d22285cfe766d1d042988efcd43470476869f993aadcaf22822,084aca13809c34c383790719be9744e26a4185abb378049dfcced35b21e46a1d
1404,MELI,MELI,2026,Q1,2026-03-31,50044,UNRESOLVED,0001099590-26-000014,2026-05-07T20:00:57Z,8-K,meli-20260507.htm,https://www.sec.gov/Archives/edgar/data/1099590/000109959026000014/meli-20260507xex991.htm,STABLE_APPROVABLE,ea28d203681fa6c331ef3ef1741d80908f7520fd1c3924e9703284c313614657,bae6bd8ebcd1312c9d0bfb56ed1da97c69d4553f17b0f34a722df1def612af2e,8910ce9c4db65672c9d3bdbf5c4b438921dcbec828d8f937429bc5a465857214,81467a20a8663c3b664643ef111ea1811f4a298b01fb2b4d5d778fd21b40c89d,2067c57fb941e1fc660854b4f45882a1c1397c0dfca2f8c01eee6623ccf15996
1404,MELI,MELI,2026,Q2,2026-06-30,50045,UNRESOLVED,0001099590-26-000021,2026-08-05T20:00:58Z,8-K,meli-20260805.htm,https://www.sec.gov/Archives/edgar/data/1099590/000109959026000021/meli-20260805xex991.htm,STABLE_APPROVABLE,ea28d203681fa6c331ef3ef1741d80908f7520fd1c3924e9703284c313614657,071a9e7395e92d73f4e58e1d276fd577d6f6402547c4d675d25c8462824335f0,e7d4c1b579f6ba85718c7c192f4b6764701617ded8c947f333bcde19b752fb24,06ff56e079d0c68e75e3938f81150b8f0a4bdb6d125796cd6e9319fc3619746a,a151c16195e2673ee585c89038e75504baa5396ee5ccd541c4fc311bf0e7f41d
1443,MNKD,MNKD,2025,Q1,2025-03-31,51444,UNRESOLVED,0000950170-25-066426,2025-05-08T12:08:08Z,8-K,mnkd-20250508.htm,https://www.sec.gov/Archives/edgar/data/899460/000095017025066426/mnkd-ex99_1.htm,STABLE_APPROVABLE,ea28d203681fa6c331ef3ef1741d80908f7520fd1c3924e9703284c313614657,72f2302fd73509116939e96ec35e74b499d2b6213835a69ff01e775a5e037e47,527f915b99508edb80393cbae4cf10468eaea82a739aea05232286c16bb257c3,6e68d58adda1378626bf9836a1de3b496845acb0e49ccf712310861d8170e9c0,f8786e68d4b3bd96926757354ca5911fb638e4e60ef536124bf573bfc9699527
1457,MPAA,MPAA,2025,Q1,2024-06-30,51924,UNRESOLVED,0001140361-24-036287,2024-08-08T11:59:11Z,8-K,ef20033577_8k.htm,https://www.sec.gov/Archives/edgar/data/918251/000114036124036287/ef20033577_ex99-1.htm,STABLE_APPROVABLE,ea28d203681fa6c331ef3ef1741d80908f7520fd1c3924e9703284c313614657,bd989942531d4bd78c27da786d9c6efd4e498ce6661126cc1dcdb5066c8aa29f,7ec1f7e7f0d99d2b7a3366e5faad3f0908535b50394cdd419a73ed2bb5f6f173,e2923f11f15c407e76fc4f3fc66fde0658e0d169c25662e4ffba53fa48c2766a,aad91a8f5eb8cf99f2ea3e61b4c0e32ad54791dddef0352f80792d4809019b2f
1457,MPAA,MPAA,2025,Q2,2024-09-30,51925,UNRESOLVED,0001140361-24-046024,2024-11-12T12:58:16Z,8-K,ef20038262_8k.htm,https://www.sec.gov/Archives/edgar/data/918251/000114036124046024/ef20038262_ex99-1.htm,STABLE_APPROVABLE,ea28d203681fa6c331ef3ef1741d80908f7520fd1c3924e9703284c313614657,9e216557eab86e89ef162ec3bf4686d218ec2421d0a81ed57958be424419d5b1,823db11e06062b83498da6b1a6e9357c8a22ed154daddaee923a6263c3ffe6fc,473c7ffa5882dfe17c9c658a1e50e11877b9ebcd8b6e36966b3cd8cdc56889e1,af1607da6a3c14ef723ec8b03553a25dad94da1658c6a724dfbe357ee8fe4b97
1457,MPAA,MPAA,2025,Q3,2024-12-31,51926,UNRESOLVED,0001140361-25-003643,2025-02-10T12:58:17Z,8-K,ef20042936_8k.htm,https://www.sec.gov/Archives/edgar/data/918251/000114036125003643/ef20042936_ex99-1.htm,STABLE_APPROVABLE,ea28d203681fa6c331ef3ef1741d80908f7520fd1c3924e9703284c313614657,c61acedd001f254e73cc2246949c96292552db721a6d7e3003253f27a7ac7e79,5b8676c15d4f3837e9a6c376620347a0248f443980eaf5594e6878c354d6c341,4c7c08649a256d80e5f1145124b7cff239459226fbbc3f7de51eb8cdadddd32c,c810bb23af01fa4dd25142f2b1a8c917189e3b4f83e03f535db10d2e7ff4ba53
1487,MTRX,MTRX,2025,Q1,2024-09-30,53034,UNRESOLVED,0000866273-24-000112,2024-11-06T21:17:26Z,8-K,mtrx-20241106.htm,https://www.sec.gov/Archives/edgar/data/866273/000086627324000112/a093024ex99earningsrelease.htm,STABLE_APPROVABLE,ea28d203681fa6c331ef3ef1741d80908f7520fd1c3924e9703284c313614657,5fdbb1f3a9fc8ddd4745f3d23619b0af30f4ba090f8cbb187033d7df6bb9b1f6,ea2df02df3842e32f0120c1a555daef0122543a2b2fe6133751b5cdc2f3de246,3a53812165ba891ce032f493188f2017595b1442d3f679ac6df15a1880c8f827,20bab4040c62f383d8d221554512efb456cd1532969964a9aa6fc76a0ddb6abf
1487,MTRX,MTRX,2025,Q2,2024-12-31,53035,UNRESOLVED,0000866273-25-000013,2025-02-05T21:40:10Z,8-K,mtrx-20250205.htm,https://www.sec.gov/Archives/edgar/data/866273/000086627325000013/a123124ex99earningsrelease.htm,STABLE_APPROVABLE,ea28d203681fa6c331ef3ef1741d80908f7520fd1c3924e9703284c313614657,0081ae2dfeea394562537c5ee377f5ae0b3215fb554a095ff2a2686ddd796b24,8556999a50b98bf3f29d689c79b3989c2e5c2df182f31c0e535c3359d1f268e6,7ae6e7a93e47fbf148b078a5c2f71526e8830ff8069562d764b1223a4c5f93b2,9fdff9d6231f0e39e990e0c8fc87c4d18363065b038393df04e933a0a4191c48
1487,MTRX,MTRX,2025,Q3,2025-03-31,53036,UNRESOLVED,0000866273-25-000027,2025-05-07T20:13:36Z,8-K,mtrx-20250507.htm,https://www.sec.gov/Archives/edgar/data/866273/000086627325000027/a033125ex99earningsrelease.htm,STABLE_APPROVABLE,ea28d203681fa6c331ef3ef1741d80908f7520fd1c3924e9703284c313614657,ea376fa47efb080b2c19b2016af47a0cae9e66c32c3d5e0d1bfb9218de8af8b4,3f9fe900e0c0d247c85c4b5d76013edcb0238609cc23702bb0195246393009e3,11c894cab99de8ae6e60151898d1f4e1bbdd176af3799a971c6473246719a8bc,6742653b44182099f844ceaca8482382855daf7c6ac80671cae6a80cbaed7fa4
1487,MTRX,MTRX,2025,Q4,2025-06-30,53037,UNRESOLVED,0000866273-25-000066,2025-09-09T20:19:50Z,8-K,mtrx-20250909.htm,https://www.sec.gov/Archives/edgar/data/866273/000086627325000066/a063025ex99earningsrelease.htm,STABLE_APPROVABLE,ea28d203681fa6c331ef3ef1741d80908f7520fd1c3924e9703284c313614657,c42f798fd48a3322be00108cc15a73f8bdb28467589946485be88d86b225e6a7,2685e2de0b4ee5e293f048d293cd8dbb707c5a06cc0ad000515b33b9a62136d2,8bc670884ded805bbb7743c14867f4b36e34e15c58042277931979334e58de25,cb8bb5418af41057053f847774c4b473e06549206dc1af48ff4c0c56cb492868
1487,MTRX,MTRX,2026,Q1,2025-09-30,53038,UNRESOLVED,0000866273-25-000098,2025-11-05T21:53:49Z,8-K,mtrx-20251105.htm,https://www.sec.gov/Archives/edgar/data/866273/000086627325000098/a093025ex99earningsrelease.htm,STABLE_APPROVABLE,ea28d203681fa6c331ef3ef1741d80908f7520fd1c3924e9703284c313614657,6ff139a85d6e8c35bec2689195f0b41f0feb97045de69a274de0eb10af7fa70b,14cd933dddd7cf1235acbe41605bc6f5d3d11bd435439a312a24984efd0c7c96,68d2c08e46b8de298066eb2781fd0c0b2c95d9c407e9fc032b767139f76e6be3,c4057c558ac14c17e2bd2bb64702488a0b7595b8414a17fc08c45a9bfb5e7a33
1487,MTRX,MTRX,2026,Q2,2025-12-31,53039,UNRESOLVED,0000866273-26-000012,2026-02-04T21:50:17Z,8-K,mtrx-20260204.htm,https://www.sec.gov/Archives/edgar/data/866273/000086627326000012/a123125ex99earningsrelease.htm,STABLE_APPROVABLE,ea28d203681fa6c331ef3ef1741d80908f7520fd1c3924e9703284c313614657,47913d087da66cdf7436e044dd6cb7ebfa10d03c5a5298665416326c56970837,79ad6931da9e6aeb6becf7f7bb2dd0726a17da23c9c59b567dd56d2b760059cb,214bca414d2e3045789ac5da6c8b4ef5438879e3b87650beae63832519f684e7,c4975c8018b213ff8057caa501403eeb1a118b167cfc3ffb28d434448568435b
1602,NX,NX,2025,Q2,2025-04-30,57074,UNRESOLVED,0001171843-25-003726,2025-06-06T00:17:35Z,8-K,f8k_060525.htm,https://www.sec.gov/Archives/edgar/data/1423221/000117184325003726/exh_991.htm,STABLE_APPROVABLE,ea28d203681fa6c331ef3ef1741d80908f7520fd1c3924e9703284c313614657,0334ac8ff51babcdd085882afa1500d3a2b064d01cf251200b6b4e333d5a88ec,c8cf7bb0dd371e31ad07568d337316c49fae13384c58b414ca53e2395c8833ee,0fd2d717fb43563b6ca47d2b0f978817469b2ecc0c7242851c2782a43496f28d,1ee09ec21a7b35b5bc7550b0cac57df07daf0e17586cf51030a60169aeb0c6ff
1602,NX,NX,2025,Q4,2025-10-31,57076,UNRESOLVED,0001171843-25-007891,2025-12-12T02:17:27Z,8-K,f8k_121125.htm,https://www.sec.gov/Archives/edgar/data/1423221/000117184325007891/exh_991.htm,STABLE_APPROVABLE,ea28d203681fa6c331ef3ef1741d80908f7520fd1c3924e9703284c313614657,8317a626cc460efa9321c3e0f11f50f43a87e9059867deaeaa13ed8d6461fc67,89a65aa4a7af464f9c32f0129eaf01565f3af45b992e41ca98bdafc5a7549c84,af421ce4c4c522fbbe0609601a3d0998c65fb2a2f30d87d95d61af3b2d98797c,259abe4434fb9da0d3e087c090bf1c08f5062e2f2a9fc5b8c0ca2a8233e31f9d
1602,NX,NX,2026,Q1,2026-01-31,57077,UNRESOLVED,0001171843-26-001364,2026-03-06T02:17:28Z,8-K,f8k_030526.htm,https://www.sec.gov/Archives/edgar/data/1423221/000117184326001364/exh_991.htm,STABLE_APPROVABLE,ea28d203681fa6c331ef3ef1741d80908f7520fd1c3924e9703284c313614657,6e2e199adbf6abc45c13a9a48692eb26d06259a0bbf2d13b8ac9ff30f6085b77,420831cab508108887854fe3d374bae0659f9b4f373174e0c11fb9eeada16cc3,6e7dbcfcb4806e0beefca7b6e85996e8f3c521ea4cffa5f15fc457e8fd7370d4,cf30315f153117eaef965a986ef0b0e5f4808710c9710a305a77c388235e4cdc
1772,PPC,PPC,2025,Q1,2025-03-30,63225,UNRESOLVED,0000802481-25-000059,2025-04-30T22:52:27Z,8-K,ppc-20250430.htm,https://www.sec.gov/Archives/edgar/data/802481/000080248125000059/a2025_q1ppcex991earningsre.htm,STABLE_APPROVABLE,ea28d203681fa6c331ef3ef1741d80908f7520fd1c3924e9703284c313614657,90b2adbc81a62295b4ec4229f9639f1d6a37c49a38e2b5da85b33261edbfd3aa,ff25ac9b2e86dcc852d18f5044107c751a3e5e20ff78ced549c69056a714a93c,b77e3de489ac8c7ac3d85a8c95a94ba898d037bbc58393e70a10aa1a5c09a1cc,922aa0d25e42ba16303e30da76ad01c5b200fc771f69da325d26a730b52c132a
1772,PPC,PPC,2025,Q2,2025-06-29,63226,UNRESOLVED,0000802481-25-000108,2025-07-30T22:27:49Z,8-K,ppc-20250730.htm,https://www.sec.gov/Archives/edgar/data/802481/000080248125000108/a2025_q2ppcex991earningsre.htm,STABLE_APPROVABLE,ea28d203681fa6c331ef3ef1741d80908f7520fd1c3924e9703284c313614657,413986aa2593b169436ebd6866ca866bf845b4e145a95c51f4638121e2fdfb50,53537090c0ced0c6b13a2ec413b2900534acdda8553cb51b863fd735bd69bf74,27a0fd9595df838bdecb84a5f67c7a7b062a19420efc73e26e97586c52014fb9,faa314fa24fed9897ed4efefb89b60d3b3895aa892c84d83ff7d5be7ce542367
1826,QCOM,QCOM,2025,Q1,2024-12-29,65076,UNRESOLVED,0000804328-25-000010,2025-02-05T21:04:42Z,8-K,qcom-20250205.htm,https://www.sec.gov/Archives/edgar/data/804328/000080432825000010/qcom122924erex991.htm,STABLE_APPROVABLE,ea28d203681fa6c331ef3ef1741d80908f7520fd1c3924e9703284c313614657,926249c5849e875aad8392f86f1994f9b119540f525ab84e12ad15396eebfb82,81825f43a1230710af388c6405a87d206a604d2fb65dfc0b9b64a7a84066e77e,702cd11ea45c1a38b3b692deb8f807af4356e2cfcfbdb44e9b1b432ea6dd3b30,a62a6a127fc7747957ad2d01e7f63d27f0a99558961087dd71ff3a59c522242b
1826,QCOM,QCOM,2025,Q2,2025-03-30,65077,UNRESOLVED,0000804328-25-000029,2025-04-30T20:04:10Z,8-K,qcom-20250430.htm,https://www.sec.gov/Archives/edgar/data/804328/000080432825000029/qcom033025erex991.htm,STABLE_APPROVABLE,ea28d203681fa6c331ef3ef1741d80908f7520fd1c3924e9703284c313614657,b25600a9359350c7e1265f80cbc0b7ef4feaa9dab3e244ed42375ae47066be08,2b30be8da62a9e38c17404704d2cd8f2c7fc8092e334ae0d5a3dabcd12c557a2,edd2c6a6b0085739b89568827f0f713d1d43674ed1684cc58d95bf5ca111658d,da4fa290330111ef29dd47160977d8e5c406dfabeeb8762c73647823121d6e2f
1826,QCOM,QCOM,2026,Q1,2025-12-28,65080,UNRESOLVED,0000804328-26-000016,2026-02-04T21:00:59Z,8-K,qcom-20260204.htm,https://www.sec.gov/Archives/edgar/data/804328/000080432826000016/qcom122825erex991.htm,STABLE_APPROVABLE,ea28d203681fa6c331ef3ef1741d80908f7520fd1c3924e9703284c313614657,d30ae59aaf30020d02791d5e66fc0c1d435ab02bf1d45ad06fa7318854fd9eab,c28098943f80c0d2b25311989ddc77dce286c6e7edf87e6a9593e313e7a86a23,5032a167b893766e3fc1bec6d0220078bee5fbd667ae6bf45a263e1f99664cb7,262e4c7d3690d7cf61dc470c578d13737c42f7c372c5ef65ae75a82d751301ab
1826,QCOM,QCOM,2026,Q2,2026-03-29,65081,UNRESOLVED,0000804328-26-000060,2026-04-29T20:02:20Z,8-K,qcom-20260429.htm,https://www.sec.gov/Archives/edgar/data/804328/000080432826000060/qcom032926erex991.htm,STABLE_APPROVABLE,ea28d203681fa6c331ef3ef1741d80908f7520fd1c3924e9703284c313614657,1d735b9e8c21aaf94a96668b2b36d5b765e9c900188cf01f72f3b906de7e05b6,ad53e7c65501f9f370334c63089d480219622cf65c8f189a25cdb46b4ed193fe,9dd16c700c0d4d0fd133cf007430620040f22526249f099ddf53b62fd7c833ce,ee1fab290c45bc4c22bf79475e5f9332824391cafd2b228369366109350eb869
1826,QCOM,QCOM,2026,Q3,2026-06-28,65082,UNRESOLVED,0000804328-26-000085,2026-07-29T20:01:35Z,8-K,qcom-20260729.htm,https://www.sec.gov/Archives/edgar/data/804328/000080432826000085/qcom062826erex991.htm,STABLE_APPROVABLE,ea28d203681fa6c331ef3ef1741d80908f7520fd1c3924e9703284c313614657,a5825d89d08b2630c5d871eba3150ace16b81eed1cec3014341d16d2a8520b64,dcc88f3b6a93eb040e3c11524b0e7bd2925e074f866b08b259ec00064d770513,b514fe78f82626df8fa5bb5dbe2648f639e9f77e5780942f60bcc68d3ac8db07,db680e0189b346ec6b008c2ec28cf93ca458a61339f2b1605e13c29c373837e1
1861,RDW,RDW,2026,Q2,2026-06-30,66352,NOT_FOUND,0001819810-26-000121,2026-08-06T00:28:41Z,8-K,rdw-20260805.htm,https://www.sec.gov/Archives/edgar/data/1819810/000181981026000121/exhibit991redwire06302026e.htm,STABLE_APPROVABLE,ea28d203681fa6c331ef3ef1741d80908f7520fd1c3924e9703284c313614657,cbe175e4aba7b62c25a94d8d0141c7a0c72baba0fbe6827011cdbe4d37be9426,35872cc5291048440775cd376018c71fb6810738bca067622c901dc19b10187e,b25b99a93e598f935951ba2ff27d4484edf79b62d71f2d3544485202051b3da1,6f5bc64eeb691e1c4b8cd4dfb0e9e3a6a4ce99de73373de563310eead2435a55
1923,RRR,RRR,2025,Q1,2025-03-31,68561,UNRESOLVED,0001193125-25-109965,2025-05-01T20:10:06Z,8-K,d935648d8k.htm,https://www.sec.gov/Archives/edgar/data/1653653/000119312525109965/d935648dex991.htm,STABLE_APPROVABLE,ea28d203681fa6c331ef3ef1741d80908f7520fd1c3924e9703284c313614657,4bf7a653ca7aeab52abc72b2320a1fdd352f0c3b1b18d7af5c558ce18ba8b1de,cb1c47566ad7e90eaf9f9df2d46ff149b287fd9747f4e3481513ae51536d9512,363a30669e4bd96b6fe8d8a89515df51c7baede9f0b321f55c06acb1ec280a7b,c6cd9d6a199b9d2b9fc2b352d22664fb9134b903c44e7d3a60cf371c7641f6f8
1923,RRR,RRR,2025,Q2,2025-06-30,68562,UNRESOLVED,0001193125-25-167977,2025-07-29T20:01:29Z,8-K,d927857d8k.htm,https://www.sec.gov/Archives/edgar/data/1653653/000119312525167977/d927857dex991.htm,STABLE_APPROVABLE,ea28d203681fa6c331ef3ef1741d80908f7520fd1c3924e9703284c313614657,ff6b1160fd658a030028dfe353a13d31bbfdae3de0c197dd0210249f5d4ffec1,a01dc7555a81c1dd00588f02af4ae3bdb08755bb227c819954ac032aec151123,621357a72cc0360e8a46de75b04d9ccc697328798cfa91b7a167bc6e39ea9973,36e993b3d43f762db3ea9a851c513be5ef6b59aa88ed82d54b81d73d6c533057
1923,RRR,RRR,2025,Q3,2025-09-30,68563,UNRESOLVED,0001193125-25-253457,2025-10-28T20:01:12Z,8-K,d31085d8k.htm,https://www.sec.gov/Archives/edgar/data/1653653/000119312525253457/d31085dex991.htm,STABLE_APPROVABLE,ea28d203681fa6c331ef3ef1741d80908f7520fd1c3924e9703284c313614657,b2b925a7484da151f57a30ec58b0f00ce8454fe5faf8107a2cf1e560f3856d8a,bc5235e41f92fbf2022afa29e3d1ce0b8c929b9d02bf47ebf714e460b74f5b21,0bcd1bc72ed40bf48ec7cd179b22a43fd29733e19129a8fa9725ecfcf01af731,acef49227787cb055cdc11979bc56690b9a18a4d2d3e90bda566041a9e626d02
1923,RRR,RRR,2025,Q4,2025-12-31,68564,UNRESOLVED,0001193125-26-044612,2026-02-10T21:01:18Z,8-K,d72367d8k.htm,https://www.sec.gov/Archives/edgar/data/1653653/000119312526044612/d72367dex991.htm,STABLE_APPROVABLE,ea28d203681fa6c331ef3ef1741d80908f7520fd1c3924e9703284c313614657,6118afb8966f1e45b5be19a36e391b8d2ae6e3891b1135562f09603b218cc34d,763012d17fd52009b909ec4fe119cd35d2ea368941b2c535819b111a8b8336b5,26c0b4b6e3a5bf8b3d64b897af4bf77aca0e5730bc6c6cc93feca459e6503f70,aa81c3e948648bac33d11288a2eeaba7b4bc60f1f1273bbbf143a336607176b7
2050,SOLV,SOLV,2025,Q1,2025-03-31,72833,UNRESOLVED,0001964738-25-000049,2025-05-08T20:13:51Z,8-K,solv-20250508.htm,https://www.sec.gov/Archives/edgar/data/1964738/000196473825000049/q12025-8kerexx991.htm,STABLE_APPROVABLE,ea28d203681fa6c331ef3ef1741d80908f7520fd1c3924e9703284c313614657,24c68d2e8eae92f41c0883f0fe72b66c797e5da43d3f60a88c2db23a11dc5457,1a6c436a9a52d38434ed4e37457fcf82629963e362523f5ba0c928786f845150,6a6f05f8cacd5d2c895cee68f4d9dfeb051bf80bca6c5bd7976b0b1769d15b7d,f08a8e64704d28bacf51ab471f525190b2c6e8ccd0e118f35cb4ca933f7e3ed9
2050,SOLV,SOLV,2025,Q2,2025-06-30,72834,UNRESOLVED,0001964738-25-000062,2025-08-07T20:12:27Z,8-K,solv-20250807.htm,https://www.sec.gov/Archives/edgar/data/1964738/000196473825000062/q22025-8kerexx991.htm,STABLE_APPROVABLE,ea28d203681fa6c331ef3ef1741d80908f7520fd1c3924e9703284c313614657,3b27bec4fa4b7119e19b89351a4fbe05cf0ca06902e903f6b00e8887e7605928,0c5366941642f68aeb85c52a9e37cf130027fcec0b02e6e2d90de88e085ae01a,75413853b24d1760343a4fa02203a17737b0fab46a658b08425b023eeb611188,35254845802f0a81e1c1fb838ee1ca97953ba1e4eb175c52b9e002ad987d27dd
2050,SOLV,SOLV,2025,Q3,2025-09-30,72835,UNRESOLVED,0001964738-25-000089,2025-11-06T21:11:32Z,8-K,solv-20251106.htm,https://www.sec.gov/Archives/edgar/data/1964738/000196473825000089/q32025-8kerexx991.htm,STABLE_APPROVABLE,ea28d203681fa6c331ef3ef1741d80908f7520fd1c3924e9703284c313614657,495fff842fbe6d7d111bd919635a7d10c3894435eba01b2373f3f3b76649a941,14fef6abbe066943000d831f4796a786c11fbb8f663f9b7745e7e02037ea312f,2df05e9175c65ca8fb1d3839ac8e30dbc674eec2bb8b7e14771725f10284d0d0,f76b80f774208b2d205b804255ab500f383aefe14bb5ffabe963077cdb23de8e
2050,SOLV,SOLV,2025,Q4,2025-12-31,72836,UNRESOLVED,0001964738-26-000005,2026-02-26T21:08:05Z,8-K,solv-20260226.htm,https://www.sec.gov/Archives/edgar/data/1964738/000196473826000005/q42025-8kerexx991.htm,STABLE_APPROVABLE,ea28d203681fa6c331ef3ef1741d80908f7520fd1c3924e9703284c313614657,f37a030ccb1d7287445a1775957bf26a4507a212cf33fed1341c1d3dc680ecac,a35545e4c85154274c37a25f6d18fd7727206a2ea178dde1261ac1017dddf58d,8aecf4460df6d8356607a407acf2ffd2f986309819071d422b4660d26e4a966f,ce36a5be6fb7a65ca324b55fdf86c673ba99661ace8ff11f9f2f3a5a88f6c250
2050,SOLV,SOLV,2026,Q1,2026-03-31,72837,UNRESOLVED,0001964738-26-000022,2026-05-05T20:08:36Z,8-K,solv-20260505.htm,https://www.sec.gov/Archives/edgar/data/1964738/000196473826000022/q12026-8kerexx991.htm,STABLE_APPROVABLE,ea28d203681fa6c331ef3ef1741d80908f7520fd1c3924e9703284c313614657,694e693af2e75e076fd13757ed857bdd451cf9fa52435a64f5d0a600ff620767,697a6577fda6f861e2c2210b7b0637c908987496525a7c7e490786bb37b58ce1,e7ad900cc6f6e9083c228e6934d765ddd2453974274b0a48d0759aaa97cff685,9d31a3322d9bc529860b76337ec6b6b144eaefaea2e826729e9b46040479f568
2050,SOLV,SOLV,2026,Q2,2026-06-30,72838,UNRESOLVED,0001964738-26-000045,2026-08-05T20:17:48Z,8-K,solv-20260805.htm,https://www.sec.gov/Archives/edgar/data/1964738/000196473826000045/q22026-8kerexx991.htm,STABLE_APPROVABLE,ea28d203681fa6c331ef3ef1741d80908f7520fd1c3924e9703284c313614657,92e5eba1572922a29ec9614afd46873567cad48af0f2acf138d12c5b4c168901,a61e05170e0ec17cdf033e2c20b4f639d67bd515d8291dd7dea04bfc6f2c1cc9,49777d1d93ff37b03eefe2d36f04a747b0646bf381319b033064d0086282b905,66cfc0634ed60f67db5e5b649fff782a019b1deb921c0cdf54e436c912d9398a
2110,SWBI,SWBI,2025,Q2,2024-10-31,75010,UNRESOLVED,0001193125-24-271518,2024-12-05T21:08:32Z,8-K,d915227d8k.htm,https://www.sec.gov/Archives/edgar/data/1092796/000119312524271518/d915227dex991.htm,STABLE_APPROVABLE,ea28d203681fa6c331ef3ef1741d80908f7520fd1c3924e9703284c313614657,f1eb41751d643b04d2d4f5434c7df55839fc2783ee707774821751c908218a0f,eb6025d152b9ce32e2bc60b59ecb00efd2a8e222a0d50ee02fdae85f70c9d90d,f071468fa05a5a4a72ec6103fc6f44837a5d2e2e95ef9a25ddfb30171b8d987e,44ee4c93b0bd981bd9b23355eaaf4c91c808dbdac0584a2e13b0c60652294b53
2110,SWBI,SWBI,2025,Q3,2025-01-31,75011,UNRESOLVED,0001193125-25-048413,2025-03-06T21:05:38Z,8-K,d894656d8k.htm,https://www.sec.gov/Archives/edgar/data/1092796/000119312525048413/d894656dex991.htm,STABLE_APPROVABLE,ea28d203681fa6c331ef3ef1741d80908f7520fd1c3924e9703284c313614657,5a9f64598f48909d622b9ed9c2aee60a888c995c746f4214b25fabbd5c9bdcf9,fdd05460442c4fcdfacb50691627c10ded2c8db5869525f338268f99a14bbe13,29f1a63bbed450b1fc0ca44ae98d4bd3fbed27a91c0ea494f64555ffb7d21d94,308548c4fad7f32798333ca3ae1f21c3fa2ced419c2120d130de58de51c1dd93
2110,SWBI,SWBI,2025,Q4,2025-04-30,75012,UNRESOLVED,0001193125-25-142704,2025-06-18T20:05:38Z,8-K,d19177d8k.htm,https://www.sec.gov/Archives/edgar/data/1092796/000119312525142704/d19177dex991.htm,STABLE_APPROVABLE,ea28d203681fa6c331ef3ef1741d80908f7520fd1c3924e9703284c313614657,a9a5282008971c6f74e70a7ada6141953a8c3d4ce17456a39cae8e943deffd16,294050a0a50e281cd470fd9134f79bcbffc2baba519fc34a13232f59bd7f7617,56c6737ef801a360d2038821935993ca183589eca26821b5975df357e1f03091,92af7f2dff05386542ebe73b03dda6d4ff08ed79d46f8906f619900c25ae9a3e
2110,SWBI,SWBI,2026,Q1,2025-07-31,75013,UNRESOLVED,0001193125-25-196031,2025-09-04T20:06:24Z,8-K,d24388d8k.htm,https://www.sec.gov/Archives/edgar/data/1092796/000119312525196031/d24388dex991.htm,STABLE_APPROVABLE,ea28d203681fa6c331ef3ef1741d80908f7520fd1c3924e9703284c313614657,6c992841d3077d32203a09f2934629bb26b85e62755c993e2b51dbd62288e6ec,fbd30338c4442b83e870f564cff30604648d8a85578894d0dcbfbf251c7b5888,227d9faa3ae1b8a08f888580c6c2840a038c4983ae949f5f4a5d476886bf0e06,3780909fa8a02ad8922a0dd10a49ac1962faa7a6979e48498240406c3a96cc85
2110,SWBI,SWBI,2026,Q3,2026-01-31,75015,UNRESOLVED,0001193125-26-093923,2026-03-05T21:05:58Z,8-K,d120095d8k.htm,https://www.sec.gov/Archives/edgar/data/1092796/000119312526093923/d120095dex991.htm,STABLE_APPROVABLE,ea28d203681fa6c331ef3ef1741d80908f7520fd1c3924e9703284c313614657,6421dd507ceb18637e010ebe99e24c08adb50e3efffef90cecafee975eb34ca8,28e45a4d8d4f5c3e330303f149a2772b5c15f993478af8f1109c6c96f50b233e,b26b49a5aee36ebdbaf2dd2772770b3907ca050577fd2d24636b5caf4eb071e2,4cd75a4d40bc6239682ec4812d2f4bd5a598d5908505e4124fb7b3aff3648fe7
2131,TBCH,TBCH,2025,Q4,2025-12-31,75743,NOT_FOUND,0001193125-26-104292,2026-03-12T20:35:25Z,8-K,tbch-20260312.htm,https://www.sec.gov/Archives/edgar/data/1493761/000119312526104292/tbch-ex99_1.htm,STABLE_APPROVABLE,ea28d203681fa6c331ef3ef1741d80908f7520fd1c3924e9703284c313614657,8c78329ba429ed259f413c7bd46df35b0b0b52025bbe2a85a387e6ac6f4cc1c0,c5340f2c04e4756eb52e82ad825d85d8e01f1b946f429d9b7d6b4091cc3d5f04,6846296f5e194ffada0c3c603c723989398d13afcf35dae65a24f808f8a14e6a,f2338de23aba3a1ce7942cee2202f19a0c9b76b47549edeff9467c51c874174d
2131,TBCH,TBCH,2026,Q2,2026-06-30,75745,NOT_FOUND,0001193125-26-338051,2026-08-06T20:15:24Z,8-K,tbch-20260806.htm,https://www.sec.gov/Archives/edgar/data/1493761/000119312526338051/tbch-ex99_1.htm,STABLE_APPROVABLE,ea28d203681fa6c331ef3ef1741d80908f7520fd1c3924e9703284c313614657,1c4475c98c9e3ede8aacb7d169b71343852a9171a8cda882f061e7066b8cb580,357289038fa688be45537d68b0f9e8d5b2518d6cf2096cdb89762f590fe0e4c9,2802cc9226edd068d2d29f0568e7e607a86a6502e6a6dd909f914ac1e13b7d69,f587a15f2b1eaf56908a1e6139f1f49d605e2dc23874988d0826489d896f1c2d
2180,TNC,TNC,2025,Q1,2025-03-31,77427,UNRESOLVED,0000097134-25-000011,2025-04-30T20:46:34Z,8-K,tnc-20250430.htm,https://www.sec.gov/Archives/edgar/data/97134/000009713425000011/tnc-20250501xexx991.htm,STABLE_APPROVABLE,ea28d203681fa6c331ef3ef1741d80908f7520fd1c3924e9703284c313614657,97f6ddc6289b2fc44bc660560257b83b684d23fad8f393ddc42d1131352b5479,d8cf56394d9ebef9f185640ba1742ea10b29b6036e89f5420f2df265fc0a6f0a,a362a170fb8c19d4b2c3745478c6050eabeca983784c27fd83407a9566f11887,f4567f9e6eb014d7f5d9ffbf4bab644b958141a451d890b97ba31a98602c7f3c
2180,TNC,TNC,2025,Q2,2025-06-30,77428,UNRESOLVED,0000097134-25-000024,2025-08-06T20:39:24Z,8-K,tnc-20250806.htm,https://www.sec.gov/Archives/edgar/data/97134/000009713425000024/tnc-20250807xexx991.htm,STABLE_APPROVABLE,ea28d203681fa6c331ef3ef1741d80908f7520fd1c3924e9703284c313614657,d1fd7b492059887df46a0e987c8c5e3bd3414ff07467187b733a088d8feaab08,2ee9eb55ed36a192e1aae3094a22b6ce7ca13cd0229b89776515e990f60c4a1e,f41633a02908517fff9c2a314d6a9ec45212bcd52d54592b8db73447c5a2d9f6,6e4dbfc6913001ee9c53d3193a60f762a74a6069fa8e33624ee3eabcc8f169ff
2180,TNC,TNC,2025,Q3,2025-09-30,77429,UNRESOLVED,0000097134-25-000034,2025-11-03T21:19:11Z,8-K,tnc-20251103.htm,https://www.sec.gov/Archives/edgar/data/97134/000009713425000034/tnc-20251103xexx991.htm,STABLE_APPROVABLE,ea28d203681fa6c331ef3ef1741d80908f7520fd1c3924e9703284c313614657,3aebc8c5d16c7297c5d6c15a976fd42564d20aabdaf22333502864fbd3b0bc7f,f02c3dc48a46804f65a4b3995b797a388eeb1b4760b49946aab941f6fa57b292,95879427a8521b8edd513d5ace11480875a8806cbe541eb6160d2e87bca261c8,bd92aabbc67ac28f3376ea2f2e569905f0a014151e6e361386f776ff7237673d
2180,TNC,TNC,2026,Q1,2026-03-31,77431,UNRESOLVED,0000097134-26-000012,2026-05-04T20:57:59Z,8-K,tnc-20260504.htm,https://www.sec.gov/Archives/edgar/data/97134/000009713426000012/tnc-20260504xexx991.htm,STABLE_APPROVABLE,ea28d203681fa6c331ef3ef1741d80908f7520fd1c3924e9703284c313614657,4555fb2970bd23606beae603720cbf3c17ef81ce7cb36f95dfa851b3c315d87e,094fd1f425ce6e8f468982dee701486d01d3d6d7e5abb5943a3d2305e5cac71a,c56796b421e6a8449d3d274e8c307e58422de4a09407a95a878441c12d0b9212,34972d7d0998775dfd638ef8c112c78ca596c1a436f9e4034e82da69d4a825ac
2180,TNC,TNC,2026,Q2,2026-06-30,77432,UNRESOLVED,0000097134-26-000022,2026-08-05T22:41:48Z,8-K,tnc-20260805.htm,https://www.sec.gov/Archives/edgar/data/97134/000009713426000022/tnc-20260805xexx991.htm,STABLE_APPROVABLE,ea28d203681fa6c331ef3ef1741d80908f7520fd1c3924e9703284c313614657,b6ea4d980f732fcd8ac9f520c4c877596fbc9110909461796b3139bfdf994c55,0b01fbc33ff9e5a191f6edfe1d297d79f3d00afcee533ee7dcbb512200ef4e85,7a69b7e07fffb9d3d5d43f043956cc7f72fda5f6a73c64383ebd92047b3b39e6,ce98f76c98987c378c90c64478396be0139491e36737c219b087a1fd040628d9
2283,UTI,UTI,2025,Q1,2024-12-31,81208,UNRESOLVED,0001261654-25-000003,2025-02-05T21:10:20Z,8-K,uti-20250205.htm,https://www.sec.gov/Archives/edgar/data/1261654/000126165425000003/exhibit991-q12025earningsp.htm,STABLE_APPROVABLE,ea28d203681fa6c331ef3ef1741d80908f7520fd1c3924e9703284c313614657,3f0aa7d49b80d673f02a6bc883ae18417969a05a10eff95dada971aa01f3a2c4,9f209fda9d256eeee6fd647f8faaedd238ee30fe395f30a2f960dc179be6ad0c,c07c36995c144656c39c13f071047568829dfd8d29d561059372acf5a1916877,a365f9bf94bff9fab2787e70a80978cd25d57ecddb30de9fb1a78c22323f5f68
2321,VPG,VPG,2025,Q4,2025-12-31,82564,UNRESOLVED,0001437749-26-003697,2026-02-11T11:20:35Z,8-K,vpg20251030_8k.htm,https://www.sec.gov/Archives/edgar/data/1487952/000143774926003697/ex_880014.htm,STABLE_APPROVABLE,ea28d203681fa6c331ef3ef1741d80908f7520fd1c3924e9703284c313614657,90a9d23440d51f9b0855006695188f7770d2305b6aa4c78b30bd440a5cac1155,eefd336e4726a3f9a011e0d59c24900476f8cc5ae3bc75259943f2f777101e47,19212d1300f731ab6f9b17eca288d5de515dca6074d7b283a2cc9d1adbc20961,56929968d91f5c5db893724daa02756672c1b8f2392e16cca53b3a199a7c58ab
2400,WST,WST,2026,Q1,2026-03-31,85524,UNRESOLVED,0000105770-26-000047,2026-04-23T11:11:01Z,8-K,wst-20260423.htm,https://www.sec.gov/Archives/edgar/data/105770/000010577026000047/exh991q12026earningsrelease.htm,STABLE_APPROVABLE,ea28d203681fa6c331ef3ef1741d80908f7520fd1c3924e9703284c313614657,5a613bc6ad0fdf06a29f3cc4b490498e577b23d5b8f4b2ab9a93b6cd71bac4f3,5974dd4826211244b87840d4860afb526d5b15522d7980e1acc6828c22dbb32c,d0a384e88ee189ac123a260602346e7d0c37cde74d8ee4c3291303ecf2aec76b,b131d917afe9a692a99c71daa7a2a0ea310378fb265d51affcf7c27dc7169b0a
2400,WST,WST,2026,Q2,2026-06-30,85525,UNRESOLVED,0000105770-26-000097,2026-07-23T11:14:59Z,8-K,wst-20260723.htm,https://www.sec.gov/Archives/edgar/data/105770/000010577026000097/exh991q22026earningsrelease.htm,STABLE_APPROVABLE,ea28d203681fa6c331ef3ef1741d80908f7520fd1c3924e9703284c313614657,b4954ea87855c70d696fc443c7fd3b8ff746053d14f12c9d5901bd22a9d006b5,44bd2f59b80fb82bbe9b5db109f96b75f6946acbe2ebc9aad2b21f60ceb3102f,9ab2bb235ab770fe7d7032ebce1fe21c67e1746936a0cfc5f2ebc7ad2db42366,d358f077dadb3161d7854e06b34949bd8f5f2310fbc573a89f4c518992f1ff55
2435,YETI,YETI,2025,Q1,2025-03-29,86806,UNRESOLVED,0001670592-25-000022,2025-05-08T10:10:15Z,8-K,yeti-20250508.htm,https://www.sec.gov/Archives/edgar/data/1670592/000167059225000022/yeti-20250508xex991pressre.htm,STABLE_APPROVABLE,ea28d203681fa6c331ef3ef1741d80908f7520fd1c3924e9703284c313614657,bc180cf4fb8a4fa16d838ca26f68705a82740312da3e5b69afde2076285f712d,977427aa45e531fe495f2b34df7e1e0079d00548669b39cc2e98eb0359d08811,da2be2d8401f50cb9bdf6affbfd2af1eba7d67bb37698ea72e3acf14f8938b9d,5f898a5b1d0c2b8d9c8a0e09dfcbf0bf728f9c3c7923589d68d417a9c98fbdf9
2435,YETI,YETI,2025,Q2,2025-06-28,86807,UNRESOLVED,0001670592-25-000038,2025-08-07T10:04:51Z,8-K,yeti-20250807.htm,https://www.sec.gov/Archives/edgar/data/1670592/000167059225000038/yeti-20250807xex991pressre.htm,STABLE_APPROVABLE,ea28d203681fa6c331ef3ef1741d80908f7520fd1c3924e9703284c313614657,1f826c0a78a26b8abea4ead2d6535cbd69e51447146a1b873452d2447332ba9a,47bfc5db404fef314b7e0cf4f9e1f3a76512f8d443cbb1018715af6f0a47312a,2720e0de8b79a519899a64b1b05a930f4a71121dff4e7dd9fbd35fc6ebef814d,448998d26dd51427ea161a79de3c5adb1783767fc021e6aad96136c84e519064
2435,YETI,YETI,2025,Q3,2025-09-27,86808,UNRESOLVED,0001670592-25-000046,2025-11-06T11:03:29Z,8-K,yeti-20251106.htm,https://www.sec.gov/Archives/edgar/data/1670592/000167059225000046/yeti-20251106xex991pressre.htm,STABLE_APPROVABLE,ea28d203681fa6c331ef3ef1741d80908f7520fd1c3924e9703284c313614657,0f816f9ab703270e9007d261dd9f967ec868bc3d05359d72b263b3ba47f79437,15fe2722c01aa0cbe6b72fc84bf01ee5eec60327f74462af6eb62af50318ee38,b7e683a7f668f0e83fb6120ec95d41d13bc1f326088d6f91a7eefd3d93c201e3,59d15afa6d2197bb2f526fd15d620797ed69986277b4b8c63fe1b9208b1eedf9
2435,YETI,YETI,2025,Q4,2026-01-03,86809,UNRESOLVED,0001670592-26-000004,2026-02-19T11:08:48Z,8-K,yeti-20260219.htm,https://www.sec.gov/Archives/edgar/data/1670592/000167059226000004/yeti-20260219xex991pressre.htm,STABLE_APPROVABLE,ea28d203681fa6c331ef3ef1741d80908f7520fd1c3924e9703284c313614657,78d9fffc8fb87c95044f0fb5537b144a08cf93e34586940cb7feca38f8ccdfde,75539e14a5c16b5ba8e867e5c9593937d9f549a8d8c027d14ae8407edfb991c3,6faa1321706de02b5c1cff600a12be0186360666e706c8946a07649447bfc427,0bdb63e6740b59f311430cb4b5a5b8502f908654eec17700c8d333e55ee3edfa
