section,key,count
population,full_open,3352
population,recent_open,152
population,historical_open,3200
full_open_status,NOT_FOUND,1882
full_open_status,AMBIGUOUS,628
full_open_status,UNRESOLVED,842
recent_open_status,AMBIGUOUS,2
recent_open_status,NOT_FOUND,129
recent_open_status,UNRESOLVED,21
historical_open_status,NOT_FOUND,1753
historical_open_status,AMBIGUOUS,626
historical_open_status,UNRESOLVED,821
historical_age_context_days,>365,1285
historical_age_context_days,181-365,1141
historical_age_context_days,91-180,542
historical_age_context_days,61-90,232
primary_classification,CURRENT_RESOLVER_CAN_SOLVE,599
primary_classification,RESOLVER_GAP,10
primary_classification,TRUE_NO_PUBLICATION_FOUND,0
primary_classification,LEGACY_AMBIGUITY,630
primary_classification,STALE_OPEN_STATE,0
primary_classification,INSUFFICIENT_EVIDENCE,1961
primary_classification,OTHER,0
next_phase,L3_EVIDENCE_RESEARCH,1961
next_phase,L5_LEGACY_AMBIGUITY,630
next_phase,L1_REVIEWED_DETERMINISTIC_DRAIN,599
next_phase,L2_RESOLVER_RECOGNITION,10
source_family,8-K,2101
source_family,NO_ELIGIBLE_8K_CANDIDATE,829
source_family,6-K_METADATA_ONLY,268
source_family,8-K/A_REVIEW_REQUIRED,1
source_family,6-K,1
current_resolver_diagnostic,NOT_FOUND,1113
current_resolver_diagnostic,AMBIGUOUS,630
current_resolver_diagnostic,UNRESOLVED,574
current_resolver_diagnostic,VERIFIED,881
current_resolver_diagnostic,REVIEW,2
hypothetical,verified,13489
hypothetical,remaining_open,2753
