ticker,company_id,fiscal_year,fiscal_quarter,pre_status,current_60d_scope,authority_result,prepared,source_type,source_rank,confidence,selected_accession,selected_timestamp,review_reason,plan_id,plan_fingerprint,rehearsal_result,production_apply_result,post_status
HOLO,1043,2026,Q2,NOT_FOUND,INSIDE,WRONG_PERIOD,False,SEC_FORM_6K_RESULT,2,MEDIUM,,,WRONG_PERIOD,publication_form6k_plan_9fd0ad37d32e4db390929f2d22f5ed2e,7b7e09f3275cee515c41c20e290cd70a22abe5effbe0de4bb38dd6f8e3c72c12,PASS,HELD_UNCHANGED,NOT_FOUND
MLGO,1432,2026,Q2,NOT_FOUND,INSIDE,WRONG_PERIOD,False,SEC_FORM_6K_RESULT,2,MEDIUM,,,WRONG_PERIOD,publication_form6k_plan_9fd0ad37d32e4db390929f2d22f5ed2e,7b7e09f3275cee515c41c20e290cd70a22abe5effbe0de4bb38dd6f8e3c72c12,PASS,HELD_UNCHANGED,NOT_FOUND
NEGG,1525,2026,Q2,NOT_FOUND,INSIDE,UNIQUE,True,SEC_FORM_6K_RESULT,2,MEDIUM,0001213900-26-094402,2026-08-27T20:30:01Z,ONLY_QUALIFYING_FORM6K_RESULT,publication_form6k_plan_9fd0ad37d32e4db390929f2d22f5ed2e,7b7e09f3275cee515c41c20e290cd70a22abe5effbe0de4bb38dd6f8e3c72c12,PASS,VERIFIED,VERIFIED
SCNI,1965,2026,Q2,NOT_FOUND,INSIDE,WRONG_PERIOD,False,SEC_FORM_6K_RESULT,2,MEDIUM,,,WRONG_PERIOD,publication_form6k_plan_9fd0ad37d32e4db390929f2d22f5ed2e,7b7e09f3275cee515c41c20e290cd70a22abe5effbe0de4bb38dd6f8e3c72c12,PASS,HELD_UNCHANGED,NOT_FOUND
BABA,2465,2027,Q1,NOT_FOUND,INSIDE,REVIEW_ACCEPTANCE_TIMESTAMP_CONFLICT,False,SEC_FORM_6K_RESULT,2,MEDIUM,,,REVIEW_ACCEPTANCE_TIMESTAMP_CONFLICT,publication_form6k_plan_9fd0ad37d32e4db390929f2d22f5ed2e,7b7e09f3275cee515c41c20e290cd70a22abe5effbe0de4bb38dd6f8e3c72c12,PASS,HELD_UNCHANGED,NOT_FOUND
BHP,2466,2026,Q4,NOT_FOUND,INSIDE,WRONG_PERIOD,False,SEC_FORM_6K_RESULT,2,MEDIUM,,,WRONG_PERIOD,publication_form6k_plan_9fd0ad37d32e4db390929f2d22f5ed2e,7b7e09f3275cee515c41c20e290cd70a22abe5effbe0de4bb38dd6f8e3c72c12,PASS,HELD_UNCHANGED,NOT_FOUND
BIDU,2467,2026,Q2,NOT_FOUND,INSIDE,REVIEW_ACCEPTANCE_TIMESTAMP_CONFLICT,False,SEC_FORM_6K_RESULT,2,MEDIUM,,,REVIEW_ACCEPTANCE_TIMESTAMP_CONFLICT,publication_form6k_plan_9fd0ad37d32e4db390929f2d22f5ed2e,7b7e09f3275cee515c41c20e290cd70a22abe5effbe0de4bb38dd6f8e3c72c12,PASS,HELD_UNCHANGED,NOT_FOUND
BTDR,2468,2026,Q2,NOT_FOUND,INSIDE,UNIQUE,True,SEC_FORM_6K_RESULT,2,MEDIUM,0001213900-26-086938,2026-08-10T11:08:07Z,ONLY_QUALIFYING_FORM6K_RESULT,publication_form6k_plan_9fd0ad37d32e4db390929f2d22f5ed2e,7b7e09f3275cee515c41c20e290cd70a22abe5effbe0de4bb38dd6f8e3c72c12,PASS,VERIFIED,VERIFIED
CAMT,2469,2026,Q2,NOT_FOUND,INSIDE,UNIQUE,True,SEC_FORM_6K_RESULT,2,MEDIUM,0001178913-26-003975,2026-08-10T11:16:13Z,ONLY_QUALIFYING_FORM6K_RESULT,publication_form6k_plan_9fd0ad37d32e4db390929f2d22f5ed2e,7b7e09f3275cee515c41c20e290cd70a22abe5effbe0de4bb38dd6f8e3c72c12,PASS,VERIFIED,VERIFIED
TSEM,2470,2026,Q2,NOT_FOUND,INSIDE,MULTIPLE_COMPETING_EVENTS,False,SEC_FORM_6K_RESULT,2,MEDIUM,,,NO_PROVEN_SINGLE_RESULT_CHAIN,publication_form6k_plan_9fd0ad37d32e4db390929f2d22f5ed2e,7b7e09f3275cee515c41c20e290cd70a22abe5effbe0de4bb38dd6f8e3c72c12,PASS,HELD_UNCHANGED,NOT_FOUND
TSM,2471,2026,Q2,NOT_FOUND,INSIDE,MULTIPLE_COMPETING_EVENTS,False,SEC_FORM_6K_RESULT,2,MEDIUM,,,NO_PROVEN_SINGLE_RESULT_CHAIN,publication_form6k_plan_9fd0ad37d32e4db390929f2d22f5ed2e,7b7e09f3275cee515c41c20e290cd70a22abe5effbe0de4bb38dd6f8e3c72c12,PASS,HELD_UNCHANGED,NOT_FOUND
VNET,2475,2026,Q2,NOT_FOUND,INSIDE,UNIQUE,True,SEC_FORM_6K_RESULT,2,MEDIUM,0001104659-26-098054,2026-08-18T10:16:34Z,ONLY_QUALIFYING_FORM6K_RESULT,publication_form6k_plan_9fd0ad37d32e4db390929f2d22f5ed2e,7b7e09f3275cee515c41c20e290cd70a22abe5effbe0de4bb38dd6f8e3c72c12,PASS,VERIFIED,VERIFIED
WPM,2476,2026,Q2,NOT_FOUND,OUTSIDE,UNIQUE,True,SEC_FORM_6K_RESULT,2,MEDIUM,0001193125-26-338641,2026-08-06T22:47:58Z,ONLY_QUALIFYING_FORM6K_RESULT,publication_form6k_plan_9fd0ad37d32e4db390929f2d22f5ed2e,7b7e09f3275cee515c41c20e290cd70a22abe5effbe0de4bb38dd6f8e3c72c12,PASS,VERIFIED,VERIFIED
POET,2482,2026,Q2,NOT_FOUND,INSIDE,MULTIPLE_COMPETING_EVENTS,False,SEC_FORM_6K_RESULT,2,MEDIUM,,,NO_PROVEN_SINGLE_RESULT_CHAIN,publication_form6k_plan_9fd0ad37d32e4db390929f2d22f5ed2e,7b7e09f3275cee515c41c20e290cd70a22abe5effbe0de4bb38dd6f8e3c72c12,PASS,HELD_UNCHANGED,NOT_FOUND
GDS,2492,2026,Q2,NOT_FOUND,INSIDE,MULTIPLE_COMPETING_EVENTS,False,SEC_FORM_6K_RESULT,2,MEDIUM,,,NO_PROVEN_SINGLE_RESULT_CHAIN,publication_form6k_plan_9fd0ad37d32e4db390929f2d22f5ed2e,7b7e09f3275cee515c41c20e290cd70a22abe5effbe0de4bb38dd6f8e3c72c12,PASS,HELD_UNCHANGED,NOT_FOUND
NBIS,2500,2026,Q2,NOT_FOUND,INSIDE,MULTIPLE_COMPETING_EVENTS,False,SEC_FORM_6K_RESULT,2,MEDIUM,,,NO_PROVEN_SINGLE_RESULT_CHAIN,publication_form6k_plan_9fd0ad37d32e4db390929f2d22f5ed2e,7b7e09f3275cee515c41c20e290cd70a22abe5effbe0de4bb38dd6f8e3c72c12,PASS,HELD_UNCHANGED,NOT_FOUND
NVMI,2502,2026,Q2,NOT_FOUND,OUTSIDE,UNIQUE,True,SEC_FORM_6K_RESULT,2,MEDIUM,0001178913-26-003892,2026-08-06T11:30:57Z,ONLY_QUALIFYING_FORM6K_RESULT,publication_form6k_plan_9fd0ad37d32e4db390929f2d22f5ed2e,7b7e09f3275cee515c41c20e290cd70a22abe5effbe0de4bb38dd6f8e3c72c12,PASS,VERIFIED,VERIFIED
PAAS,2504,2026,Q2,NOT_FOUND,INSIDE,UNIQUE,True,SEC_FORM_6K_RESULT,2,MEDIUM,0000771992-26-000063,2026-08-12T21:38:01Z,ONLY_QUALIFYING_FORM6K_RESULT,publication_form6k_plan_9fd0ad37d32e4db390929f2d22f5ed2e,7b7e09f3275cee515c41c20e290cd70a22abe5effbe0de4bb38dd6f8e3c72c12,PASS,VERIFIED,VERIFIED
CLLS,2506,2026,Q2,NOT_FOUND,OUTSIDE,MULTIPLE_COMPETING_EVENTS,False,SEC_FORM_6K_RESULT,2,MEDIUM,,,NO_PROVEN_SINGLE_RESULT_CHAIN,publication_form6k_plan_9fd0ad37d32e4db390929f2d22f5ed2e,7b7e09f3275cee515c41c20e290cd70a22abe5effbe0de4bb38dd6f8e3c72c12,PASS,HELD_UNCHANGED,NOT_FOUND
IQMX,2523,2026,Q2,NOT_FOUND,INSIDE,IDENTITY_TEMPORAL_REVIEW,False,SEC_FORM_6K_RESULT,2,MEDIUM,,,IDENTITY_TEMPORAL_REVIEW,publication_form6k_plan_9fd0ad37d32e4db390929f2d22f5ed2e,7b7e09f3275cee515c41c20e290cd70a22abe5effbe0de4bb38dd6f8e3c72c12,PASS,HELD_UNCHANGED,NOT_FOUND
MKDW,2525,2026,Q2,NOT_FOUND,INSIDE,WRONG_PERIOD,False,SEC_FORM_6K_RESULT,2,MEDIUM,,,WRONG_PERIOD,publication_form6k_plan_9fd0ad37d32e4db390929f2d22f5ed2e,7b7e09f3275cee515c41c20e290cd70a22abe5effbe0de4bb38dd6f8e3c72c12,PASS,HELD_UNCHANGED,NOT_FOUND
WDH,2541,2026,Q2,NOT_FOUND,INSIDE,UNIQUE,True,SEC_FORM_6K_RESULT,2,MEDIUM,0001104659-26-105667,2026-09-08T11:30:46Z,ONLY_QUALIFYING_FORM6K_RESULT,publication_form6k_plan_9fd0ad37d32e4db390929f2d22f5ed2e,7b7e09f3275cee515c41c20e290cd70a22abe5effbe0de4bb38dd6f8e3c72c12,PASS,VERIFIED,VERIFIED
CAN,2544,2026,Q2,NOT_FOUND,INSIDE,UNIQUE,True,SEC_FORM_6K_RESULT,2,MEDIUM,0001104659-26-105660,2026-09-08T11:20:24Z,ONLY_QUALIFYING_FORM6K_RESULT,publication_form6k_plan_9fd0ad37d32e4db390929f2d22f5ed2e,7b7e09f3275cee515c41c20e290cd70a22abe5effbe0de4bb38dd6f8e3c72c12,PASS,VERIFIED,VERIFIED
