ticker,company_id,fiscal_year,fiscal_quarter,accession,form,acceptance_timestamp,source_type,event_class,financial_scope,entity_scope,period_scope,qualifying_under_policy_v1,review_reason,new_evidence,selected,evidence_summary,source_url,source_sha256,prior_document_sha256,evidence_kind,standalone_candidate,new_publication_event,policy_result,authority_status,evidence_id,observed_at_utc
AMR,145,2026,Q2,0001704715-26-000030,WEB,,ISSUER_IR_SCOPE_CORROBORATION,FULL_PERIOD_RESULTS,Canonical reporting entity target-quarter actual GAAP earnings/loss and reported financial result package; full release and financial schedules,Canonical reporting company AMR,QUARTER; target end 2026-06-30; confidence PROVEN,SUPPORT_ONLY_NOT_A_CANDIDATE,CONTEXT_ONLY_NO_AUTHORITY_OR_TIMESTAMP_SELECTION,True,False,Issuer version corroborates same event scope; no issuer timestamp used as authority,https://alphametresources.com/news_articles/alpha-announces-financial-results-for-second-quarter-2026/,9e63edada6e78659d63605c9211e9b207f07e19789f4a613ab0aab5873a5c894,,issuer_release,False,False,POLICY_V1_REVIEW,AMBIGUOUS,,2026-10-06T15:46:30.447362+00:00
AMR,145,2026,Q2,0001704715-26-000025,WEB,,ISSUER_IR_SCOPE_CORROBORATION,PRELIMINARY_RESULTS,"Company GAAP net loss 12.3m and EPS; Met-segment coal revenue 491.5m, cost and shipment tables; no explicitly labeled consolidated total revenue in preliminary exhibit.",Canonical reporting company AMR,QUARTER; target end 2026-06-30; confidence PROVEN,SUPPORT_ONLY_NOT_A_CANDIDATE,CONTEXT_ONLY_NO_AUTHORITY_OR_TIMESTAMP_SELECTION,True,False,Issuer version corroborates same event scope; no issuer timestamp used as authority,https://alphametresources.com/news_articles/alpha-announces-preliminary-financial-results-for-second-quarter-2026/,0fba795050a8b3cdf1d5ef44b2b44bfaee0aceb10d0598923046ef286e78c957,,issuer_release,False,False,POLICY_V1_REVIEW,AMBIGUOUS,,2026-10-06T15:46:29.375882+00:00
ABAT,9,2026,Q4,0001493152-26-039500,WEB,,ISSUER_IR_SCOPE_CORROBORATION,PRELIMINARY_RESULTS,Q4 revenue 8.2m; cost of goods 6.9m; gross profit 1.3m; no Q4 net result. Later release contains annual financial statements only.,Canonical reporting company ABAT,QUARTER; target end 2026-06-30; confidence PROVEN,SUPPORT_ONLY_NOT_A_CANDIDATE,CONTEXT_ONLY_NO_AUTHORITY_OR_TIMESTAMP_SELECTION,True,False,Issuer version corroborates same event scope; no issuer timestamp used as authority,https://americanbatterytechnology.com/press-release/american-battery-technology-company-announces-highest-ever-gross-profit-and-successful-appeal-for-reinstatement-of-57-million-us-department-of-energy-grant-in-fourth-quarter-fy2026-financial-results/,NOT_CAPTURED_WEB_REVIEW,,issuer_release,False,False,POLICY_V1_REVIEW,AMBIGUOUS,,2026-10-06
ABAT,9,2026,Q4,0001493152-26-042948,WEB,,ISSUER_IR_SCOPE_CORROBORATION,FULL_PERIOD_RESULTS,Annual financial statements; separate target-Q4 values not established,Canonical reporting company ABAT,ANNUAL; target end 2026-06-30; confidence UNCERTAIN,SUPPORT_ONLY_NOT_A_CANDIDATE,CONTEXT_ONLY_NO_AUTHORITY_OR_TIMESTAMP_SELECTION,True,False,Issuer version corroborates same event scope; no issuer timestamp used as authority,https://americanbatterytechnology.com/press-release/american-battery-technology-company-reports-fy-26-financial-results-delivering-407-revenue-growth-and-positive-adjusted-gross-profit/,NOT_CAPTURED_WEB_REVIEW,,issuer_release,False,False,POLICY_V1_REVIEW,AMBIGUOUS,,2026-10-06
OPTT,2527,2026,Q4,0001493152-26-034425,WEB,,ISSUER_IR_SCOPE_CORROBORATION,PRELIMINARY_RESULTS,"Primary announces Q4 and annual results; exhibited P&L and cash flows are fiscal-year totals. Later filing materially revises annual revenue, operating loss and net loss.",Canonical reporting company OPTT,ANNUAL; target end 2026-04-30; confidence UNCERTAIN,SUPPORT_ONLY_NOT_A_CANDIDATE,CONTEXT_ONLY_NO_AUTHORITY_OR_TIMESTAMP_SELECTION,True,False,Issuer version corroborates same event scope; no issuer timestamp used as authority,https://investors.oceanpowertechnologies.com/news-releases/news-release-details/ocean-power-technologies-announces-fourth-quarter-and-full-1,NOT_CAPTURED_WEB_REVIEW,,issuer_release,False,False,POLICY_V1_REVIEW,AMBIGUOUS,,2026-10-06
OPTT,2527,2026,Q4,0001493152-26-039793,WEB,,ISSUER_IR_SCOPE_CORROBORATION,REVISED_OR_CORRECTED_RESULTS,"Annual revised revenue, loss and financial statements; separate target-Q4 values not established",Canonical reporting company OPTT,ANNUAL; target end 2026-04-30; confidence UNCERTAIN,SUPPORT_ONLY_NOT_A_CANDIDATE,CONTEXT_ONLY_NO_AUTHORITY_OR_TIMESTAMP_SELECTION,True,False,Issuer version corroborates same event scope; no issuer timestamp used as authority,https://investors.oceanpowertechnologies.com/news-releases/news-release-details/ocean-power-technologies-provides-update-previously-announced,NOT_CAPTURED_WEB_REVIEW,,issuer_release,False,False,POLICY_V1_REVIEW,AMBIGUOUS,,2026-10-06
OPTT,2527,2026,Q4,0001493152-26-034425,8-K,2026-07-23T20:56:00Z,SEC_LINKED_EXHIBIT,NON_RESULT_EVENT,"Subsea technology asset acquisition, not completed-quarter earnings",Canonical reporting company OPTT,"Transaction context, not target-quarter P&L",SUPPORT_ONLY_NOT_A_CANDIDATE,CONTEXT_ONLY_NO_AUTHORITY_OR_TIMESTAMP_SELECTION,False,False,Same event supporting document; does not independently select or reset publication time,https://www.sec.gov/Archives/edgar/data/1378140/000149315226034425/ex99-1.htm,453bfa517c82827d8d8490ca06107aa7dcb2c3944a8f38b92f0f212be0adca8e,e55d4419cede94881d818dfd7ffbb6f2139d3aec0dc7c0e2fec68b7a72dd6702,exhibit,False,False,POLICY_V1_REVIEW,AMBIGUOUS,,2026-10-06T15:35:04.287955+00:00
OPTT,2527,2026,Q4,0001493152-26-034425,8-K,2026-07-23T20:56:00Z,SEC_LINKED_EXHIBIT,PRELIMINARY_RESULTS,"Primary announces Q4 and annual results; exhibited P&L and cash flows are fiscal-year totals. Later filing materially revises annual revenue, operating loss and net loss.",Canonical reporting company OPTT,ANNUAL; target end 2026-04-30; confidence UNCERTAIN,SUPPORT_ONLY_NOT_A_CANDIDATE,CONTEXT_ONLY_NO_AUTHORITY_OR_TIMESTAMP_SELECTION,False,False,Same event supporting document; does not independently select or reset publication time,https://www.sec.gov/Archives/edgar/data/1378140/000149315226034425/ex99-2.htm,a14f4d9a9751dd5b4102aa1cca1ce50e53ea1ad53f06e7207ede62e7a5fa853b,b938de4f489899effbad63b1cd22c4e2d44e41defdb4204cdec20a0274d56379,exhibit,False,False,POLICY_V1_REVIEW,AMBIGUOUS,,2026-10-06T15:35:04.562563+00:00
OPTT,2527,2026,Q4,0001493152-26-034425,8-K,2026-07-23T20:56:00Z,SEC_8K_ITEM_2_02,PRELIMINARY_RESULTS,"Primary announces Q4 and annual results; exhibited P&L and cash flows are fiscal-year totals. Later filing materially revises annual revenue, operating loss and net loss.",Canonical reporting company OPTT,ANNUAL; target end 2026-04-30; confidence UNCERTAIN,REVIEW,REVIEW_REQUIRED_EVENT_SCOPE,False,False,Original candidate retained; existing Policy V1 quarter result remains REVIEW,https://www.sec.gov/Archives/edgar/data/1378140/000149315226034425/form8-k.htm,790a1dcec55df1159dfc483db8d8f22acbc391776c50b58467db007ff05693d5,7ab1bcf32458c47c85101a9f9fe481fdb911f7e19582db90ca4ae877d8ab3090,parent,True,False,POLICY_V1_REVIEW,AMBIGUOUS,rpe_0fd7060093bda4f95d6360df,2026-10-06T15:35:04.024892+00:00
OPTT,2527,2026,Q4,0001493152-26-034862,8-K,2026-07-27T21:28:24Z,SEC_NON_ITEM_2_02_CONTEXT,NON_RESULT_EVENT,ATM financing agreement,Canonical reporting company OPTT,Non-earnings context or same-day supplemental context,SUPPORT_ONLY_NOT_A_CANDIDATE,CONTEXT_ONLY_NO_AUTHORITY_OR_TIMESTAMP_SELECTION,True,False,Bounded missed-event cross-check; not admitted as a new source or result candidate,https://www.sec.gov/Archives/edgar/data/1378140/000149315226034862/form8-k.htm,dcfeee608b1df2ae08e1266f2e76efc85acd83ec01e1cecdc4b229502cac7420,,non_item202_parent,False,False,POLICY_V1_REVIEW,AMBIGUOUS,,2026-10-06T15:37:06.985110+00:00
OPTT,2527,2026,Q4,0001493152-26-036203,8-K,2026-08-05T20:54:18Z,SEC_NON_ITEM_2_02_CONTEXT,NON_RESULT_EVENT,Potential Navy contract award,Canonical reporting company OPTT,Non-earnings context or same-day supplemental context,SUPPORT_ONLY_NOT_A_CANDIDATE,CONTEXT_ONLY_NO_AUTHORITY_OR_TIMESTAMP_SELECTION,True,False,Bounded missed-event cross-check; not admitted as a new source or result candidate,https://www.sec.gov/Archives/edgar/data/1378140/000149315226036203/ex99-1.htm,597f3f3fb5320aec9b813079a0fb56e18ac6ff4d730260a912aff88f119a0ce4,,non_item202_exhibit,False,False,POLICY_V1_REVIEW,AMBIGUOUS,,2026-10-06T15:37:06.724826+00:00
OPTT,2527,2026,Q4,0001493152-26-036203,8-K,2026-08-05T20:54:18Z,SEC_NON_ITEM_2_02_CONTEXT,NON_RESULT_EVENT,Potential Navy contract award,Canonical reporting company OPTT,Non-earnings context or same-day supplemental context,SUPPORT_ONLY_NOT_A_CANDIDATE,CONTEXT_ONLY_NO_AUTHORITY_OR_TIMESTAMP_SELECTION,True,False,Bounded missed-event cross-check; not admitted as a new source or result candidate,https://www.sec.gov/Archives/edgar/data/1378140/000149315226036203/form8-k.htm,eb780cccecbb6bd667fddd6c2ab48a760a55c978aa325cc7ee9aff6355be27d5,,non_item202_parent,False,False,POLICY_V1_REVIEW,AMBIGUOUS,,2026-10-06T15:37:06.467790+00:00
OPTT,2527,2026,Q4,0001493152-26-038739,8-K,2026-08-17T20:05:37Z,SEC_NON_ITEM_2_02_CONTEXT,NON_RESULT_EVENT,Strategic alternatives review,Canonical reporting company OPTT,Non-earnings context or same-day supplemental context,SUPPORT_ONLY_NOT_A_CANDIDATE,CONTEXT_ONLY_NO_AUTHORITY_OR_TIMESTAMP_SELECTION,True,False,Bounded missed-event cross-check; not admitted as a new source or result candidate,https://www.sec.gov/Archives/edgar/data/1378140/000149315226038739/ex99-1.htm,edff9cc3f5b68508c99c20211e9151cd9b93b158426916bb4678612519451fd7,,non_item202_exhibit,False,False,POLICY_V1_REVIEW,AMBIGUOUS,,2026-10-06T15:37:06.089051+00:00
OPTT,2527,2026,Q4,0001493152-26-038739,8-K,2026-08-17T20:05:37Z,SEC_NON_ITEM_2_02_CONTEXT,NON_RESULT_EVENT,Strategic alternatives review,Canonical reporting company OPTT,Non-earnings context or same-day supplemental context,SUPPORT_ONLY_NOT_A_CANDIDATE,CONTEXT_ONLY_NO_AUTHORITY_OR_TIMESTAMP_SELECTION,True,False,Bounded missed-event cross-check; not admitted as a new source or result candidate,https://www.sec.gov/Archives/edgar/data/1378140/000149315226038739/form8-k.htm,14227e7dbbff7decba3931cd1b2b8499ff2fe2070a903aa364adb348ca01e98f,,non_item202_parent,False,False,POLICY_V1_REVIEW,AMBIGUOUS,,2026-10-06T15:37:05.822675+00:00
OPTT,2527,2026,Q4,0001493152-26-039261,10-K,2026-08-19T21:29:25Z,SEC_FILED_STATEMENT,FULL_PERIOD_RESULTS,Audited annual P&L; direct Q4 revenue and GAAP net loss not established,Canonical reporting company OPTT,ANNUAL FY2026 ended April 30; not a separate Q4 result package,SUPPORT_ONLY_NOT_A_CANDIDATE,CONTEXT_ONLY_NO_AUTHORITY_OR_TIMESTAMP_SELECTION,True,False,Filed statement corroborates annual correction scope; no quarter subtraction,https://www.sec.gov/Archives/edgar/data/1378140/000149315226039261/form10-k.htm,ea4bbc16d979e4812586f8dd58a839f0aeda9924b854ecddc2def641260b7122,,statement,False,False,POLICY_V1_REVIEW,AMBIGUOUS,,2026-10-06T15:35:03.763505+00:00
OPTT,2527,2026,Q4,0001493152-26-039393,8-K,2026-08-20T12:59:14Z,SEC_NON_ITEM_2_02_CONTEXT,NON_RESULT_EVENT,Listing/late-filing compliance,Canonical reporting company OPTT,Non-earnings context or same-day supplemental context,SUPPORT_ONLY_NOT_A_CANDIDATE,CONTEXT_ONLY_NO_AUTHORITY_OR_TIMESTAMP_SELECTION,True,False,Bounded missed-event cross-check; not admitted as a new source or result candidate,https://www.sec.gov/Archives/edgar/data/1378140/000149315226039393/ex99-1.htm,22a292307ce1eadb1a71fef1094451653186f66c572a44100f14a70ca9d5a3f7,,non_item202_exhibit,False,False,POLICY_V1_REVIEW,AMBIGUOUS,,2026-10-06T15:37:05.444730+00:00
OPTT,2527,2026,Q4,0001493152-26-039393,8-K,2026-08-20T12:59:14Z,SEC_NON_ITEM_2_02_CONTEXT,NON_RESULT_EVENT,Listing/late-filing compliance,Canonical reporting company OPTT,Non-earnings context or same-day supplemental context,SUPPORT_ONLY_NOT_A_CANDIDATE,CONTEXT_ONLY_NO_AUTHORITY_OR_TIMESTAMP_SELECTION,True,False,Bounded missed-event cross-check; not admitted as a new source or result candidate,https://www.sec.gov/Archives/edgar/data/1378140/000149315226039393/form8-k.htm,e95e3447d2ae5f6b565e411f6ff435149849812bf33a1dedbbf72738959558ea,,non_item202_parent,False,False,POLICY_V1_REVIEW,AMBIGUOUS,,2026-10-06T15:37:05.183699+00:00
OPTT,2527,2026,Q4,0001493152-26-039793,8-K,2026-08-24T13:00:14Z,SEC_LINKED_EXHIBIT,REVISED_OR_CORRECTED_RESULTS,"Annual revised revenue, loss and financial statements; separate target-Q4 values not established",Canonical reporting company OPTT,ANNUAL; target end 2026-04-30; confidence UNCERTAIN,SUPPORT_ONLY_NOT_A_CANDIDATE,CONTEXT_ONLY_NO_AUTHORITY_OR_TIMESTAMP_SELECTION,False,False,Same event supporting document; does not independently select or reset publication time,https://www.sec.gov/Archives/edgar/data/1378140/000149315226039793/ex99-1.htm,e08fb104c64819927c65bd9f967077c0a4bc6fa4214462cf430090666103a018,4721ecf47381007df3822f355f9ced0fe4e7315894a41591070b63bf135480af,exhibit,False,False,POLICY_V1_REVIEW,AMBIGUOUS,,2026-10-06T15:35:03.185545+00:00
OPTT,2527,2026,Q4,0001493152-26-039793,8-K,2026-08-24T13:00:14Z,SEC_LINKED_EXHIBIT,NON_RESULT_EVENT,"Fireside-chat participation announcement, not earnings",Canonical reporting company OPTT,Future meeting context,SUPPORT_ONLY_NOT_A_CANDIDATE,CONTEXT_ONLY_NO_AUTHORITY_OR_TIMESTAMP_SELECTION,False,False,Same event supporting document; does not independently select or reset publication time,https://www.sec.gov/Archives/edgar/data/1378140/000149315226039793/ex99-2.htm,749aa541e01eb92ecc9996811b6be96f31e9b739b2e0d2fb862b33a0ad9ca060,1a3fe48c4c675a4f4fe962ac6f1fa2b880ac9145428f1b26a98b916f9ef512cb,exhibit,False,False,POLICY_V1_REVIEW,AMBIGUOUS,,2026-10-06T15:35:03.439049+00:00
OPTT,2527,2026,Q4,0001493152-26-039793,8-K,2026-08-24T13:00:14Z,SEC_8K_ITEM_2_02,REVISED_OR_CORRECTED_RESULTS,"Annual revised revenue, loss and financial statements; separate target-Q4 values not established",Canonical reporting company OPTT,ANNUAL; target end 2026-04-30; confidence UNCERTAIN,REVIEW,REVIEW_REQUIRED_EVENT_SCOPE,False,False,Original candidate retained; existing Policy V1 quarter result remains REVIEW,https://www.sec.gov/Archives/edgar/data/1378140/000149315226039793/form8-k.htm,3ac8d4c93b5e0b2df44c319e2975d99e3c1670768c73b00aa40710a888543d52,ce5cae606bfd1ce564b23db048921a12737b887f3db51e6a955494eb89d1d735,parent,True,False,POLICY_V1_REVIEW,AMBIGUOUS,rpe_c9e30ba95a9749c10d05f3a6,2026-10-06T15:35:02.912577+00:00
ABAT,9,2026,Q4,0001493152-26-039500,8-K,2026-08-20T21:00:28Z,SEC_LINKED_EXHIBIT,PRELIMINARY_RESULTS,Q4 revenue 8.2m; cost of goods 6.9m; gross profit 1.3m; no Q4 net result. Later release contains annual financial statements only.,Canonical reporting company ABAT,QUARTER; target end 2026-06-30; confidence PROVEN,SUPPORT_ONLY_NOT_A_CANDIDATE,CONTEXT_ONLY_NO_AUTHORITY_OR_TIMESTAMP_SELECTION,False,False,Same event supporting document; does not independently select or reset publication time,https://www.sec.gov/Archives/edgar/data/1576873/000149315226039500/ex99-1.htm,3aeb7c63f4f04e6efa1581720a1f419eb80fdd7cdc27ff3db6c877f7d19d8e2c,15bd1fc25413a507752e14084e1b8ad8fecbaca5bf86d4df8fbd05cd7cd35352,exhibit,False,False,POLICY_V1_REVIEW,AMBIGUOUS,,2026-10-06T15:35:02.273682+00:00
ABAT,9,2026,Q4,0001493152-26-039500,8-K,2026-08-20T21:00:28Z,SEC_8K_ITEM_2_02,PRELIMINARY_RESULTS,Q4 revenue 8.2m; cost of goods 6.9m; gross profit 1.3m; no Q4 net result. Later release contains annual financial statements only.,Canonical reporting company ABAT,QUARTER; target end 2026-06-30; confidence PROVEN,NO,INSUFFICIENT_BROAD_EARNINGS_MINIMUM,False,False,Original candidate retained; existing Policy V1 quarter result remains REVIEW,https://www.sec.gov/Archives/edgar/data/1576873/000149315226039500/form8-k.htm,c52982fd501ea3102001fd7871ac82641076006cfb491d415e862bd7106b860a,4d7803c4c8c47af10f9951ecf7f70affc5a035a03d0f4cf6d93996762d2a18fd,parent,True,False,POLICY_V1_REVIEW,AMBIGUOUS,rpe_1263fca9a88f196f2ca0f1e4,2026-10-06T15:35:02.002543+00:00
ABAT,9,2026,Q4,0001493152-26-042497,10-K,2026-09-14T13:01:13Z,SEC_FILED_STATEMENT,FULL_PERIOD_RESULTS,Direct Q4 revenue/cost/gross margin; annual net loss only,Canonical reporting company ABAT,Q4 highlights plus annual P&L; Q4 GAAP net result absent,SUPPORT_ONLY_NOT_A_CANDIDATE,CONTEXT_ONLY_NO_AUTHORITY_OR_TIMESTAMP_SELECTION,True,False,Q4 numeric minimum remains incomplete; no FY-minus-9M reconstruction,https://www.sec.gov/Archives/edgar/data/1576873/000149315226042497/form10-k.htm,55faec22029742c4aa13fca083a5a7ca2f4d6c569b0e671461f39fdfa49a7d6a,,statement,False,False,POLICY_V1_REVIEW,AMBIGUOUS,,2026-10-06T15:35:01.731553+00:00
ABAT,9,2026,Q4,0001493152-26-042948,8-K,2026-09-16T21:05:56Z,SEC_LINKED_EXHIBIT,SUPPLEMENTAL_RESULT_INFORMATION,Annual FY2026 presentation; no direct Q4 GAAP net result,Canonical reporting company ABAT,ANNUAL; no qualifying direct Q4 earnings package,SUPPORT_ONLY_NOT_A_CANDIDATE,CONTEXT_ONLY_NO_AUTHORITY_OR_TIMESTAMP_SELECTION,False,False,13 slides visually reviewed; annual financial slides 5/10 do not supply Q4 net income/loss,https://www.sec.gov/Archives/edgar/data/1576873/000149315226042948/ex99-1.htm,9d0b75db81be1911000e52dfb0daabc87407d2a16792b8bb32a6a8614f90fb45,550efda107f6e363fd474d4463cb47c9d20c009f5f12682df65304e0c2a32d4c,exhibit,False,False,POLICY_V1_REVIEW,AMBIGUOUS,,2026-10-06T15:35:01.117315+00:00
ABAT,9,2026,Q4,0001493152-26-042948,8-K,2026-09-16T21:05:56Z,SEC_LINKED_EXHIBIT_IMAGE,SUPPLEMENTAL_RESULT_INFORMATION,Annual FY2026 presentation; no direct Q4 GAAP net result,Canonical reporting company ABAT,ANNUAL; no qualifying direct Q4 earnings package,SUPPORT_ONLY_NOT_A_CANDIDATE,CONTEXT_ONLY_NO_AUTHORITY_OR_TIMESTAMP_SELECTION,True,False,13 slides visually reviewed; annual financial slides 5/10 do not supply Q4 net income/loss,https://www.sec.gov/Archives/edgar/data/1576873/000149315226042948/ex99-1_001.jpg,8683835dc64e2019571b40b77b93f84e356068050c01a12647baf23c56cdd900,,exhibit_image,False,False,POLICY_V1_REVIEW,AMBIGUOUS,,2026-10-06T15:37:00.336813+00:00
ABAT,9,2026,Q4,0001493152-26-042948,8-K,2026-09-16T21:05:56Z,SEC_LINKED_EXHIBIT_IMAGE,SUPPLEMENTAL_RESULT_INFORMATION,Annual FY2026 presentation; no direct Q4 GAAP net result,Canonical reporting company ABAT,ANNUAL; no qualifying direct Q4 earnings package,SUPPORT_ONLY_NOT_A_CANDIDATE,CONTEXT_ONLY_NO_AUTHORITY_OR_TIMESTAMP_SELECTION,True,False,13 slides visually reviewed; annual financial slides 5/10 do not supply Q4 net income/loss,https://www.sec.gov/Archives/edgar/data/1576873/000149315226042948/ex99-1_002.jpg,77f06335586a6cbf4cbd81539d4f70d47d3b0b4e7683c55ff334030e09b0fbd0,,exhibit_image,False,False,POLICY_V1_REVIEW,AMBIGUOUS,,2026-10-06T15:37:00.960885+00:00
ABAT,9,2026,Q4,0001493152-26-042948,8-K,2026-09-16T21:05:56Z,SEC_LINKED_EXHIBIT_IMAGE,SUPPLEMENTAL_RESULT_INFORMATION,Annual FY2026 presentation; no direct Q4 GAAP net result,Canonical reporting company ABAT,ANNUAL; no qualifying direct Q4 earnings package,SUPPORT_ONLY_NOT_A_CANDIDATE,CONTEXT_ONLY_NO_AUTHORITY_OR_TIMESTAMP_SELECTION,True,False,13 slides visually reviewed; annual financial slides 5/10 do not supply Q4 net income/loss,https://www.sec.gov/Archives/edgar/data/1576873/000149315226042948/ex99-1_003.jpg,694c5294aaa931c03a82133a0f9358d75c0f813623030ee36031e53f24fe2168,,exhibit_image,False,False,POLICY_V1_REVIEW,AMBIGUOUS,,2026-10-06T15:37:01.351303+00:00
ABAT,9,2026,Q4,0001493152-26-042948,8-K,2026-09-16T21:05:56Z,SEC_LINKED_EXHIBIT_IMAGE,SUPPLEMENTAL_RESULT_INFORMATION,Annual FY2026 presentation; no direct Q4 GAAP net result,Canonical reporting company ABAT,ANNUAL; no qualifying direct Q4 earnings package,SUPPORT_ONLY_NOT_A_CANDIDATE,CONTEXT_ONLY_NO_AUTHORITY_OR_TIMESTAMP_SELECTION,True,False,13 slides visually reviewed; annual financial slides 5/10 do not supply Q4 net income/loss,https://www.sec.gov/Archives/edgar/data/1576873/000149315226042948/ex99-1_004.jpg,21de9d000b4fd6c29af52b59d28ca6c12f7b1ebb050f61abb92ea398443a51db,,exhibit_image,False,False,POLICY_V1_REVIEW,AMBIGUOUS,,2026-10-06T15:37:01.748589+00:00
ABAT,9,2026,Q4,0001493152-26-042948,8-K,2026-09-16T21:05:56Z,SEC_LINKED_EXHIBIT_IMAGE,SUPPLEMENTAL_RESULT_INFORMATION,Annual FY2026 presentation; no direct Q4 GAAP net result,Canonical reporting company ABAT,ANNUAL; no qualifying direct Q4 earnings package,SUPPORT_ONLY_NOT_A_CANDIDATE,CONTEXT_ONLY_NO_AUTHORITY_OR_TIMESTAMP_SELECTION,True,False,13 slides visually reviewed; annual financial slides 5/10 do not supply Q4 net income/loss,https://www.sec.gov/Archives/edgar/data/1576873/000149315226042948/ex99-1_005.jpg,7628df77d3f97734e4fdc17c102fff0ec008465daa8c4358251fd91ca0dc5e30,,exhibit_image,False,False,POLICY_V1_REVIEW,AMBIGUOUS,,2026-10-06T15:37:02.586910+00:00
ABAT,9,2026,Q4,0001493152-26-042948,8-K,2026-09-16T21:05:56Z,SEC_LINKED_EXHIBIT_IMAGE,SUPPLEMENTAL_RESULT_INFORMATION,Annual FY2026 presentation; no direct Q4 GAAP net result,Canonical reporting company ABAT,ANNUAL; no qualifying direct Q4 earnings package,SUPPORT_ONLY_NOT_A_CANDIDATE,CONTEXT_ONLY_NO_AUTHORITY_OR_TIMESTAMP_SELECTION,True,False,13 slides visually reviewed; annual financial slides 5/10 do not supply Q4 net income/loss,https://www.sec.gov/Archives/edgar/data/1576873/000149315226042948/ex99-1_006.jpg,845cf4d38278fcb4cc272eace789e92281638f20ed87e0d42076c5ec9b82d811,,exhibit_image,False,False,POLICY_V1_REVIEW,AMBIGUOUS,,2026-10-06T15:37:02.878416+00:00
ABAT,9,2026,Q4,0001493152-26-042948,8-K,2026-09-16T21:05:56Z,SEC_LINKED_EXHIBIT_IMAGE,SUPPLEMENTAL_RESULT_INFORMATION,Annual FY2026 presentation; no direct Q4 GAAP net result,Canonical reporting company ABAT,ANNUAL; no qualifying direct Q4 earnings package,SUPPORT_ONLY_NOT_A_CANDIDATE,CONTEXT_ONLY_NO_AUTHORITY_OR_TIMESTAMP_SELECTION,True,False,13 slides visually reviewed; annual financial slides 5/10 do not supply Q4 net income/loss,https://www.sec.gov/Archives/edgar/data/1576873/000149315226042948/ex99-1_007.jpg,d7f3eb95bdda082115f2c265ebff0ab5f699bc33a0c233db8787b07ef281a288,,exhibit_image,False,False,POLICY_V1_REVIEW,AMBIGUOUS,,2026-10-06T15:37:03.174961+00:00
ABAT,9,2026,Q4,0001493152-26-042948,8-K,2026-09-16T21:05:56Z,SEC_LINKED_EXHIBIT_IMAGE,SUPPLEMENTAL_RESULT_INFORMATION,Annual FY2026 presentation; no direct Q4 GAAP net result,Canonical reporting company ABAT,ANNUAL; no qualifying direct Q4 earnings package,SUPPORT_ONLY_NOT_A_CANDIDATE,CONTEXT_ONLY_NO_AUTHORITY_OR_TIMESTAMP_SELECTION,True,False,13 slides visually reviewed; annual financial slides 5/10 do not supply Q4 net income/loss,https://www.sec.gov/Archives/edgar/data/1576873/000149315226042948/ex99-1_008.jpg,dcc6b3b122d44736d2c76a85d13bfd67da8e0c51fd934de6f1b4819f961a17b8,,exhibit_image,False,False,POLICY_V1_REVIEW,AMBIGUOUS,,2026-10-06T15:37:03.474732+00:00
ABAT,9,2026,Q4,0001493152-26-042948,8-K,2026-09-16T21:05:56Z,SEC_LINKED_EXHIBIT_IMAGE,SUPPLEMENTAL_RESULT_INFORMATION,Annual FY2026 presentation; no direct Q4 GAAP net result,Canonical reporting company ABAT,ANNUAL; no qualifying direct Q4 earnings package,SUPPORT_ONLY_NOT_A_CANDIDATE,CONTEXT_ONLY_NO_AUTHORITY_OR_TIMESTAMP_SELECTION,True,False,13 slides visually reviewed; annual financial slides 5/10 do not supply Q4 net income/loss,https://www.sec.gov/Archives/edgar/data/1576873/000149315226042948/ex99-1_009.jpg,af9ca3d64fdc2ceb97773de8eaf138a8264d203b64514bcc8c9c64b4b17ecc5f,,exhibit_image,False,False,POLICY_V1_REVIEW,AMBIGUOUS,,2026-10-06T15:37:03.769646+00:00
ABAT,9,2026,Q4,0001493152-26-042948,8-K,2026-09-16T21:05:56Z,SEC_LINKED_EXHIBIT_IMAGE,SUPPLEMENTAL_RESULT_INFORMATION,Annual FY2026 presentation; no direct Q4 GAAP net result,Canonical reporting company ABAT,ANNUAL; no qualifying direct Q4 earnings package,SUPPORT_ONLY_NOT_A_CANDIDATE,CONTEXT_ONLY_NO_AUTHORITY_OR_TIMESTAMP_SELECTION,True,False,13 slides visually reviewed; annual financial slides 5/10 do not supply Q4 net income/loss,https://www.sec.gov/Archives/edgar/data/1576873/000149315226042948/ex99-1_010.jpg,be67b9eefd18686c96312738e30f9569aea2de2ba63ea33ea88818b16e902f1e,,exhibit_image,False,False,POLICY_V1_REVIEW,AMBIGUOUS,,2026-10-06T15:37:04.055727+00:00
ABAT,9,2026,Q4,0001493152-26-042948,8-K,2026-09-16T21:05:56Z,SEC_LINKED_EXHIBIT_IMAGE,SUPPLEMENTAL_RESULT_INFORMATION,Annual FY2026 presentation; no direct Q4 GAAP net result,Canonical reporting company ABAT,ANNUAL; no qualifying direct Q4 earnings package,SUPPORT_ONLY_NOT_A_CANDIDATE,CONTEXT_ONLY_NO_AUTHORITY_OR_TIMESTAMP_SELECTION,True,False,13 slides visually reviewed; annual financial slides 5/10 do not supply Q4 net income/loss,https://www.sec.gov/Archives/edgar/data/1576873/000149315226042948/ex99-1_011.jpg,b92ac364327965a822224b55b277d47ad4a298ef6fa59e18188c9d032589774d,,exhibit_image,False,False,POLICY_V1_REVIEW,AMBIGUOUS,,2026-10-06T15:37:04.342239+00:00
ABAT,9,2026,Q4,0001493152-26-042948,8-K,2026-09-16T21:05:56Z,SEC_LINKED_EXHIBIT_IMAGE,SUPPLEMENTAL_RESULT_INFORMATION,Annual FY2026 presentation; no direct Q4 GAAP net result,Canonical reporting company ABAT,ANNUAL; no qualifying direct Q4 earnings package,SUPPORT_ONLY_NOT_A_CANDIDATE,CONTEXT_ONLY_NO_AUTHORITY_OR_TIMESTAMP_SELECTION,True,False,13 slides visually reviewed; annual financial slides 5/10 do not supply Q4 net income/loss,https://www.sec.gov/Archives/edgar/data/1576873/000149315226042948/ex99-1_012.jpg,12df0b3113e4ba02995972fe55f0e94d27d87012769995643c06ba93888d264d,,exhibit_image,False,False,POLICY_V1_REVIEW,AMBIGUOUS,,2026-10-06T15:37:04.622907+00:00
ABAT,9,2026,Q4,0001493152-26-042948,8-K,2026-09-16T21:05:56Z,SEC_LINKED_EXHIBIT_IMAGE,SUPPLEMENTAL_RESULT_INFORMATION,Annual FY2026 presentation; no direct Q4 GAAP net result,Canonical reporting company ABAT,ANNUAL; no qualifying direct Q4 earnings package,SUPPORT_ONLY_NOT_A_CANDIDATE,CONTEXT_ONLY_NO_AUTHORITY_OR_TIMESTAMP_SELECTION,True,False,13 slides visually reviewed; annual financial slides 5/10 do not supply Q4 net income/loss,https://www.sec.gov/Archives/edgar/data/1576873/000149315226042948/ex99-1_013.jpg,270966a24970974b499fd5912b3692a5f5bce0f685a903b0e698e2f9a04446b2,,exhibit_image,False,False,POLICY_V1_REVIEW,AMBIGUOUS,,2026-10-06T15:37:04.917512+00:00
ABAT,9,2026,Q4,0001493152-26-042948,8-K,2026-09-16T21:05:56Z,SEC_LINKED_EXHIBIT,FULL_PERIOD_RESULTS,Annual financial statements; separate target-Q4 values not established,Canonical reporting company ABAT,ANNUAL; target end 2026-06-30; confidence UNCERTAIN,SUPPORT_ONLY_NOT_A_CANDIDATE,CONTEXT_ONLY_NO_AUTHORITY_OR_TIMESTAMP_SELECTION,False,False,Same event supporting document; does not independently select or reset publication time,https://www.sec.gov/Archives/edgar/data/1576873/000149315226042948/ex99-2.htm,c90b6a03fff3f84ab703a538f7119b7bbe3e82bd5c15de46bfb6d68b63708326,a0744cf15f340367fe5f6c132494f7cd27d6ae74f45085b7dc46bb00c9cd1c6a,exhibit,False,False,POLICY_V1_REVIEW,AMBIGUOUS,,2026-10-06T15:35:01.398319+00:00
ABAT,9,2026,Q4,0001493152-26-042948,8-K,2026-09-16T21:05:56Z,SEC_8K_ITEM_2_02,FULL_PERIOD_RESULTS,Annual financial statements; separate target-Q4 values not established,Canonical reporting company ABAT,ANNUAL; target end 2026-06-30; confidence UNCERTAIN,REVIEW,REVIEW_REQUIRED_EVENT_SCOPE,False,False,Original candidate retained; existing Policy V1 quarter result remains REVIEW,https://www.sec.gov/Archives/edgar/data/1576873/000149315226042948/form8-k.htm,7cec9da25363c8e45d91864d47f208ef4faa097b82404f9ff71f6da91113c1fe,693ea5d50e34df3f11b382d76eebb9c40bc57d2be908a1d4ee8c17e7f5ab36d1,parent,True,False,POLICY_V1_REVIEW,AMBIGUOUS,rpe_a62845d0ec8fd414493895b9,2026-10-06T15:35:00.864525+00:00
AMR,145,2026,Q2,0001704715-26-000025,8-K,2026-07-27T12:02:06Z,SEC_LINKED_EXHIBIT,PRELIMINARY_RESULTS,"Company GAAP net loss 12.3m and EPS; Met-segment coal revenue 491.5m, cost and shipment tables; no explicitly labeled consolidated total revenue in preliminary exhibit.",Canonical reporting company AMR,QUARTER; target end 2026-06-30; confidence PROVEN,SUPPORT_ONLY_NOT_A_CANDIDATE,CONTEXT_ONLY_NO_AUTHORITY_OR_TIMESTAMP_SELECTION,False,False,Same event supporting document; does not independently select or reset publication time,https://www.sec.gov/Archives/edgar/data/1704715/000170471526000025/a072726preliminarypressrel.htm,45d9ace0d9d07fe143493078b2ab86b1fda7cb3c06afd62dfb80f49236257827,ef3cbf58de9b5ef4d9489309815b1d2b3c17da128b831a7c26c953a84e163cd9,exhibit,False,False,POLICY_V1_REVIEW,AMBIGUOUS,,2026-10-06T15:35:06.405975+00:00
AMR,145,2026,Q2,0001704715-26-000025,8-K,2026-07-27T12:02:06Z,SEC_8K_ITEM_2_02,PRELIMINARY_RESULTS,"Company GAAP net loss 12.3m and EPS; Met-segment coal revenue 491.5m, cost and shipment tables; no explicitly labeled consolidated total revenue in preliminary exhibit.",Canonical reporting company AMR,QUARTER; target end 2026-06-30; confidence PROVEN,REVIEW,REVIEW_REQUIRED_EVENT_SCOPE,False,False,Original candidate retained; existing Policy V1 quarter result remains REVIEW,https://www.sec.gov/Archives/edgar/data/1704715/000170471526000025/amr-20260727.htm,54efca01126ca7b1b5098fcc26fbd5d5b2da0154572043e92df91756f9bc2594,e39f2485bc5d88871db1a9ec52d7cf0e0488704db36069b40eebcbabbe70b380,parent,True,False,POLICY_V1_REVIEW,AMBIGUOUS,rpe_effcb0509eaea9ae2dd7d9db,2026-10-06T15:35:06.130211+00:00
AMR,145,2026,Q2,0001704715-26-000030,8-K,2026-08-07T11:32:23Z,SEC_8K_ITEM_2_02,FULL_PERIOD_RESULTS,Canonical reporting entity target-quarter actual GAAP earnings/loss and reported financial result package; full release and financial schedules,Canonical reporting company AMR,QUARTER; target end 2026-06-30; confidence PROVEN,YES,COMPLETE_PERIOD_EARNINGS_PACKAGE,False,False,Original candidate retained; existing Policy V1 quarter result remains REVIEW,https://www.sec.gov/Archives/edgar/data/1704715/000170471526000030/amr-20260807.htm,023e8b8d3c9a32428dbdc951f75c7ad916b86e87b1a36144cb3927188ec0d144,a712dec5a83c8b4660b979e5c7a0ad5786934398ce55aec49952923ef1f59583,parent,True,False,POLICY_V1_REVIEW,AMBIGUOUS,rpe_e8b696fb5ee008198bef913a,2026-10-06T15:35:05.575377+00:00
AMR,145,2026,Q2,0001704715-26-000030,8-K,2026-08-07T11:32:23Z,SEC_LINKED_EXHIBIT,FULL_PERIOD_RESULTS,Canonical reporting entity target-quarter actual GAAP earnings/loss and reported financial result package; full release and financial schedules,Canonical reporting company AMR,QUARTER; target end 2026-06-30; confidence PROVEN,SUPPORT_ONLY_NOT_A_CANDIDATE,CONTEXT_ONLY_NO_AUTHORITY_OR_TIMESTAMP_SELECTION,False,False,Same event supporting document; does not independently select or reset publication time,https://www.sec.gov/Archives/edgar/data/1704715/000170471526000030/pressrelease6302026.htm,f2c24c6481a441275317d47dfc6493b9b89732dde6615a7820c6d885ef30354d,85a4593cab6271e0da29d4d8b708ab5b24375a8d9975c13cb3507e7884b142e9,exhibit,False,False,POLICY_V1_REVIEW,AMBIGUOUS,,2026-10-06T15:35:05.870077+00:00
AMR,145,2026,Q2,0001704715-26-000031,10-Q,2026-08-07T11:34:11Z,SEC_FILED_STATEMENT,FULL_PERIOD_RESULTS,Q2 coal revenue 491.505m; other revenue 1.351m; total revenue 492.856m,Canonical reporting company AMR,"QUARTER ended June 30 2026, directly reported",SUPPORT_ONLY_NOT_A_CANDIDATE,CONTEXT_ONLY_NO_AUTHORITY_OR_TIMESTAMP_SELECTION,True,False,Explicit consolidated table disproves exhaustive coal-revenue perimeter despite one reportable Met segment,https://www.sec.gov/Archives/edgar/data/1704715/000170471526000031/amr-20260630.htm,efb7b6b1b60884a82a5bcf1c58affc574ed07ef98cb77cc1eaf9b623c3a9b7d7,,statement,False,False,POLICY_V1_REVIEW,AMBIGUOUS,,2026-10-06T15:35:05.314948+00:00
AMR,145,2026,Q2,0001704715-26-000032,8-K,2026-08-07T11:35:27Z,SEC_NON_ITEM_2_02_CONTEXT,SUPPLEMENTAL_RESULT_INFORMATION,Investor presentation under Item 7.01; no new Item 2.02 authority,Canonical reporting company AMR,Non-earnings context or same-day supplemental context,SUPPORT_ONLY_NOT_A_CANDIDATE,CONTEXT_ONLY_NO_AUTHORITY_OR_TIMESTAMP_SELECTION,True,False,Bounded missed-event cross-check; not admitted as a new source or result candidate,https://www.sec.gov/Archives/edgar/data/1704715/000170471526000032/amr-20260807.htm,4d5cfcb7687d3a149e5169919ad6383a8dfb1b5810da80d97dfdab333897ef5e,,non_item202_parent,False,False,POLICY_V1_REVIEW,AMBIGUOUS,,2026-10-06T15:37:07.247613+00:00
AMR,145,2026,Q2,0001704715-26-000032,8-K,2026-08-07T11:35:27Z,SEC_NON_ITEM_2_02_CONTEXT,SUPPLEMENTAL_RESULT_INFORMATION,Investor presentation under Item 7.01; no new Item 2.02 authority,Canonical reporting company AMR,Non-earnings context or same-day supplemental context,SUPPORT_ONLY_NOT_A_CANDIDATE,CONTEXT_ONLY_NO_AUTHORITY_OR_TIMESTAMP_SELECTION,True,False,Bounded missed-event cross-check; not admitted as a new source or result candidate,https://www.sec.gov/Archives/edgar/data/1704715/000170471526000032/amrinvestorpresentation8.htm,7eb8b491d830725a8bf6c644212714f5f730bed10d2f727d537620c576a3a26c,,non_item202_exhibit,False,False,POLICY_V1_REVIEW,AMBIGUOUS,,2026-10-06
