ticker,company_id,fiscal_year,fiscal_quarter,legacy_status,policy_version,policy_result,prepared,eligible_candidate_count,relation_count,selected_accession,selected_timestamp,review_reason,plan_id,plan_fingerprint,policy_decision_fingerprint,rehearsal_result
ABAT,9,2026,Q4,AMBIGUOUS,PUBLICATION_EVENT_POLICY_V1,POLICY_V1_REVIEW,False,0,0,,,REVIEW_REQUIRED_EVENT_SCOPE,publication_policy_plan_12d859a36d394cfb92305360db011346,fed4727c8793fc4112b1821fd4ae8cca7c5f79594e5b3441adcd8b51aa1ebf99,5c3c893a8f8c09ff196b3ffb1482b13e2ce0bf8dcf999715967a538b173b420b,UNTOUCHED_REVIEW
AMR,145,2026,Q2,AMBIGUOUS,PUBLICATION_EVENT_POLICY_V1,POLICY_V1_REVIEW,False,1,0,,,REVIEW_REQUIRED_EVENT_SCOPE,publication_policy_plan_12d859a36d394cfb92305360db011346,fed4727c8793fc4112b1821fd4ae8cca7c5f79594e5b3441adcd8b51aa1ebf99,b1865d5b72749ab6efeb5b05e160728f954293c134f51c608d11548483501073,UNTOUCHED_REVIEW
ANRO,162,2026,Q2,AMBIGUOUS,PUBLICATION_EVENT_POLICY_V1,POLICY_V1_UNIQUE,True,1,0,0001999480-26-000022,2026-08-12T20:14:32Z,,publication_policy_plan_12d859a36d394cfb92305360db011346,fed4727c8793fc4112b1821fd4ae8cca7c5f79594e5b3441adcd8b51aa1ebf99,584b2a4672b6ccf94d191d077383184cec2817c01145d75962cbad5eff8dc6ca,APPLIED_VERIFIED
APA,168,2026,Q2,AMBIGUOUS,PUBLICATION_EVENT_POLICY_V1,POLICY_V1_UNIQUE,True,1,0,0001841666-26-000050,2026-08-05T20:33:08Z,,publication_policy_plan_12d859a36d394cfb92305360db011346,fed4727c8793fc4112b1821fd4ae8cca7c5f79594e5b3441adcd8b51aa1ebf99,5a81b19811413629be9f82d7ec86d09864cb8fe0474bd47b7a4dd965a4279d9c,APPLIED_VERIFIED
ARKO,195,2026,Q2,AMBIGUOUS,PUBLICATION_EVENT_POLICY_V1,POLICY_V1_UNIQUE,True,1,0,0001193125-26-339092,2026-08-07T11:00:16Z,,publication_policy_plan_12d859a36d394cfb92305360db011346,fed4727c8793fc4112b1821fd4ae8cca7c5f79594e5b3441adcd8b51aa1ebf99,df43146812b303a2cdc7e42b852e10c7aa09c1a398cb585c416c9f9144eba95a,APPLIED_VERIFIED
ASTS,217,2026,Q2,AMBIGUOUS,PUBLICATION_EVENT_POLICY_V1,POLICY_V1_UNIQUE,True,1,0,0001193125-26-342540,2026-08-10T20:38:57Z,,publication_policy_plan_12d859a36d394cfb92305360db011346,fed4727c8793fc4112b1821fd4ae8cca7c5f79594e5b3441adcd8b51aa1ebf99,bf4e9a4e4357ff07e8b863252f3d72fc7c287d461b3735ec15297baa12638c11,APPLIED_VERIFIED
BKD,323,2026,Q2,AMBIGUOUS,PUBLICATION_EVENT_POLICY_V1,POLICY_V1_UNIQUE,True,1,0,0001332349-26-000062,2026-08-10T20:18:01Z,,publication_policy_plan_12d859a36d394cfb92305360db011346,fed4727c8793fc4112b1821fd4ae8cca7c5f79594e5b3441adcd8b51aa1ebf99,fdf82a778bb7ee2ffc6fa02464e5a06ebcdca46a828653193aea8e08859b2273,APPLIED_VERIFIED
CDXS,434,2026,Q2,AMBIGUOUS,PUBLICATION_EVENT_POLICY_V1,POLICY_V1_UNIQUE,True,1,0,0001193125-26-344646,2026-08-11T20:11:09Z,,publication_policy_plan_12d859a36d394cfb92305360db011346,fed4727c8793fc4112b1821fd4ae8cca7c5f79594e5b3441adcd8b51aa1ebf99,c80ba931f3e44e999b778f45c192291f4680f19951507e18ea2b1cd5027c7f4c,APPLIED_VERIFIED
CF,448,2026,Q2,AMBIGUOUS,PUBLICATION_EVENT_POLICY_V1,POLICY_V1_UNIQUE,True,1,1,0001324404-26-000017,2026-08-05T20:42:56Z,,publication_policy_plan_12d859a36d394cfb92305360db011346,fed4727c8793fc4112b1821fd4ae8cca7c5f79594e5b3441adcd8b51aa1ebf99,70fc84e904e47a068a4e186eb888b12dfc8b5860f436e2c85bbc6d557d8a84c2,APPLIED_VERIFIED
CRC,556,2026,Q2,AMBIGUOUS,PUBLICATION_EVENT_POLICY_V1,POLICY_V1_UNIQUE,True,1,0,0001609253-26-000127,2026-08-10T12:06:09Z,,publication_policy_plan_12d859a36d394cfb92305360db011346,fed4727c8793fc4112b1821fd4ae8cca7c5f79594e5b3441adcd8b51aa1ebf99,80accc226f3de8863c7a9daab40329036001252d5f12387a53ba5d7492607f77,APPLIED_VERIFIED
DMLP,688,2026,Q2,AMBIGUOUS,PUBLICATION_EVENT_POLICY_V1,POLICY_V1_UNIQUE,True,1,0,0001437749-26-026405,2026-08-07T00:18:10Z,,publication_policy_plan_12d859a36d394cfb92305360db011346,fed4727c8793fc4112b1821fd4ae8cca7c5f79594e5b3441adcd8b51aa1ebf99,7300d43ecfc48c02c8f77f4f3ae1c90ee4922ed1ad1fbb54d532297e8bc92060,APPLIED_VERIFIED
GME,956,2027,Q2,AMBIGUOUS,PUBLICATION_EVENT_POLICY_V1,POLICY_V1_UNIQUE,True,2,1,0001326380-26-000046,2026-08-31T10:23:08Z,,publication_policy_plan_12d859a36d394cfb92305360db011346,fed4727c8793fc4112b1821fd4ae8cca7c5f79594e5b3441adcd8b51aa1ebf99,97fbd8b3b6676421cebe5eb0e2daa0b0285d9ea0af880df9a85dda49017353cd,APPLIED_VERIFIED
GOSS,970,2026,Q2,AMBIGUOUS,PUBLICATION_EVENT_POLICY_V1,POLICY_V1_UNIQUE,True,1,0,0001728117-26-000073,2026-08-13T20:02:19Z,,publication_policy_plan_12d859a36d394cfb92305360db011346,fed4727c8793fc4112b1821fd4ae8cca7c5f79594e5b3441adcd8b51aa1ebf99,622e81fa17718f179d68ad09a0a13559372ef049aff24458c96409b7429436bf,APPLIED_VERIFIED
KLXE,1221,2026,Q2,AMBIGUOUS,PUBLICATION_EVENT_POLICY_V1,POLICY_V1_UNIQUE,True,1,0,0001738827-26-000028,2026-08-10T20:21:18Z,,publication_policy_plan_12d859a36d394cfb92305360db011346,fed4727c8793fc4112b1821fd4ae8cca7c5f79594e5b3441adcd8b51aa1ebf99,0145dfc218c88060e97c007405418a0d2d45922549be24f0cb152f79beedf1ea,APPLIED_VERIFIED
KSCP,1249,2026,Q2,AMBIGUOUS,PUBLICATION_EVENT_POLICY_V1,POLICY_V1_UNIQUE,True,1,0,0001104659-26-094868,2026-08-12T20:07:15Z,,publication_policy_plan_12d859a36d394cfb92305360db011346,fed4727c8793fc4112b1821fd4ae8cca7c5f79594e5b3441adcd8b51aa1ebf99,686c429a8a5fbd23d3a89912f436c0991aca6539a5075a5bb4bd85e5fdbb00ba,APPLIED_VERIFIED
MOVE,1455,2026,Q2,AMBIGUOUS,PUBLICATION_EVENT_POLICY_V1,POLICY_V1_UNIQUE,True,1,0,0001213900-26-090115,2026-08-14T20:20:32Z,,publication_policy_plan_12d859a36d394cfb92305360db011346,fed4727c8793fc4112b1821fd4ae8cca7c5f79594e5b3441adcd8b51aa1ebf99,6d52e941c709f80efbf448f248e79beaa450f40dabb3dddbe40fb5a034eb862e,APPLIED_VERIFIED
PDYN,1712,2026,Q2,AMBIGUOUS,PUBLICATION_EVENT_POLICY_V1,POLICY_V1_UNIQUE,True,1,0,0001193125-26-336621,2026-08-06T10:47:17Z,,publication_policy_plan_12d859a36d394cfb92305360db011346,fed4727c8793fc4112b1821fd4ae8cca7c5f79594e5b3441adcd8b51aa1ebf99,078331d0f40a5f0eeca5c6d30d6cc5de9c2ae0d1b2ab68bd511cbe5c46ca7c3a,APPLIED_VERIFIED
PLUG,1755,2026,Q2,AMBIGUOUS,PUBLICATION_EVENT_POLICY_V1,POLICY_V1_UNIQUE,True,1,0,0001104659-26-093339,2026-08-10T20:01:21Z,,publication_policy_plan_12d859a36d394cfb92305360db011346,fed4727c8793fc4112b1821fd4ae8cca7c5f79594e5b3441adcd8b51aa1ebf99,affe9a7a1a43a94be057e6d887a2e3c9f2fd0f117e51b751848d4d09d46c1fb1,APPLIED_VERIFIED
RDVT,1860,2026,Q2,AMBIGUOUS,PUBLICATION_EVENT_POLICY_V1,POLICY_V1_UNIQUE,True,2,1,0001193125-26-335043,2026-08-05T20:05:42Z,,publication_policy_plan_12d859a36d394cfb92305360db011346,fed4727c8793fc4112b1821fd4ae8cca7c5f79594e5b3441adcd8b51aa1ebf99,64a7d522572515278583d929c2bf24a856956cd8c510afcbd0229847de15f9d5,APPLIED_VERIFIED
REKR,1867,2026,Q2,AMBIGUOUS,PUBLICATION_EVENT_POLICY_V1,POLICY_V1_UNIQUE,True,1,0,0001437749-26-027481,2026-08-13T12:00:12Z,,publication_policy_plan_12d859a36d394cfb92305360db011346,fed4727c8793fc4112b1821fd4ae8cca7c5f79594e5b3441adcd8b51aa1ebf99,03050c2bfc8e1acb244c6101553bf4060707154c0fe46835bc339cf3f95fe885,APPLIED_VERIFIED
RGLD,1878,2026,Q2,AMBIGUOUS,PUBLICATION_EVENT_POLICY_V1,POLICY_V1_UNIQUE,True,1,0,0000085535-26-000038,2026-08-05T21:14:50Z,,publication_policy_plan_12d859a36d394cfb92305360db011346,fed4727c8793fc4112b1821fd4ae8cca7c5f79594e5b3441adcd8b51aa1ebf99,294c030bec8d5102de6ea81a6852ebda04a4f61d57c0f2914106f12bfdec9a4f,APPLIED_VERIFIED
RXT,1938,2026,Q2,AMBIGUOUS,PUBLICATION_EVENT_POLICY_V1,POLICY_V1_UNIQUE,True,2,1,0001810019-26-000078,2026-07-09T12:13:03Z,,publication_policy_plan_12d859a36d394cfb92305360db011346,fed4727c8793fc4112b1821fd4ae8cca7c5f79594e5b3441adcd8b51aa1ebf99,9f42c29ee4ea4576671127a6105714c778236b84bfb54d6b1cdd3070a143f2ce,APPLIED_VERIFIED
SM,2026,2026,Q2,AMBIGUOUS,PUBLICATION_EVENT_POLICY_V1,POLICY_V1_UNIQUE,True,1,0,0000893538-26-000119,2026-08-05T20:18:04Z,,publication_policy_plan_12d859a36d394cfb92305360db011346,fed4727c8793fc4112b1821fd4ae8cca7c5f79594e5b3441adcd8b51aa1ebf99,7778444ca36a2d9de32de38a69e460a3dd45712cabf47eb75554afc1311dcc4a,APPLIED_VERIFIED
SMCI,2027,2026,Q4,AMBIGUOUS,PUBLICATION_EVENT_POLICY_V1,POLICY_V1_UNIQUE,True,1,0,0001375365-26-000021,2026-08-11T20:06:16Z,,publication_policy_plan_12d859a36d394cfb92305360db011346,fed4727c8793fc4112b1821fd4ae8cca7c5f79594e5b3441adcd8b51aa1ebf99,2402ec2878bbe2130edd2d4fc27aaad7936f0e9763e2581077bc787bb2951a5b,APPLIED_VERIFIED
TE,2144,2026,Q2,AMBIGUOUS,PUBLICATION_EVENT_POLICY_V1,POLICY_V1_UNIQUE,True,2,1,0001213900-26-081974,2026-07-28T10:37:38Z,,publication_policy_plan_12d859a36d394cfb92305360db011346,fed4727c8793fc4112b1821fd4ae8cca7c5f79594e5b3441adcd8b51aa1ebf99,d72321a730d8d28e411a25a793ef9118a60a448ff4bdbf8838dca29c045c6aa5,APPLIED_VERIFIED
OPTT,2527,2026,Q4,AMBIGUOUS,PUBLICATION_EVENT_POLICY_V1,POLICY_V1_REVIEW,False,0,0,,,REVIEW_REQUIRED_EVENT_SCOPE,publication_policy_plan_12d859a36d394cfb92305360db011346,fed4727c8793fc4112b1821fd4ae8cca7c5f79594e5b3441adcd8b51aa1ebf99,e770604bcd7d07730c37392bbebc5e3f9190b07bf24646a47a60c0ceec1e2861,UNTOUCHED_REVIEW
