company_id,ticker,security_category,daily_max_date,current_price_date,daily_marketcap_usd,daily_price,daily_implied_units,accepted_provider_date,accepted_sharesbas,provider_sharefactor,reviewed_exact_factor,latest_factor_residual_pct,exact_filing_date_residual_pct,reviewed_factor_residual_pct,cap_rounding_unit_bound,official_units_inside_cap_rounding_interval,path_a_vs_b_diff_pct,path_a_vs_c_diff_pct,classification,safe_daily_approved
187,ARAY,Domestic Common Stock,2026-10-07,2026-10-07,30200000.0,0.25,120800000.0,2026-08-27,119439307.0,1.0,,1.1392338369813126,0.14742015824371624,,200000.0,,1.1392338369813126,1.1392338369813126,CURRENT_SHARE_SOURCE_MISSING,False
203,ARTL,Domestic Common Stock Primary Class,2026-10-07,2026-10-07,1700000.0,3.4100000858306885,498533.71179193794,2026-08-12,510563.0,1.0,,2.3560830314891756,0.9446006498306847,,14662.756229174645,,,,CURRENT_SHARE_SOURCE_MISSING,False
228,ATPC,Domestic Common Stock,2026-10-07,2026-10-07,2000000.0,2.0299999713897705,985221.6887622752,2026-08-14,1000626.0,1.0,,1.5394674171693379,0.3387943404456806,,24630.54221905688,,1.5394674171693268,1.5394674171693268,CURRENT_SHARE_SOURCE_MISSING,False
242,AVB,Domestic Common Stock,2026-08-14,2026-08-24,26283400000.0,65.90046691894531,398834806.92674655,2026-07-30,142797963.0,1.0,,179.30006741535,5.564654770306987e-06,,758.7199656945953,,,,CURRENT_SHARE_SOURCE_MISSING,False
281,BBLG,Domestic Common Stock Primary Class,2026-10-07,2026-10-07,1300000.0,0.4880000054836273,2663934.396295034,2026-08-14,2756057.0,1.0,,3.3425507420552725,0.2890142310759458,,102459.01524211669,,,,CURRENT_SHARE_SOURCE_MISSING,False
355,BOXL,Domestic Common Stock,2026-10-07,2026-10-07,2200000.0,3.240000009536743,679012.3436803807,2026-08-14,667393.0,1.0,,1.741004727406592,0.8274729286758653,,15432.098720008653,,,,CURRENT_SHARE_SOURCE_MISSING,False
363,BRTX,Domestic Common Stock,2026-10-07,2026-10-07,2900000.0,2.240000009536743,1294642.851630948,2026-05-14,1273908.0,1.0,,1.6276569132894991,0.26646357461221903,,22321.428476395657,,,,CURRENT_SHARE_SOURCE_MISSING,False
642,DBGI,Domestic Common Stock Primary Class,2026-10-07,2026-10-07,4000000.0,4.329999923706055,923787.5451453571,2026-08-19,933509.0,1.0,,1.0413884445295007,0.34277770856989687,,11547.344314316964,,,,CURRENT_SHARE_SOURCE_MISSING,False
739,EDBL,Domestic Common Stock Primary Class,2026-10-07,2026-10-07,2200000.0,1.1399999856948853,1929824.5856196159,2026-08-14,1951509.0,1.0,,1.1111613823141075,1.25743228402313,,43859.64967317309,,,,CURRENT_SHARE_SOURCE_MISSING,False
752,ELAB,Domestic Common Stock,2026-10-07,2026-10-07,2500000.0,3.140000104904175,796178.3173495447,2026-08-14,809579.0,1.0,,1.6552655948900985,0.44564065851673273,,15923.566346990896,,1.6552655948900763,1.6552655948900763,CURRENT_SHARE_SOURCE_MISSING,False
843,FCUV,Domestic Common Stock,2026-10-07,2026-10-07,3200000.0,4.510000228881836,709534.3320621905,2026-08-14,702745.0,1.0,,0.9661160253279011,1.2514955017904117,,11086.473938471727,,0.9661160253279011,0.9661160253279011,CURRENT_SHARE_SOURCE_MISSING,False
892,FRGT,Domestic Common Stock,2026-10-07,2026-10-07,100000.0,0.25200000405311584,396825.39044293936,2026-05-14,332125.0,1.0,,19.480734796519194,1.2814896623209893,,198412.69522146968,,19.480734796519172,19.480734796519172,CURRENT_SHARE_SOURCE_MISSING,False
924,GCTK,Domestic Common Stock,2026-10-07,2026-10-07,800000.0,1.149999976158142,695652.1883353397,2026-08-14,705255.0,1.0,,1.3616084486689717,0.4525833188015138,,43478.26177095873,,,,CURRENT_SHARE_SOURCE_MISSING,False
961,GNLN,Domestic Common Stock,2026-10-07,2026-10-07,2000000.0,2.950000047683716,677966.0907362907,2026-08-14,694544.0,1.0,,2.386876751323075,3.0190845311918624,,16949.152268407266,,2.3868767513230638,2.3868767513230638,CURRENT_SHARE_SOURCE_MISSING,False
975,GPMT,Domestic Common Stock Primary Class,2026-10-07,2026-10-07,35500000.0,7.369999885559082,4816825.040874068,2026-08-05,48198166.0,1.0,,90.00620679037027,0.0038051240372816153,,6784.2606209493915,,,,CURRENT_SHARE_SOURCE_MISSING,False
981,GRI,Domestic Common Stock,2026-10-07,2026-10-07,4000000.0,1.850000023841858,2162162.134297318,2026-08-14,2186115.0,1.0,,1.0956818695577408,1.3473153185193487,,27027.02667871647,,1.0956818695577297,1.0956818695577408,CURRENT_SHARE_SOURCE_MISSING,False
997,GUTS,Domestic Common Stock,2026-10-07,2026-10-07,60000000.0,4.519999980926514,13274336.339200856,2026-08-10,159179848.0,1.0,,91.6607934320927,0.043181903835520785,,11061.946949334048,,,,CURRENT_SHARE_SOURCE_MISSING,False
1018,HCWB,Domestic Common Stock,2026-10-07,2026-10-07,2900000.0,1.559999942779541,1858974.4271611345,2026-08-14,1836324.0,1.0,,1.233465726153704,0.4337900634515668,,32051.283226916115,,1.2334657261536819,1.2334657261536819,CURRENT_SHARE_SOURCE_MISSING,False
1061,HRTX,Domestic Common Stock,2026-10-07,2026-10-07,72900000.0,0.3799999952316284,191842107.6704591,2026-08-10,189852307.0,1.0,,1.0480782150617207,0.0008220765751909553,,131578.94901951926,,1.0480782150617207,1.0480782150617207,CURRENT_SHARE_SOURCE_MISSING,False
1111,ILLR,Domestic Common Stock Primary Class,2026-10-07,2026-10-07,1000000.0,0.05000000074505806,19999999.70197678,2026-08-13,20487382.0,1.0,,2.378938890402005,0.10295398539055256,,999999.985098839,,,,CURRENT_SHARE_SOURCE_MISSING,False
1164,ISPC,Domestic Common Stock,2026-10-07,2026-10-07,2800000.0,1.100000023841858,2545454.4902833053,2026-08-14,2518590.0,1.0,,1.0666480166801717,0.5853804443491484,,45454.544469344735,,1.0666480166801717,1.0666480166801717,CURRENT_SHARE_SOURCE_MISSING,False
1328,LRHC,Domestic Common Stock,2026-10-07,2026-10-07,800000.0,1.5099999904632568,529801.3278493902,2026-08-21,552972.0,1.0,,4.190207126330048,1.8248777628999457,,33112.58299058689,,,,CURRENT_SHARE_SOURCE_MISSING,False
1446,MNST,Domestic Common Stock,2026-10-07,2026-10-07,84004100000.0,42.880001068115234,1959050790.7534516,2026-08-07,1959051764.0,1.0,,4.967947077050283e-05,99.9999803467991,,1166.0447470739236,,,,CURRENT_SHARE_SOURCE_MISSING,False
1508,MYSZ,Domestic Common Stock,2026-10-07,2026-10-07,1100000.0,1.4700000286102295,748299.3051639355,2026-08-13,728482.0,1.0,,2.7203561877898963,1.5323604995320705,,34013.60478017889,,2.720356187789874,2.720356187789874,CURRENT_SHARE_SOURCE_MISSING,False
1643,ONCO,Domestic Common Stock,2026-10-07,2026-10-07,2400000.0,0.597000002861023,4020100.4832469015,2026-08-13,3949107.0,1.0,,1.797709792287261,0.48484298485627075,,83752.09340097712,,1.797709792287261,1.797709792287261,CURRENT_SHARE_SOURCE_MISSING,False
1833,QRVO,Domestic Common Stock,2026-10-06,2026-10-05,182653200000.0,,,2026-07-28,88221633.0,1.0,,,0.0002105450651712637,,,,,1713.4275058511416,CURRENT_SHARE_SOURCE_MISSING,False
1955,SBFM,Domestic Common Stock Primary Class,2026-10-07,2026-10-07,2700000.0,0.699999988079071,3857142.92282961,2026-08-13,3877337.0,1.0,,0.5208233684714569,1.0143473901460531,,71428.57264499278,,,,CURRENT_SHARE_SOURCE_MISSING,False
1965,SCNI,Domestic Common Stock Primary Class,2026-10-07,2026-10-07,600000.0,1.1299999952316284,530973.4535680342,2026-08-26,22800887584.0,0.0,2.5e-05,,,6.850388764579041,44247.78779733619,True,,,QUARTERLY_SHARE_COUNT_ONLY,False
1970,SDST,Domestic Common Stock Primary Class,2026-10-07,2026-10-07,1100000.0,0.07500000298023224,14666666.083865719,2026-08-13,14049388.0,1.0,,4.393629700209845,0.48585076320426523,,666666.6401757145,,,,CURRENT_SHARE_SOURCE_MISSING,False
2018,SLE,Domestic Common Stock,2026-10-07,2026-10-07,8100000.0,4.760000228881836,1701680.5904445846,2026-08-14,1695120.0,1.0,,0.38702808323802795,1.245409730715974,,10504.201175583856,,0.38702808323802795,0.38702808323802795,CURRENT_SHARE_SOURCE_MISSING,False
2025,SLXN,Domestic Common Stock Primary Class,2026-10-07,2026-10-07,1400000.0,0.2540000081062317,5511810.847716473,2026-08-14,5560256.0,1.0,,0.8712755722673049,1.5119002400163506,,196850.3874184455,,,,CURRENT_SHARE_SOURCE_MISSING,False
2041,SNGX,Domestic Common Stock Primary Class,2026-10-07,2026-10-07,7700000.0,0.3499999940395355,22000000.374657772,2026-08-07,21765479.0,1.0,,1.0774923660433755,0.13504317948525024,,142857.14528998555,,,,CURRENT_SHARE_SOURCE_MISSING,False
2048,SOBR,Domestic Common Stock,2026-09-16,2026-10-07,800000.0,0.15000000596046448,5333333.121405716,2026-08-14,5387210.0,1.0,,1.0000887025804484,0.8830657927879404,,333333.32008785725,,,,CURRENT_SHARE_SOURCE_MISSING,False
2185,TNON,Domestic Common Stock Primary Class,2026-10-07,2026-10-07,2300000.0,3.5,657142.8571428572,2026-08-13,667047.0,1.0,,1.4847743647963152,0.6137408004706302,,14285.714285714286,,,,CURRENT_SHARE_SOURCE_MISSING,False
2308,VIVS,Domestic Common Stock,2026-10-07,2026-10-07,2900000.0,0.1899999976158142,15263158.086264234,2026-08-12,14850612.0,1.0,,2.777973636805231,0.6166470137506042,,263157.8980390385,,,,CURRENT_SHARE_SOURCE_MISSING,False
2336,VSTD,Domestic Common Stock,2026-07-27,2026-10-06,300000.0,0.019999999552965164,15000000.335276134,2025-08-20,14224980.0,1.0,,5.448305271966181,,,2500000.055879356,,,,CURRENT_SHARE_SOURCE_MISSING,False
2345,VVOS,Domestic Common Stock,2026-10-07,2026-10-07,3000000.0,0.1509999930858612,19867550.578589417,2026-08-14,20118023.0,1.0,,1.2450150862765352,0.006983410836403081,,331125.8429764903,,,,CURRENT_SHARE_SOURCE_MISSING,False
2410,XAIR,Domestic Common Stock,2026-10-07,2026-10-07,2400000.0,2.5399999618530273,944881.9039544819,2026-08-13,957631.0,1.0,,1.331316138002847,0.40451641252987613,,19685.039665718374,,1.3313161380028582,1.3313161380028582,CURRENT_SHARE_SOURCE_MISSING,False
2431,XXII,Domestic Common Stock,2026-10-07,2026-10-07,600000.0,0.8920000195503235,672645.7251676664,2026-08-14,713994.0,1.0,,5.791123571393253,0.38781919460764147,,56053.81043063887,,5.791123571393253,5.791123571393253,CURRENT_SHARE_SOURCE_MISSING,False
