ticker,company_id,fiscal_year,fiscal_quarter,prior_status,recognition_cluster,fresh_outcome,fresh_candidate_count,parent_accession,parent_acceptance_timestamp,matching_method,allowlist_selected,rehearsal_result,production_apply_result,post_status,skip_reason,current_scope_classification,current_status
DRI,707,2027,Q1,UNRESOLVED,EXHIBIT_QUARTER_CONTEXT,NOT_RUN,,,,,NOT_RUN,NOT_RUN,NOT_RUN,UNRESOLVED,EXISTING_WRITER_OPERATOR_GATE_CONFLICT,SELECTED_OPEN,UNRESOLVED
CAG,394,2027,Q1,UNRESOLVED,EXHIBIT_QUARTER_CONTEXT,NOT_RUN,,,,,NOT_RUN,NOT_RUN,NOT_RUN,UNRESOLVED,EXISTING_WRITER_OPERATOR_GATE_CONFLICT,SELECTED_OPEN,UNRESOLVED
KMX,1225,2027,Q2,UNRESOLVED,EXHIBIT_QUARTER_CONTEXT,NOT_RUN,,,,,NOT_RUN,NOT_RUN,NOT_RUN,UNRESOLVED,EXISTING_WRITER_OPERATOR_GATE_CONFLICT,SELECTED_OPEN,UNRESOLVED
CCL,420,2026,Q3,UNRESOLVED,EXHIBIT_QUARTER_CONTEXT,NOT_RUN,,,,,NOT_RUN,NOT_RUN,NOT_RUN,UNRESOLVED,EXISTING_WRITER_OPERATOR_GATE_CONFLICT,SELECTED_OPEN,UNRESOLVED
CBRL,412,2026,Q4,UNRESOLVED,EXHIBIT_QUARTER_CONTEXT,NOT_RUN,,,,,NOT_RUN,NOT_RUN,NOT_RUN,UNRESOLVED,EXISTING_WRITER_OPERATOR_GATE_CONFLICT,SELECTED_OPEN,UNRESOLVED
NX,1602,2026,Q3,UNRESOLVED,EXHIBIT_QUARTER_CONTEXT,NOT_RUN,,,,,NOT_RUN,NOT_RUN,NOT_RUN,UNRESOLVED,EXISTING_WRITER_OPERATOR_GATE_CONFLICT,SELECTED_OPEN,UNRESOLVED
MTRX,1487,2026,Q4,UNRESOLVED,EXHIBIT_QUARTER_CONTEXT,NOT_RUN,,,,,NOT_RUN,NOT_RUN,NOT_RUN,UNRESOLVED,EXISTING_WRITER_OPERATOR_GATE_CONFLICT,SELECTED_OPEN,UNRESOLVED
SWBI,2110,2027,Q1,UNRESOLVED,EXHIBIT_QUARTER_CONTEXT,NOT_RUN,,,,,NOT_RUN,NOT_RUN,NOT_RUN,UNRESOLVED,EXISTING_WRITER_OPERATOR_GATE_CONFLICT,SELECTED_OPEN,UNRESOLVED
KOSS,1237,2026,Q4,UNRESOLVED,EXHIBIT_QUARTER_CONTEXT,NOT_RUN,,,,,NOT_RUN,NOT_RUN,NOT_RUN,UNRESOLVED,EXISTING_WRITER_OPERATOR_GATE_CONFLICT,SELECTED_OPEN,UNRESOLVED
DLTR,685,2027,Q2,UNRESOLVED,EXHIBIT_QUARTER_CONTEXT,NOT_RUN,,,,,NOT_RUN,NOT_RUN,NOT_RUN,UNRESOLVED,EXISTING_WRITER_OPERATOR_GATE_CONFLICT,SELECTED_OPEN,UNRESOLVED
DY,728,2027,Q2,UNRESOLVED,EXHIBIT_QUARTER_CONTEXT,NOT_RUN,,,,,NOT_RUN,NOT_RUN,NOT_RUN,UNRESOLVED,EXISTING_WRITER_OPERATOR_GATE_CONFLICT,SELECTED_OPEN,UNRESOLVED
NDSN,1522,2026,Q3,UNRESOLVED,EXHIBIT_QUARTER_CONTEXT,NOT_RUN,,,,,NOT_RUN,NOT_RUN,NOT_RUN,UNRESOLVED,EXISTING_WRITER_OPERATOR_GATE_CONFLICT,SELECTED_OPEN,UNRESOLVED
EAT,731,2026,Q4,UNRESOLVED,EXHIBIT_QUARTER_CONTEXT,NOT_RUN,,,,,NOT_RUN,NOT_RUN,NOT_RUN,UNRESOLVED,EXISTING_WRITER_OPERATOR_GATE_CONFLICT,SELECTED_OPEN,UNRESOLVED
EL,751,2026,Q4,UNRESOLVED,EXHIBIT_QUARTER_CONTEXT,NOT_RUN,,,,,NOT_RUN,NOT_RUN,NOT_RUN,UNRESOLVED,EXISTING_WRITER_OPERATOR_GATE_CONFLICT,SELECTED_OPEN,UNRESOLVED
AVT,251,2026,Q4,UNRESOLVED,EXHIBIT_QUARTER_CONTEXT,NOT_RUN,,,,,NOT_RUN,NOT_RUN,NOT_RUN,UNRESOLVED,EXISTING_WRITER_OPERATOR_GATE_CONFLICT,SELECTED_OPEN,UNRESOLVED
CTOR,596,2026,Q3,UNRESOLVED,EXHIBIT_QUARTER_CONTEXT,NOT_RUN,,,,,NOT_RUN,NOT_RUN,NOT_RUN,UNRESOLVED,EXISTING_WRITER_OPERATOR_GATE_CONFLICT,SELECTED_OPEN,UNRESOLVED
CTXR,602,2026,Q3,UNRESOLVED,EXHIBIT_QUARTER_CONTEXT,NOT_RUN,,,,,NOT_RUN,NOT_RUN,NOT_RUN,UNRESOLVED,EXISTING_WRITER_OPERATOR_GATE_CONFLICT,SELECTED_OPEN,UNRESOLVED
YETI,2435,2026,Q2,UNRESOLVED,EXHIBIT_QUARTER_CONTEXT,NOT_RUN,,,,,NOT_RUN,NOT_RUN,NOT_RUN,UNRESOLVED,EXISTING_WRITER_OPERATOR_GATE_CONFLICT,SELECTED_OPEN,UNRESOLVED
ATRO,232,2026,Q2,UNRESOLVED,EXHIBIT_QUARTER_CONTEXT,NOT_RUN,,,,,NOT_RUN,NOT_RUN,NOT_RUN,UNRESOLVED,EXISTING_WRITER_OPERATOR_GATE_CONFLICT,SELECTED_OPEN,UNRESOLVED
JACK,1176,2026,Q3,UNRESOLVED,EXHIBIT_QUARTER_CONTEXT,NOT_RUN,,,,,NOT_RUN,NOT_RUN,NOT_RUN,UNRESOLVED,EXISTING_WRITER_OPERATOR_GATE_CONFLICT,SELECTED_OPEN,UNRESOLVED
RRR,1923,2026,Q2,UNRESOLVED,EXHIBIT_QUARTER_CONTEXT,NOT_RUN,,,,,NOT_RUN,NOT_RUN,NOT_RUN,UNRESOLVED,EXISTING_WRITER_OPERATOR_GATE_CONFLICT,SELECTED_OPEN,UNRESOLVED
ALGS,103,2026,Q2,UNRESOLVED,EXHIBIT_QUARTER_CONTEXT,IDENTITY_OR_SCOPE_DRIFT,,,,,NOT_RUN,NOT_RUN,NOT_RUN,UNRESOLVED,NOT_IN_CURRENT_SCOPE,NOT_IN_CURRENT_SCOPE,UNRESOLVED
CNR,515,2026,Q2,UNRESOLVED,EXHIBIT_QUARTER_CONTEXT,IDENTITY_OR_SCOPE_DRIFT,,,,,NOT_RUN,NOT_RUN,NOT_RUN,UNRESOLVED,NOT_IN_CURRENT_SCOPE,NOT_IN_CURRENT_SCOPE,UNRESOLVED
FUN,911,2026,Q2,UNRESOLVED,EXHIBIT_QUARTER_CONTEXT,IDENTITY_OR_SCOPE_DRIFT,,,,,NOT_RUN,NOT_RUN,NOT_RUN,UNRESOLVED,NOT_IN_CURRENT_SCOPE,NOT_IN_CURRENT_SCOPE,UNRESOLVED
KLAC,1217,2026,Q4,UNRESOLVED,EXHIBIT_QUARTER_CONTEXT,IDENTITY_OR_SCOPE_DRIFT,,,,,NOT_RUN,NOT_RUN,NOT_RUN,UNRESOLVED,NOT_IN_CURRENT_SCOPE,NOT_IN_CURRENT_SCOPE,UNRESOLVED
MELI,1404,2026,Q2,UNRESOLVED,EXHIBIT_QUARTER_CONTEXT,IDENTITY_OR_SCOPE_DRIFT,,,,,NOT_RUN,NOT_RUN,NOT_RUN,UNRESOLVED,NOT_IN_CURRENT_SCOPE,NOT_IN_CURRENT_SCOPE,UNRESOLVED
SPH,2058,2026,Q3,UNRESOLVED,EXHIBIT_QUARTER_CONTEXT,IDENTITY_OR_SCOPE_DRIFT,,,,,NOT_RUN,NOT_RUN,NOT_RUN,UNRESOLVED,NOT_IN_CURRENT_SCOPE,NOT_IN_CURRENT_SCOPE,UNRESOLVED
TNC,2180,2026,Q2,UNRESOLVED,EXHIBIT_QUARTER_CONTEXT,IDENTITY_OR_SCOPE_DRIFT,,,,,NOT_RUN,NOT_RUN,NOT_RUN,UNRESOLVED,NOT_IN_CURRENT_SCOPE,NOT_IN_CURRENT_SCOPE,UNRESOLVED
CPB,544,2026,Q4,NOT_FOUND,ITEM202_HEADING_VARIANTS,NOT_RUN,,,,,NOT_RUN,NOT_RUN,NOT_RUN,NOT_FOUND,EXISTING_WRITER_OPERATOR_GATE_CONFLICT,SELECTED_OPEN,NOT_FOUND
ORCL,1658,2027,Q1,NOT_FOUND,ITEM202_HEADING_VARIANTS,NOT_RUN,,,,,NOT_RUN,NOT_RUN,NOT_RUN,NOT_FOUND,EXISTING_WRITER_OPERATOR_GATE_CONFLICT,SELECTED_OPEN,NOT_FOUND
MIND,1423,2027,Q2,NOT_FOUND,ITEM202_HEADING_VARIANTS,NOT_RUN,,,,,NOT_RUN,NOT_RUN,NOT_RUN,NOT_FOUND,EXISTING_WRITER_OPERATOR_GATE_CONFLICT,SELECTED_OPEN,NOT_FOUND
LYTS,1358,2026,Q4,NOT_FOUND,ITEM202_HEADING_VARIANTS,NOT_RUN,,,,,NOT_RUN,NOT_RUN,NOT_RUN,NOT_FOUND,EXISTING_WRITER_OPERATOR_GATE_CONFLICT,SELECTED_OPEN,NOT_FOUND
PHR,1736,2027,Q2,NOT_FOUND,ITEM202_HEADING_VARIANTS,NOT_RUN,,,,,NOT_RUN,NOT_RUN,NOT_RUN,NOT_FOUND,EXISTING_WRITER_OPERATOR_GATE_CONFLICT,SELECTED_OPEN,NOT_FOUND
OKTA,1630,2027,Q2,NOT_FOUND,ITEM202_HEADING_VARIANTS,NOT_RUN,,,,,NOT_RUN,NOT_RUN,NOT_RUN,NOT_FOUND,EXISTING_WRITER_OPERATOR_GATE_CONFLICT,SELECTED_OPEN,NOT_FOUND
WDAY,2357,2027,Q2,NOT_FOUND,ITEM202_HEADING_VARIANTS,NOT_RUN,,,,,NOT_RUN,NOT_RUN,NOT_RUN,NOT_FOUND,EXISTING_WRITER_OPERATOR_GATE_CONFLICT,SELECTED_OPEN,NOT_FOUND
SRTS,2079,2026,Q2,NOT_FOUND,ITEM202_HEADING_VARIANTS,NOT_RUN,,,,,NOT_RUN,NOT_RUN,NOT_RUN,NOT_FOUND,EXISTING_WRITER_OPERATOR_GATE_CONFLICT,SELECTED_OPEN,NOT_FOUND
MYSZ,1508,2026,Q2,NOT_FOUND,ITEM202_HEADING_VARIANTS,NOT_RUN,,,,,NOT_RUN,NOT_RUN,NOT_RUN,NOT_FOUND,EXISTING_WRITER_OPERATOR_GATE_CONFLICT,SELECTED_OPEN,NOT_FOUND
PDSB,1711,2026,Q2,NOT_FOUND,ITEM202_HEADING_VARIANTS,NOT_RUN,,,,,NOT_RUN,NOT_RUN,NOT_RUN,NOT_FOUND,EXISTING_WRITER_OPERATOR_GATE_CONFLICT,SELECTED_OPEN,NOT_FOUND
CRS,572,2026,Q4,NOT_FOUND,ITEM202_HEADING_VARIANTS,NOT_RUN,,,,,NOT_RUN,NOT_RUN,NOT_RUN,NOT_FOUND,EXISTING_WRITER_OPERATOR_GATE_CONFLICT,SELECTED_OPEN,NOT_FOUND
CBRS,2486,2026,Q2,NOT_FOUND,ITEM202_HEADING_VARIANTS,NOT_RUN,,,,,NOT_RUN,NOT_RUN,NOT_RUN,NOT_FOUND,EXISTING_WRITER_OPERATOR_GATE_CONFLICT,SELECTED_OPEN,NOT_FOUND
CAH,395,2026,Q4,NOT_FOUND,ITEM202_HEADING_VARIANTS,NOT_RUN,,,,,NOT_RUN,NOT_RUN,NOT_RUN,NOT_FOUND,EXISTING_WRITER_OPERATOR_GATE_CONFLICT,SELECTED_OPEN,NOT_FOUND
FF,852,2026,Q2,NOT_FOUND,ITEM202_HEADING_VARIANTS,NOT_RUN,,,,,NOT_RUN,NOT_RUN,NOT_RUN,NOT_FOUND,EXISTING_WRITER_OPERATOR_GATE_CONFLICT,SELECTED_OPEN,NOT_FOUND
HNRG,1040,2026,Q2,NOT_FOUND,ITEM202_HEADING_VARIANTS,NOT_RUN,,,,,NOT_RUN,NOT_RUN,NOT_RUN,NOT_FOUND,EXISTING_WRITER_OPERATOR_GATE_CONFLICT,SELECTED_OPEN,NOT_FOUND
QMCO,1829,2027,Q1,NOT_FOUND,ITEM202_HEADING_VARIANTS,NOT_RUN,,,,,NOT_RUN,NOT_RUN,NOT_RUN,NOT_FOUND,EXISTING_WRITER_OPERATOR_GATE_CONFLICT,SELECTED_OPEN,NOT_FOUND
SDRL,1969,2026,Q2,NOT_FOUND,ITEM202_HEADING_VARIANTS,NOT_RUN,,,,,NOT_RUN,NOT_RUN,NOT_RUN,NOT_FOUND,EXISTING_WRITER_OPERATOR_GATE_CONFLICT,SELECTED_OPEN,NOT_FOUND
BIAF,315,2026,Q2,NOT_FOUND,ITEM202_HEADING_VARIANTS,NOT_RUN,,,,,NOT_RUN,NOT_RUN,NOT_RUN,NOT_FOUND,EXISTING_WRITER_OPERATOR_GATE_CONFLICT,SELECTED_OPEN,NOT_FOUND
DBX,645,2026,Q2,NOT_FOUND,ITEM202_HEADING_VARIANTS,NOT_RUN,,,,,NOT_RUN,NOT_RUN,NOT_RUN,NOT_FOUND,EXISTING_WRITER_OPERATOR_GATE_CONFLICT,SELECTED_OPEN,NOT_FOUND
GTN,994,2026,Q2,NOT_FOUND,ITEM202_HEADING_VARIANTS,NOT_RUN,,,,,NOT_RUN,NOT_RUN,NOT_RUN,NOT_FOUND,EXISTING_WRITER_OPERATOR_GATE_CONFLICT,SELECTED_OPEN,NOT_FOUND
ORLY,1662,2026,Q2,NOT_FOUND,ITEM202_HEADING_VARIANTS,NOT_RUN,,,,,NOT_RUN,NOT_RUN,NOT_RUN,NOT_FOUND,EXISTING_WRITER_OPERATOR_GATE_CONFLICT,SELECTED_OPEN,NOT_FOUND
OSUR,1668,2026,Q2,NOT_FOUND,ITEM202_HEADING_VARIANTS,NOT_RUN,,,,,NOT_RUN,NOT_RUN,NOT_RUN,NOT_FOUND,EXISTING_WRITER_OPERATOR_GATE_CONFLICT,SELECTED_OPEN,NOT_FOUND
ACIW,31,2026,Q2,NOT_FOUND,ITEM202_HEADING_VARIANTS,IDENTITY_OR_SCOPE_DRIFT,,,,,NOT_RUN,NOT_RUN,NOT_RUN,NOT_FOUND,NOT_IN_CURRENT_SCOPE,NOT_IN_CURRENT_SCOPE,NOT_FOUND
CGNX,451,2026,Q2,NOT_FOUND,ITEM202_HEADING_VARIANTS,IDENTITY_OR_SCOPE_DRIFT,,,,,NOT_RUN,NOT_RUN,NOT_RUN,NOT_FOUND,NOT_IN_CURRENT_SCOPE,NOT_IN_CURRENT_SCOPE,NOT_FOUND
COLD,528,2026,Q2,NOT_FOUND,ITEM202_HEADING_VARIANTS,IDENTITY_OR_SCOPE_DRIFT,,,,,NOT_RUN,NOT_RUN,NOT_RUN,NOT_FOUND,NOT_IN_CURRENT_SCOPE,NOT_IN_CURRENT_SCOPE,NOT_FOUND
DAN,636,2026,Q2,NOT_FOUND,ITEM202_HEADING_VARIANTS,IDENTITY_OR_SCOPE_DRIFT,,,,,NOT_RUN,NOT_RUN,NOT_RUN,NOT_FOUND,NOT_IN_CURRENT_SCOPE,NOT_IN_CURRENT_SCOPE,NOT_FOUND
DOCS,697,2027,Q1,NOT_FOUND,ITEM202_HEADING_VARIANTS,IDENTITY_OR_SCOPE_DRIFT,,,,,NOT_RUN,NOT_RUN,NOT_RUN,NOT_FOUND,NOT_IN_CURRENT_SCOPE,NOT_IN_CURRENT_SCOPE,NOT_FOUND
FOUR,885,2026,Q2,NOT_FOUND,ITEM202_HEADING_VARIANTS,IDENTITY_OR_SCOPE_DRIFT,,,,,NOT_RUN,NOT_RUN,NOT_RUN,NOT_FOUND,NOT_IN_CURRENT_SCOPE,NOT_IN_CURRENT_SCOPE,NOT_FOUND
LXRX,1353,2026,Q2,NOT_FOUND,ITEM202_HEADING_VARIANTS,IDENTITY_OR_SCOPE_DRIFT,,,,,NOT_RUN,NOT_RUN,NOT_RUN,NOT_FOUND,NOT_IN_CURRENT_SCOPE,NOT_IN_CURRENT_SCOPE,NOT_FOUND
OM,1636,2026,Q2,NOT_FOUND,ITEM202_HEADING_VARIANTS,IDENTITY_OR_SCOPE_DRIFT,,,,,NOT_RUN,NOT_RUN,NOT_RUN,NOT_FOUND,NOT_IN_CURRENT_SCOPE,NOT_IN_CURRENT_SCOPE,NOT_FOUND
RDW,1861,2026,Q2,NOT_FOUND,ITEM202_HEADING_VARIANTS,IDENTITY_OR_SCOPE_DRIFT,,,,,NOT_RUN,NOT_RUN,NOT_RUN,NOT_FOUND,NOT_IN_CURRENT_SCOPE,NOT_IN_CURRENT_SCOPE,NOT_FOUND
TBCH,2131,2026,Q2,NOT_FOUND,ITEM202_HEADING_VARIANTS,IDENTITY_OR_SCOPE_DRIFT,,,,,NOT_RUN,NOT_RUN,NOT_RUN,NOT_FOUND,NOT_IN_CURRENT_SCOPE,NOT_IN_CURRENT_SCOPE,NOT_FOUND
