ticker,dimension,source_identity,fiscal_year,fiscal_quarter,reportperiod,source_date,lastupdated,prior_semantic_fingerprint,old_history_row_count,new_history_row_count,removed_position,was_oldest,was_newest,older_rows_remaining,newer_rows_remaining,prior_min_reportperiod,current_min_reportperiod,current_max_reportperiod,canonical_quarter_exists,canonical_stable_quarter_identity,first_public_result_date,source_availability_date,paired_arq_mrq_removal,preliminary_classification,classification_reason
ABM,ARQ,ABM|ARQ|2016-09-08|2016-07-31,2016,Q3,2016-07-31,2016-09-08,2026-06-05,337132c8023d5897e7a30343b6edf5cf4d798a0f474c70d86b418a9d2bba0dc3,41,40,oldest,TRUE,FALSE,0,40,2016-07-31,2016-10-31,2026-07-31,TRUE,14|2016|Q3,2016-09-08,2016-09-08,TRUE,AGED_OUT_OF_SOURCE_WINDOW,Oldest ARQ row; paired oldest MRQ row; current history advances one quarter at the approximately ten-year boundary
ABM,MRQ,ABM|MRQ|2016-07-31|2016-07-31,2016,Q3,2016-07-31,2016-07-31,2026-06-05,a6ab2f30012d4c508fc0d8d05a9ffc5a42f6c3087e06b41eed40c230adcee43e,41,40,oldest,TRUE,FALSE,0,40,2016-07-31,2016-10-31,2026-07-31,TRUE,14|2016|Q3,2016-09-08,2016-09-08,TRUE,AGED_OUT_OF_SOURCE_WINDOW,Oldest MRQ row paired with oldest ARQ row
BNED,ARQ,BNED|ARQ|2016-09-08|2016-07-30,2017,Q1,2016-07-30,2016-09-08,2026-07-11,c968e531b35dfd266e482026a5cb8abbd80017de299f195c104bba5d394966fc,40,39,oldest,TRUE,FALSE,0,39,2016-07-30,2016-10-29,2026-08-01,TRUE,347|2017|Q1,2016-09-08,2016-09-08,TRUE,AGED_OUT_OF_SOURCE_WINDOW,Oldest ARQ row; paired oldest MRQ row; current history advances one quarter at the approximately ten-year boundary
BNED,MRQ,BNED|MRQ|2016-07-30|2016-07-30,2017,Q1,2016-07-30,2016-07-30,2026-07-11,5f0c40e1bd504f147d04f032e6b4c52d65e7eaaad675a9fdef35a47d7d47fb40,41,40,oldest,TRUE,FALSE,0,40,2016-07-30,2016-10-29,2026-08-01,TRUE,347|2017|Q1,2016-09-08,2016-09-08,TRUE,AGED_OUT_OF_SOURCE_WINDOW,Oldest MRQ row paired with oldest ARQ row
CASY,ARQ,CASY|ARQ|2016-09-06|2016-07-31,2017,Q1,2016-07-31,2016-09-06,2026-06-22,a0ee39600aa0187a77fbf6adfc09d4b6c5c10bc253d3ab62473e8a7d97b20774,41,40,oldest,TRUE,FALSE,0,40,2016-07-31,2016-10-31,2026-07-31,TRUE,407|2017|Q1,2016-09-06,2016-09-06,TRUE,AGED_OUT_OF_SOURCE_WINDOW,Oldest ARQ row; paired oldest MRQ row; current history advances one quarter at the approximately ten-year boundary
CASY,MRQ,CASY|MRQ|2016-07-31|2016-07-31,2017,Q1,2016-07-31,2016-07-31,2026-06-22,4fc36bf597da0979d1ef837657c279b2a84134f4ca3fc854ba942fe05c831c8f,41,40,oldest,TRUE,FALSE,0,40,2016-07-31,2016-10-31,2026-07-31,TRUE,407|2017|Q1,2016-09-06,2016-09-06,TRUE,AGED_OUT_OF_SOURCE_WINDOW,Oldest MRQ row paired with oldest ARQ row
DDS,ARQ,DDS|ARQ|2016-09-01|2016-07-30,2017,Q2,2016-07-30,2016-09-01,2026-06-05,241c14f945a15b4524a90c747df52576414c3fd58027eddb57307001916314c3,41,40,oldest,TRUE,FALSE,0,40,2016-07-30,2016-10-29,2026-08-01,TRUE,653|2017|Q2,2016-09-01,2016-09-01,TRUE,AGED_OUT_OF_SOURCE_WINDOW,Oldest ARQ row; paired oldest MRQ row; current history advances one quarter at the approximately ten-year boundary
DDS,MRQ,DDS|MRQ|2016-07-30|2016-07-30,2017,Q2,2016-07-30,2016-07-30,2026-06-05,124a70a425613d9d62c5881d00836eac7d7487cce2d1af2bfb5d76db7b002145,41,40,oldest,TRUE,FALSE,0,40,2016-07-30,2016-10-29,2026-08-01,TRUE,653|2017|Q2,2016-09-01,2016-09-01,TRUE,AGED_OUT_OF_SOURCE_WINDOW,Oldest MRQ row paired with oldest ARQ row
DELL,ARQ,DELL|ARQ|2016-09-06|2016-07-29,2017,Q2,2016-07-29,2016-09-06,2026-06-09,eee58a7c05e5d4e4843793084b677e36eb3f3ec1e8b5ca486018599bb73f1e59,41,40,oldest,TRUE,FALSE,0,40,2016-07-29,2016-10-28,2026-07-31,TRUE,659|2017|Q2,2016-09-06,2016-09-06,TRUE,AGED_OUT_OF_SOURCE_WINDOW,Oldest ARQ row; paired oldest MRQ row; current history advances one quarter at the approximately ten-year boundary
DELL,MRQ,DELL|MRQ|2016-07-29|2016-07-29,2017,Q2,2016-07-29,2016-07-29,2026-06-09,291244391d466671b899edcff7f8e46e07c0665fc55049703a2364ec3d4504d2,41,40,oldest,TRUE,FALSE,0,40,2016-07-29,2016-10-28,2026-07-31,TRUE,659|2017|Q2,2016-09-06,2016-09-06,TRUE,AGED_OUT_OF_SOURCE_WINDOW,Oldest MRQ row paired with oldest ARQ row
DLTH,ARQ,DLTH|ARQ|2016-09-09|2016-07-31,2017,Q2,2016-07-31,2016-09-09,2026-06-09,435b7b9082a3d0eab59d2dea8cf72a2f6575d6982aca30e1ab231e87d6263cc4,41,40,oldest,TRUE,FALSE,0,40,2016-07-31,2016-10-30,2026-08-02,TRUE,684|2017|Q2,2016-09-09,2016-09-09,TRUE,AGED_OUT_OF_SOURCE_WINDOW,Oldest ARQ row; paired oldest MRQ row; current history advances one quarter at the approximately ten-year boundary
DLTH,MRQ,DLTH|MRQ|2016-07-31|2016-07-31,2017,Q2,2016-07-31,2016-07-31,2026-06-09,97f7bd1d02d4ef8c4dc1bd7076382699043ba02bd40ff0bc66e7910ca5b6552b,41,40,oldest,TRUE,FALSE,0,40,2016-07-31,2016-10-30,2026-08-02,TRUE,684|2017|Q2,2016-09-09,2016-09-09,TRUE,AGED_OUT_OF_SOURCE_WINDOW,Oldest MRQ row paired with oldest ARQ row
GIII,ARQ,GIII|ARQ|2016-09-01|2016-07-31,2017,Q2,2016-07-31,2016-09-01,2026-06-08,e97583266ac1cc2c3109e1fc3a79bbdcb4636cd96dfb413239bf0ae1848a1473,41,40,oldest,TRUE,FALSE,0,40,2016-07-31,2016-10-31,2026-07-31,TRUE,947|2017|Q2,2016-09-01,2016-09-01,TRUE,AGED_OUT_OF_SOURCE_WINDOW,Oldest ARQ row; paired oldest MRQ row; current history advances one quarter at the approximately ten-year boundary
GIII,MRQ,GIII|MRQ|2016-07-31|2016-07-31,2017,Q2,2016-07-31,2016-07-31,2026-06-08,ff40e0a0f945f4f0abd9347b431c7d8efc4876e2d76daeed4e86ba9488f7ae7f,41,40,oldest,TRUE,FALSE,0,40,2016-07-31,2016-10-31,2026-07-31,TRUE,947|2017|Q2,2016-09-01,2016-09-01,TRUE,AGED_OUT_OF_SOURCE_WINDOW,Oldest MRQ row paired with oldest ARQ row
IPDN,ARQ,IPDN|ARQ|2016-08-15|2016-06-30,2016,Q2,2016-06-30,2016-08-15,2026-05-15,03657acf7c332b8cc9903256768f8e3b73cc62d1eabdd0011a18a5ae3489c84c,41,40,oldest,TRUE,FALSE,0,40,2016-06-30,2016-09-30,2026-06-30,TRUE,1152|2016|Q2,2016-08-15,2016-08-15,TRUE,AGED_OUT_OF_SOURCE_WINDOW,Oldest ARQ row; paired oldest MRQ row; current history advances one quarter at the approximately ten-year boundary
IPDN,MRQ,IPDN|MRQ|2016-06-30|2016-06-30,2016,Q2,2016-06-30,2016-06-30,2026-05-15,75d5a856e8531ecee80da2e8697ce6dd44fd1b494edd4343c61410f3541c97f9,41,40,oldest,TRUE,FALSE,0,40,2016-06-30,2016-09-30,2026-06-30,TRUE,1152|2016|Q2,2016-08-15,2016-08-15,TRUE,AGED_OUT_OF_SOURCE_WINDOW,Oldest MRQ row paired with oldest ARQ row
IRM,ARQ,IRM|ARQ|2016-08-04|2016-06-30,2016,Q2,2016-06-30,2016-08-04,2026-08-06,cddf225ff0ccfc670822761b8a6893269730611eef31854a810609065cfb2bce,41,40,oldest,TRUE,FALSE,0,40,2016-06-30,2016-09-30,2026-06-30,TRUE,1159|2016|Q2,2016-08-04,2016-08-04,TRUE,AGED_OUT_OF_SOURCE_WINDOW,Oldest ARQ row; paired oldest MRQ row; current history advances one quarter at the approximately ten-year boundary
IRM,MRQ,IRM|MRQ|2016-06-30|2016-06-30,2016,Q2,2016-06-30,2016-06-30,2026-08-06,e22051598c6f0b795d169957f2f96c038c9226ce9a6d467e64b3370e219b881b,41,40,oldest,TRUE,FALSE,0,40,2016-06-30,2016-09-30,2026-06-30,TRUE,1159|2016|Q2,2016-08-04,2016-08-04,TRUE,AGED_OUT_OF_SOURCE_WINDOW,Oldest MRQ row paired with oldest ARQ row
JAGX,ARQ,JAGX|ARQ|2016-08-15|2016-06-30,2016,Q2,2016-06-30,2016-08-15,2026-05-20,670c1fcad851df4fa9acb3e9fd103e09ad954f877f6d94b1fb6630469af88408,42,41,oldest,TRUE,FALSE,0,41,2016-06-30,2016-09-30,2026-06-30,TRUE,1177|2016|Q2,2016-08-15,2016-08-15,TRUE,AGED_OUT_OF_SOURCE_WINDOW,Oldest ARQ row; paired oldest MRQ row; current history advances one quarter at the approximately ten-year boundary
JAGX,MRQ,JAGX|MRQ|2016-06-30|2016-06-30,2016,Q2,2016-06-30,2016-06-30,2026-05-20,1681b60d8a2672d9e66305ff7d6a281b22bad81301fbb3a082ad667a206d5743,41,40,oldest,TRUE,FALSE,0,40,2016-06-30,2016-09-30,2026-06-30,TRUE,1177|2016|Q2,2016-08-15,2016-08-15,TRUE,AGED_OUT_OF_SOURCE_WINDOW,Oldest MRQ row paired with oldest ARQ row
NAMS,ARQ,NAMS|ARQ|2022-11-28|2022-06-30,2022,Q2,2022-06-30,2022-11-28,2026-08-06,541f68e00aaa9a351b13a980a74c805470cbafe65f479f108c5e821229fb2794,23,22,10,FALSE,FALSE,9,13,2020-10-07,2020-10-07,2026-06-30,TRUE,1512|2022|Q2,2022-10-13,2022-10-13,FALSE,TRUE_SOURCE_REMOVAL,Interior source-key removal only; nine older ARQ rows remain and an alternate ARQ key plus MRQ still represent the same canonical quarter
