taxonomy_version,ticker,layer,subindustry,report_group_status,is_primary,role_weight,notes
DC_TAXONOMY_FULL_V1,FCX,Upstream materials,Copper,WATCH_ONLY,1,1.0,
DC_TAXONOMY_FULL_V1,SCCO,Upstream materials,Copper,WATCH_ONLY,1,1.0,
DC_TAXONOMY_FULL_V1,TECK,Upstream materials,Copper,WATCH_ONLY,1,1.0,
DC_TAXONOMY_FULL_V1,BHP,Upstream materials,Copper,WATCH_ONLY,1,1.0,
DC_TAXONOMY_FULL_V1,RIO,Upstream materials,Copper,WATCH_ONLY,1,1.0,
DC_TAXONOMY_FULL_V1,PAAS,Upstream materials,Silver,WATCH_ONLY,1,1.0,
DC_TAXONOMY_FULL_V1,HL,Upstream materials,Silver,WATCH_ONLY,1,1.0,
DC_TAXONOMY_FULL_V1,CDE,Upstream materials,Silver,WATCH_ONLY,1,1.0,
DC_TAXONOMY_FULL_V1,AG,Upstream materials,Silver,WATCH_ONLY,1,1.0,
DC_TAXONOMY_FULL_V1,WPM,Upstream materials,Silver,WATCH_ONLY,1,1.0,
DC_TAXONOMY_FULL_V1,GLW,Upstream materials,Glass / optical materials / specialty glass,WATCH_ONLY,1,1.0,
DC_TAXONOMY_FULL_V1,COHR,Upstream materials,Glass / optical materials / specialty glass,WATCH_ONLY,1,1.0,
DC_TAXONOMY_FULL_V1,FN,Upstream materials,Glass / optical materials / specialty glass,WATCH_ONLY,1,1.0,
DC_TAXONOMY_FULL_V1,APD,Upstream materials,Glass / optical materials / specialty glass,WATCH_ONLY,1,1.0,
DC_TAXONOMY_FULL_V1,ATI,Upstream materials,Glass / optical materials / specialty glass,WATCH_ONLY,1,1.0,
DC_TAXONOMY_FULL_V1,AXTI,Upstream materials,Glass / optical materials / specialty glass,WATCH_ONLY,1,1.0,
DC_TAXONOMY_FULL_V1,IQE,Upstream materials,Glass / optical materials / specialty glass,WATCH_ONLY,1,1.0,
DC_TAXONOMY_FULL_V1,AA,Upstream materials,Aluminum and steel,WATCH_ONLY,1,1.0,
DC_TAXONOMY_FULL_V1,MT,Upstream materials,Aluminum and steel,WATCH_ONLY,1,1.0,
DC_TAXONOMY_FULL_V1,NUE,Upstream materials,Aluminum and steel,WATCH_ONLY,1,1.0,
DC_TAXONOMY_FULL_V1,STLD,Upstream materials,Aluminum and steel,WATCH_ONLY,1,1.0,
DC_TAXONOMY_FULL_V1,PKX,Upstream materials,Aluminum and steel,WATCH_ONLY,1,1.0,
DC_TAXONOMY_FULL_V1,CENX,Upstream materials,Aluminum and steel,WATCH_ONLY,1,1.0,
DC_TAXONOMY_FULL_V1,MP,Upstream materials,Specialty metals,WATCH_ONLY,1,1.0,
DC_TAXONOMY_FULL_V1,UUUU,Upstream materials,Specialty metals,WATCH_ONLY,1,1.0,
DC_TAXONOMY_FULL_V1,NB,Upstream materials,Specialty metals,WATCH_ONLY,1,1.0,
DC_TAXONOMY_FULL_V1,IPX,Upstream materials,Specialty metals,WATCH_ONLY,1,1.0,
DC_TAXONOMY_FULL_V1,USAR,Upstream materials,Specialty metals,WATCH_ONLY,1,1.0,
DC_TAXONOMY_FULL_V1,ATI,Upstream materials,Specialty metals,WATCH_ONLY,0,1.0,
DC_TAXONOMY_FULL_V1,HWM,Upstream materials,Specialty metals,WATCH_ONLY,1,1.0,
DC_TAXONOMY_FULL_V1,CRS,Upstream materials,Specialty metals,WATCH_ONLY,1,1.0,
DC_TAXONOMY_FULL_V1,ALOY,Upstream materials,Specialty metals,WATCH_ONLY,1,1.0,
DC_TAXONOMY_FULL_V1,ASPI,Upstream materials,Specialty metals,WATCH_ONLY,1,1.0,
DC_TAXONOMY_FULL_V1,ILU.AX,Upstream materials,Specialty metals,WATCH_ONLY,1,1.0,
DC_TAXONOMY_FULL_V1,NVDA,Compute silicon,GPU / AI accelerators / custom silicon,EXTENDED,1,1.0,
DC_TAXONOMY_FULL_V1,AMD,Compute silicon,GPU / AI accelerators / custom silicon,EXTENDED,1,1.0,
DC_TAXONOMY_FULL_V1,AVGO,Compute silicon,GPU / AI accelerators / custom silicon,EXTENDED,1,1.0,
DC_TAXONOMY_FULL_V1,MRVL,Compute silicon,GPU / AI accelerators / custom silicon,EXTENDED,1,1.0,
DC_TAXONOMY_FULL_V1,QCOM,Compute silicon,GPU / AI accelerators / custom silicon,EXTENDED,1,1.0,
DC_TAXONOMY_FULL_V1,ARM,Compute silicon,GPU / AI accelerators / custom silicon,EXTENDED,1,1.0,
DC_TAXONOMY_FULL_V1,INTC,Compute silicon,GPU / AI accelerators / custom silicon,EXTENDED,1,1.0,
DC_TAXONOMY_FULL_V1,TSM,Compute silicon,GPU / AI accelerators / custom silicon,EXTENDED,1,1.0,
DC_TAXONOMY_FULL_V1,AMD,Compute silicon,CPUs,EXTENDED,0,1.0,
DC_TAXONOMY_FULL_V1,INTC,Compute silicon,CPUs,EXTENDED,0,1.0,
DC_TAXONOMY_FULL_V1,QCOM,Compute silicon,CPUs,EXTENDED,0,1.0,
DC_TAXONOMY_FULL_V1,ARM,Compute silicon,CPUs,EXTENDED,0,1.0,
DC_TAXONOMY_FULL_V1,NVDA,Compute silicon,CPUs,EXTENDED,0,1.0,
DC_TAXONOMY_FULL_V1,MU,Compute silicon,Memory / HBM / DRAM / NAND / SSD,EXTENDED,1,1.0,
DC_TAXONOMY_FULL_V1,RMBS,Compute silicon,Memory / HBM / DRAM / NAND / SSD,EXTENDED,1,1.0,
DC_TAXONOMY_FULL_V1,WDC,Compute silicon,Memory / HBM / DRAM / NAND / SSD,EXTENDED,1,1.0,
DC_TAXONOMY_FULL_V1,STX,Compute silicon,Memory / HBM / DRAM / NAND / SSD,EXTENDED,1,1.0,
DC_TAXONOMY_FULL_V1,SNDK,Compute silicon,Memory / HBM / DRAM / NAND / SSD,EXTENDED,1,1.0,
DC_TAXONOMY_FULL_V1,SIMO,Compute silicon,Memory / HBM / DRAM / NAND / SSD,EXTENDED,1,1.0,
DC_TAXONOMY_FULL_V1,MPWR,Compute silicon,"Analog, power IC, embedded, specialty semis",EXTENDED,1,1.0,
DC_TAXONOMY_FULL_V1,ADI,Compute silicon,"Analog, power IC, embedded, specialty semis",EXTENDED,1,1.0,
DC_TAXONOMY_FULL_V1,TXN,Compute silicon,"Analog, power IC, embedded, specialty semis",EXTENDED,1,1.0,
DC_TAXONOMY_FULL_V1,NXPI,Compute silicon,"Analog, power IC, embedded, specialty semis",EXTENDED,1,1.0,
DC_TAXONOMY_FULL_V1,MCHP,Compute silicon,"Analog, power IC, embedded, specialty semis",EXTENDED,1,1.0,
DC_TAXONOMY_FULL_V1,LSCC,Compute silicon,"Analog, power IC, embedded, specialty semis",EXTENDED,1,1.0,
DC_TAXONOMY_FULL_V1,STM,Compute silicon,"Analog, power IC, embedded, specialty semis",EXTENDED,1,1.0,
DC_TAXONOMY_FULL_V1,ON,Compute silicon,"Analog, power IC, embedded, specialty semis",EXTENDED,1,1.0,
DC_TAXONOMY_FULL_V1,POWI,Compute silicon,"Analog, power IC, embedded, specialty semis",EXTENDED,1,1.0,
DC_TAXONOMY_FULL_V1,VSH,Compute silicon,"Analog, power IC, embedded, specialty semis",EXTENDED,1,1.0,
DC_TAXONOMY_FULL_V1,DIOD,Compute silicon,"Analog, power IC, embedded, specialty semis",EXTENDED,1,1.0,
DC_TAXONOMY_FULL_V1,ALGM,Compute silicon,"Analog, power IC, embedded, specialty semis",EXTENDED,1,1.0,
DC_TAXONOMY_FULL_V1,SITM,Compute silicon,"Analog, power IC, embedded, specialty semis",EXTENDED,1,1.0,
DC_TAXONOMY_FULL_V1,TSEM,Compute silicon,"Analog, power IC, embedded, specialty semis",EXTENDED,1,1.0,
DC_TAXONOMY_FULL_V1,SYNA,Compute silicon,"Analog, power IC, embedded, specialty semis",EXTENDED,1,1.0,
DC_TAXONOMY_FULL_V1,SWKS,Compute silicon,"Analog, power IC, embedded, specialty semis",EXTENDED,1,1.0,
DC_TAXONOMY_FULL_V1,QRVO,Compute silicon,"Analog, power IC, embedded, specialty semis",EXTENDED,1,1.0,
DC_TAXONOMY_FULL_V1,SLAB,Compute silicon,"Analog, power IC, embedded, specialty semis",EXTENDED,1,1.0,
DC_TAXONOMY_FULL_V1,CRUS,Compute silicon,"Analog, power IC, embedded, specialty semis",EXTENDED,1,1.0,
DC_TAXONOMY_FULL_V1,AMBA,Compute silicon,"Analog, power IC, embedded, specialty semis",EXTENDED,1,1.0,
DC_TAXONOMY_FULL_V1,TSM,Semiconductor manufacturing,Foundry & packaging / OSAT,EXTENDED,0,1.0,
DC_TAXONOMY_FULL_V1,GFS,Semiconductor manufacturing,Foundry & packaging / OSAT,EXTENDED,1,1.0,
DC_TAXONOMY_FULL_V1,INTC,Semiconductor manufacturing,Foundry & packaging / OSAT,EXTENDED,0,1.0,
DC_TAXONOMY_FULL_V1,ASX,Semiconductor manufacturing,Foundry & packaging / OSAT,EXTENDED,1,1.0,
DC_TAXONOMY_FULL_V1,AMKR,Semiconductor manufacturing,Foundry & packaging / OSAT,EXTENDED,1,1.0,
DC_TAXONOMY_FULL_V1,UMC,Semiconductor manufacturing,Foundry & packaging / OSAT,EXTENDED,1,1.0,
DC_TAXONOMY_FULL_V1,ASML,Semiconductor manufacturing,Semiconductor equipment / semicap,EXTENDED,1,1.0,
DC_TAXONOMY_FULL_V1,AMAT,Semiconductor manufacturing,Semiconductor equipment / semicap,EXTENDED,1,1.0,
DC_TAXONOMY_FULL_V1,LRCX,Semiconductor manufacturing,Semiconductor equipment / semicap,EXTENDED,1,1.0,
DC_TAXONOMY_FULL_V1,KLAC,Semiconductor manufacturing,Semiconductor equipment / semicap,EXTENDED,1,1.0,
DC_TAXONOMY_FULL_V1,MKSI,Semiconductor manufacturing,Semiconductor equipment / semicap,EXTENDED,1,1.0,
DC_TAXONOMY_FULL_V1,ENTG,Semiconductor manufacturing,Semiconductor equipment / semicap,EXTENDED,1,1.0,
DC_TAXONOMY_FULL_V1,NVMI,Semiconductor manufacturing,Semiconductor equipment / semicap,EXTENDED,1,1.0,
DC_TAXONOMY_FULL_V1,VECO,Semiconductor manufacturing,Semiconductor equipment / semicap,EXTENDED,1,1.0,
DC_TAXONOMY_FULL_V1,ONTO,Semiconductor manufacturing,Semiconductor equipment / semicap,EXTENDED,1,1.0,
DC_TAXONOMY_FULL_V1,CAMT,Semiconductor manufacturing,Semiconductor equipment / semicap,EXTENDED,1,1.0,
DC_TAXONOMY_FULL_V1,ACLS,Semiconductor manufacturing,Semiconductor equipment / semicap,EXTENDED,1,1.0,
DC_TAXONOMY_FULL_V1,ICHR,Semiconductor manufacturing,Semiconductor equipment / semicap,EXTENDED,1,1.0,
DC_TAXONOMY_FULL_V1,UCTT,Semiconductor manufacturing,Semiconductor equipment / semicap,EXTENDED,1,1.0,
DC_TAXONOMY_FULL_V1,KLIC,Semiconductor manufacturing,Semiconductor equipment / semicap,EXTENDED,1,1.0,
DC_TAXONOMY_FULL_V1,PLAB,Semiconductor manufacturing,Semiconductor equipment / semicap,EXTENDED,1,1.0,
DC_TAXONOMY_FULL_V1,IPGP,Semiconductor manufacturing,Semiconductor equipment / semicap,EXTENDED,1,1.0,
DC_TAXONOMY_FULL_V1,LPKF,Semiconductor manufacturing,Semiconductor equipment / semicap,EXTENDED,1,1.0,
DC_TAXONOMY_FULL_V1,TER,Semiconductor manufacturing,Test and process control,EXTENDED,1,1.0,
DC_TAXONOMY_FULL_V1,COHU,Semiconductor manufacturing,Test and process control,EXTENDED,1,1.0,
DC_TAXONOMY_FULL_V1,FORM,Semiconductor manufacturing,Test and process control,EXTENDED,1,1.0,
DC_TAXONOMY_FULL_V1,NVMI,Semiconductor manufacturing,Test and process control,EXTENDED,0,1.0,
DC_TAXONOMY_FULL_V1,KLAC,Semiconductor manufacturing,Test and process control,EXTENDED,0,1.0,
DC_TAXONOMY_FULL_V1,ONTO,Semiconductor manufacturing,Test and process control,EXTENDED,0,1.0,
DC_TAXONOMY_FULL_V1,CAMT,Semiconductor manufacturing,Test and process control,EXTENDED,0,1.0,
DC_TAXONOMY_FULL_V1,KLIC,Semiconductor manufacturing,Test and process control,EXTENDED,0,1.0,
DC_TAXONOMY_FULL_V1,AEHR,Semiconductor manufacturing,Test and process control,EXTENDED,1,1.0,
DC_TAXONOMY_FULL_V1,DELL,IT hardware,Servers / ODM / EMS,CORE,1,1.0,
DC_TAXONOMY_FULL_V1,HPE,IT hardware,Servers / ODM / EMS,CORE,1,1.0,
DC_TAXONOMY_FULL_V1,SMCI,IT hardware,Servers / ODM / EMS,CORE,1,1.0,
DC_TAXONOMY_FULL_V1,SANM,IT hardware,Servers / ODM / EMS,CORE,1,1.0,
DC_TAXONOMY_FULL_V1,JBL,IT hardware,Servers / ODM / EMS,CORE,1,1.0,
DC_TAXONOMY_FULL_V1,CLS,IT hardware,Servers / ODM / EMS,CORE,1,1.0,
DC_TAXONOMY_FULL_V1,FLEX,IT hardware,Servers / ODM / EMS,CORE,1,1.0,
DC_TAXONOMY_FULL_V1,PLXS,IT hardware,Servers / ODM / EMS,CORE,1,1.0,
DC_TAXONOMY_FULL_V1,TTMI,IT hardware,Servers / ODM / EMS,CORE,1,1.0,
DC_TAXONOMY_FULL_V1,BHE,IT hardware,Servers / ODM / EMS,CORE,1,1.0,
DC_TAXONOMY_FULL_V1,CTS,IT hardware,Servers / ODM / EMS,CORE,1,1.0,
DC_TAXONOMY_FULL_V1,NTAP,IT hardware,Storage,CORE,1,1.0,
DC_TAXONOMY_FULL_V1,PSTG,IT hardware,Storage,CORE,1,1.0,
DC_TAXONOMY_FULL_V1,WDC,IT hardware,Storage,CORE,0,1.0,
DC_TAXONOMY_FULL_V1,STX,IT hardware,Storage,CORE,0,1.0,
DC_TAXONOMY_FULL_V1,MU,IT hardware,Storage,CORE,0,1.0,
DC_TAXONOMY_FULL_V1,SNDK,IT hardware,Storage,CORE,0,1.0,
DC_TAXONOMY_FULL_V1,HPQ,IT hardware,Storage,CORE,1,1.0,
DC_TAXONOMY_FULL_V1,HPQ,IT hardware,Broad hardware / indirect exposure,EXTENDED,0,1.0,
DC_TAXONOMY_FULL_V1,LOGI,IT hardware,Broad hardware / indirect exposure,EXTENDED,1,1.0,
DC_TAXONOMY_FULL_V1,ZBRA,IT hardware,Broad hardware / indirect exposure,EXTENDED,1,1.0,
DC_TAXONOMY_FULL_V1,OLED,IT hardware,Broad hardware / indirect exposure,EXTENDED,1,1.0,
DC_TAXONOMY_FULL_V1,ANET,Networking,"Switches, NICs, DPUs, switch ASICs",CORE,1,1.0,
DC_TAXONOMY_FULL_V1,CSCO,Networking,"Switches, NICs, DPUs, switch ASICs",CORE,1,1.0,
DC_TAXONOMY_FULL_V1,NVDA,Networking,"Switches, NICs, DPUs, switch ASICs",CORE,0,1.0,
DC_TAXONOMY_FULL_V1,AVGO,Networking,"Switches, NICs, DPUs, switch ASICs",CORE,0,1.0,
DC_TAXONOMY_FULL_V1,MRVL,Networking,"Switches, NICs, DPUs, switch ASICs",CORE,0,1.0,
DC_TAXONOMY_FULL_V1,JNPR,Networking,"Switches, NICs, DPUs, switch ASICs",CORE,1,1.0,
DC_TAXONOMY_FULL_V1,HPE,Networking,"Switches, NICs, DPUs, switch ASICs",CORE,0,1.0,
DC_TAXONOMY_FULL_V1,EXTR,Networking,"Switches, NICs, DPUs, switch ASICs",CORE,1,1.0,
DC_TAXONOMY_FULL_V1,CIEN,Networking,"Switches, NICs, DPUs, switch ASICs",CORE,1,1.0,
DC_TAXONOMY_FULL_V1,INFN,Networking,"Switches, NICs, DPUs, switch ASICs",CORE,1,1.0,
DC_TAXONOMY_FULL_V1,NOK,Networking,"Switches, NICs, DPUs, switch ASICs",CORE,1,1.0,
DC_TAXONOMY_FULL_V1,COHR,Networking,Optics / photonics / high-speed connectivity,CORE,0,1.0,
DC_TAXONOMY_FULL_V1,LITE,Networking,Optics / photonics / high-speed connectivity,CORE,1,1.0,
DC_TAXONOMY_FULL_V1,FN,Networking,Optics / photonics / high-speed connectivity,CORE,0,1.0,
DC_TAXONOMY_FULL_V1,AAOI,Networking,Optics / photonics / high-speed connectivity,CORE,1,1.0,
DC_TAXONOMY_FULL_V1,MTSI,Networking,Optics / photonics / high-speed connectivity,CORE,1,1.0,
DC_TAXONOMY_FULL_V1,SMTC,Networking,Optics / photonics / high-speed connectivity,CORE,1,1.0,
DC_TAXONOMY_FULL_V1,CRDO,Networking,Optics / photonics / high-speed connectivity,CORE,1,1.0,
DC_TAXONOMY_FULL_V1,ALAB,Networking,Optics / photonics / high-speed connectivity,CORE,1,1.0,
DC_TAXONOMY_FULL_V1,CIEN,Networking,Optics / photonics / high-speed connectivity,CORE,0,1.0,
DC_TAXONOMY_FULL_V1,INFN,Networking,Optics / photonics / high-speed connectivity,CORE,0,1.0,
DC_TAXONOMY_FULL_V1,APH,Networking,Connectivity / components / EMS,CORE,1,1.0,
DC_TAXONOMY_FULL_V1,TEL,Networking,Connectivity / components / EMS,CORE,1,1.0,
DC_TAXONOMY_FULL_V1,BDC,Networking,Connectivity / components / EMS,CORE,1,1.0,
DC_TAXONOMY_FULL_V1,BELFB,Networking,Connectivity / components / EMS,CORE,1,1.0,
DC_TAXONOMY_FULL_V1,ROG,Networking,Connectivity / components / EMS,CORE,1,1.0,
DC_TAXONOMY_FULL_V1,LFUS,Networking,Connectivity / components / EMS,CORE,1,1.0,
DC_TAXONOMY_FULL_V1,KN,Networking,Connectivity / components / EMS,CORE,1,1.0,
DC_TAXONOMY_FULL_V1,SANM,Networking,Connectivity / components / EMS,CORE,0,1.0,
DC_TAXONOMY_FULL_V1,FLEX,Networking,Connectivity / components / EMS,CORE,0,1.0,
DC_TAXONOMY_FULL_V1,JBL,Networking,Connectivity / components / EMS,CORE,0,1.0,
DC_TAXONOMY_FULL_V1,PLXS,Networking,Connectivity / components / EMS,CORE,0,1.0,
DC_TAXONOMY_FULL_V1,TTMI,Networking,Connectivity / components / EMS,CORE,0,1.0,
DC_TAXONOMY_FULL_V1,BHE,Networking,Connectivity / components / EMS,CORE,0,1.0,
DC_TAXONOMY_FULL_V1,CTS,Networking,Connectivity / components / EMS,CORE,0,1.0,
DC_TAXONOMY_FULL_V1,CLS,Networking,Connectivity / components / EMS,CORE,0,1.0,
DC_TAXONOMY_FULL_V1,GLW,Cables & connectivity,"Fiber, copper, connectors, structured cabling",CORE,0,1.0,
DC_TAXONOMY_FULL_V1,BDC,Cables & connectivity,"Fiber, copper, connectors, structured cabling",CORE,0,1.0,
DC_TAXONOMY_FULL_V1,APH,Cables & connectivity,"Fiber, copper, connectors, structured cabling",CORE,0,1.0,
DC_TAXONOMY_FULL_V1,TEL,Cables & connectivity,"Fiber, copper, connectors, structured cabling",CORE,0,1.0,
DC_TAXONOMY_FULL_V1,COMM,Cables & connectivity,"Fiber, copper, connectors, structured cabling",CORE,1,1.0,
DC_TAXONOMY_FULL_V1,BELFB,Cables & connectivity,"Fiber, copper, connectors, structured cabling",CORE,0,1.0,
DC_TAXONOMY_FULL_V1,LFUS,Cables & connectivity,"Fiber, copper, connectors, structured cabling",CORE,0,1.0,
DC_TAXONOMY_FULL_V1,ROG,Cables & connectivity,"Fiber, copper, connectors, structured cabling",CORE,0,1.0,
DC_TAXONOMY_FULL_V1,KN,Cables & connectivity,"Fiber, copper, connectors, structured cabling",CORE,0,1.0,
DC_TAXONOMY_FULL_V1,VRT,Electrical & power systems,"UPS, switchgear, PDU",CORE,1,1.0,
DC_TAXONOMY_FULL_V1,ETN,Electrical & power systems,"UPS, switchgear, PDU",CORE,1,1.0,
DC_TAXONOMY_FULL_V1,ABB,Electrical & power systems,"UPS, switchgear, PDU",CORE,1,1.0,
DC_TAXONOMY_FULL_V1,NVT,Electrical & power systems,"UPS, switchgear, PDU",CORE,1,1.0,
DC_TAXONOMY_FULL_V1,HUBB,Electrical & power systems,"UPS, switchgear, PDU",CORE,1,1.0,
DC_TAXONOMY_FULL_V1,POWL,Electrical & power systems,"UPS, switchgear, PDU",CORE,1,1.0,
DC_TAXONOMY_FULL_V1,GEV,Electrical & power systems,"UPS, switchgear, PDU",CORE,1,1.0,
DC_TAXONOMY_FULL_V1,ETN,Electrical & power systems,Electrical components & controls,CORE,0,1.0,
DC_TAXONOMY_FULL_V1,HUBB,Electrical & power systems,Electrical components & controls,CORE,0,1.0,
DC_TAXONOMY_FULL_V1,NVT,Electrical & power systems,Electrical components & controls,CORE,0,1.0,
DC_TAXONOMY_FULL_V1,ROK,Electrical & power systems,Electrical components & controls,CORE,1,1.0,
DC_TAXONOMY_FULL_V1,EMR,Electrical & power systems,Electrical components & controls,CORE,1,1.0,
DC_TAXONOMY_FULL_V1,DOV,Electrical & power systems,Electrical components & controls,CORE,1,1.0,
DC_TAXONOMY_FULL_V1,AEIS,Electrical & power systems,Electrical components & controls,CORE,1,1.0,
DC_TAXONOMY_FULL_V1,PH,Electrical & power systems,Electrical components & controls,CORE,1,1.0,
DC_TAXONOMY_FULL_V1,NPO,Electrical & power systems,Electrical components & controls,CORE,1,1.0,
DC_TAXONOMY_FULL_V1,IEX,Electrical & power systems,Electrical components & controls,CORE,1,1.0,
DC_TAXONOMY_FULL_V1,NDSN,Electrical & power systems,Electrical components & controls,CORE,1,1.0,
DC_TAXONOMY_FULL_V1,ITT,Electrical & power systems,Electrical components & controls,CORE,1,1.0,
DC_TAXONOMY_FULL_V1,GGG,Electrical & power systems,Electrical components & controls,CORE,1,1.0,
DC_TAXONOMY_FULL_V1,RRX,Electrical & power systems,Electrical components & controls,CORE,1,1.0,
DC_TAXONOMY_FULL_V1,CR,Electrical & power systems,Electrical components & controls,CORE,1,1.0,
DC_TAXONOMY_FULL_V1,PNR,Electrical & power systems,Electrical components & controls,CORE,1,1.0,
DC_TAXONOMY_FULL_V1,IR,Electrical & power systems,Electrical components & controls,CORE,1,1.0,
DC_TAXONOMY_FULL_V1,FLS,Electrical & power systems,Electrical components & controls,CORE,1,1.0,
DC_TAXONOMY_FULL_V1,AME,Electrical & power systems,Electrical components & controls,CORE,1,1.0,
DC_TAXONOMY_FULL_V1,CSW,Electrical & power systems,Electrical components & controls,CORE,1,1.0,
DC_TAXONOMY_FULL_V1,JCI,Electrical & power systems,Electrical components & controls,CORE,1,1.0,
DC_TAXONOMY_FULL_V1,SPXC,Electrical & power systems,Electrical components & controls,CORE,1,1.0,
DC_TAXONOMY_FULL_V1,FELE,Electrical & power systems,Electrical components & controls,CORE,1,1.0,
DC_TAXONOMY_FULL_V1,AEIS,Electrical & power systems,Power conversion & precision power,CORE,0,1.0,
DC_TAXONOMY_FULL_V1,MPWR,Electrical & power systems,Power conversion & precision power,CORE,0,1.0,
DC_TAXONOMY_FULL_V1,ADI,Electrical & power systems,Power conversion & precision power,CORE,0,1.0,
DC_TAXONOMY_FULL_V1,TXN,Electrical & power systems,Power conversion & precision power,CORE,0,1.0,
DC_TAXONOMY_FULL_V1,VRT,Electrical & power systems,Power conversion & precision power,CORE,0,1.0,
DC_TAXONOMY_FULL_V1,ETN,Electrical & power systems,Power conversion & precision power,CORE,0,1.0,
DC_TAXONOMY_FULL_V1,POWL,Electrical & power systems,Power conversion & precision power,CORE,0,1.0,
DC_TAXONOMY_FULL_V1,GNRC,Electrical & power systems,Power conversion & precision power,CORE,1,1.0,
DC_TAXONOMY_FULL_V1,AMSC,Electrical & power systems,Power conversion & precision power,CORE,1,1.0,
DC_TAXONOMY_FULL_V1,DCI,Electrical & power systems,Industrial systems / flow control / adjacent,EXTENDED,1,1.0,
DC_TAXONOMY_FULL_V1,MIDD,Electrical & power systems,Industrial systems / flow control / adjacent,EXTENDED,1,1.0,
DC_TAXONOMY_FULL_V1,ITW,Electrical & power systems,Industrial systems / flow control / adjacent,EXTENDED,1,1.0,
DC_TAXONOMY_FULL_V1,WTS,Electrical & power systems,Industrial systems / flow control / adjacent,EXTENDED,1,1.0,
DC_TAXONOMY_FULL_V1,KAI,Electrical & power systems,Industrial systems / flow control / adjacent,EXTENDED,1,1.0,
DC_TAXONOMY_FULL_V1,XYL,Electrical & power systems,Industrial systems / flow control / adjacent,EXTENDED,1,1.0,
DC_TAXONOMY_FULL_V1,AOS,Electrical & power systems,Industrial systems / flow control / adjacent,EXTENDED,1,1.0,
DC_TAXONOMY_FULL_V1,ENS,Electrical & power systems,Industrial systems / flow control / adjacent,EXTENDED,1,1.0,
DC_TAXONOMY_FULL_V1,AYI,Electrical & power systems,Industrial systems / flow control / adjacent,EXTENDED,1,1.0,
DC_TAXONOMY_FULL_V1,CARR,Electrical & power systems,Industrial systems / flow control / adjacent,EXTENDED,1,1.0,
DC_TAXONOMY_FULL_V1,LII,Electrical & power systems,Industrial systems / flow control / adjacent,EXTENDED,1,1.0,
DC_TAXONOMY_FULL_V1,CSL,Electrical & power systems,Industrial systems / flow control / adjacent,EXTENDED,1,1.0,
DC_TAXONOMY_FULL_V1,MWA,Electrical & power systems,Industrial systems / flow control / adjacent,EXTENDED,1,1.0,
DC_TAXONOMY_FULL_V1,HLIO,Electrical & power systems,Industrial systems / flow control / adjacent,EXTENDED,1,1.0,
DC_TAXONOMY_FULL_V1,CAT,Backup power,"Generators, engines, fuel cells, BESS",CORE,1,1.0,
DC_TAXONOMY_FULL_V1,CMI,Backup power,"Generators, engines, fuel cells, BESS",CORE,1,1.0,
DC_TAXONOMY_FULL_V1,GNRC,Backup power,"Generators, engines, fuel cells, BESS",CORE,0,1.0,
DC_TAXONOMY_FULL_V1,GEV,Backup power,"Generators, engines, fuel cells, BESS",CORE,0,1.0,
DC_TAXONOMY_FULL_V1,BE,Backup power,"Generators, engines, fuel cells, BESS",CORE,1,1.0,
DC_TAXONOMY_FULL_V1,PLUG,Backup power,"Generators, engines, fuel cells, BESS",CORE,1,1.0,
DC_TAXONOMY_FULL_V1,FLNC,Backup power,"Generators, engines, fuel cells, BESS",CORE,1,1.0,
DC_TAXONOMY_FULL_V1,CEG,Power generation / utilities,Power generation and utility exposure,CORE,1,1.0,
DC_TAXONOMY_FULL_V1,VST,Power generation / utilities,Power generation and utility exposure,CORE,1,1.0,
DC_TAXONOMY_FULL_V1,NEE,Power generation / utilities,Power generation and utility exposure,CORE,1,1.0,
DC_TAXONOMY_FULL_V1,TLN,Power generation / utilities,Power generation and utility exposure,CORE,1,1.0,
DC_TAXONOMY_FULL_V1,NRG,Power generation / utilities,Power generation and utility exposure,CORE,1,1.0,
DC_TAXONOMY_FULL_V1,PEG,Power generation / utilities,Power generation and utility exposure,CORE,1,1.0,
DC_TAXONOMY_FULL_V1,VRT,Cooling,Air and liquid cooling,CORE,0,1.0,
DC_TAXONOMY_FULL_V1,MOD,Cooling,Air and liquid cooling,CORE,1,1.0,
DC_TAXONOMY_FULL_V1,NVT,Cooling,Air and liquid cooling,CORE,0,1.0,
DC_TAXONOMY_FULL_V1,JCI,Cooling,Air and liquid cooling,CORE,0,1.0,
DC_TAXONOMY_FULL_V1,TT,Cooling,Air and liquid cooling,CORE,1,1.0,
DC_TAXONOMY_FULL_V1,CARR,Cooling,Air and liquid cooling,CORE,0,1.0,
DC_TAXONOMY_FULL_V1,LII,Cooling,Air and liquid cooling,CORE,0,1.0,
DC_TAXONOMY_FULL_V1,CARR,Building & thermal systems,"HVAC, filtration, water, lighting",EXTENDED,0,1.0,
DC_TAXONOMY_FULL_V1,LII,Building & thermal systems,"HVAC, filtration, water, lighting",EXTENDED,0,1.0,
DC_TAXONOMY_FULL_V1,AOS,Building & thermal systems,"HVAC, filtration, water, lighting",EXTENDED,0,1.0,
DC_TAXONOMY_FULL_V1,WMS,Building & thermal systems,"HVAC, filtration, water, lighting",EXTENDED,1,1.0,
DC_TAXONOMY_FULL_V1,AYI,Building & thermal systems,"HVAC, filtration, water, lighting",EXTENDED,0,1.0,
DC_TAXONOMY_FULL_V1,DCI,Building & thermal systems,"HVAC, filtration, water, lighting",EXTENDED,0,1.0,
DC_TAXONOMY_FULL_V1,XYL,Building & thermal systems,"HVAC, filtration, water, lighting",EXTENDED,0,1.0,
DC_TAXONOMY_FULL_V1,MIDD,Building & thermal systems,"HVAC, filtration, water, lighting",EXTENDED,0,1.0,
DC_TAXONOMY_FULL_V1,ITW,Building & thermal systems,"HVAC, filtration, water, lighting",EXTENDED,0,1.0,
DC_TAXONOMY_FULL_V1,ENS,Building & thermal systems,"HVAC, filtration, water, lighting",EXTENDED,0,1.0,
DC_TAXONOMY_FULL_V1,CSL,Building & thermal systems,"HVAC, filtration, water, lighting",EXTENDED,0,1.0,
DC_TAXONOMY_FULL_V1,MWA,Building & thermal systems,"HVAC, filtration, water, lighting",EXTENDED,0,1.0,
DC_TAXONOMY_FULL_V1,HLIO,Building & thermal systems,"HVAC, filtration, water, lighting",EXTENDED,0,1.0,
DC_TAXONOMY_FULL_V1,AWI,Building & thermal systems,"HVAC, filtration, water, lighting",EXTENDED,1,1.0,
DC_TAXONOMY_FULL_V1,HAYW,Building & thermal systems,"HVAC, filtration, water, lighting",EXTENDED,1,1.0,
DC_TAXONOMY_FULL_V1,VRT,Mechanical infrastructure,"Racks, cabinets, enclosures",CORE,0,1.0,
DC_TAXONOMY_FULL_V1,ETN,Mechanical infrastructure,"Racks, cabinets, enclosures",CORE,0,1.0,
DC_TAXONOMY_FULL_V1,NVT,Mechanical infrastructure,"Racks, cabinets, enclosures",CORE,0,1.0,
DC_TAXONOMY_FULL_V1,DELL,Mechanical infrastructure,"Racks, cabinets, enclosures",CORE,0,1.0,
DC_TAXONOMY_FULL_V1,HPE,Mechanical infrastructure,"Racks, cabinets, enclosures",CORE,0,1.0,
DC_TAXONOMY_FULL_V1,HUBB,Mechanical infrastructure,"Racks, cabinets, enclosures",CORE,0,1.0,
DC_TAXONOMY_FULL_V1,ACM,Construction,"EPC, MEP, engineering",CORE,1,1.0,
DC_TAXONOMY_FULL_V1,J,Construction,"EPC, MEP, engineering",CORE,1,1.0,
DC_TAXONOMY_FULL_V1,FLR,Construction,"EPC, MEP, engineering",CORE,1,1.0,
DC_TAXONOMY_FULL_V1,EME,Construction,"EPC, MEP, engineering",CORE,1,1.0,
DC_TAXONOMY_FULL_V1,FIX,Construction,"EPC, MEP, engineering",CORE,1,1.0,
DC_TAXONOMY_FULL_V1,PWR,Construction,"EPC, MEP, engineering",CORE,1,1.0,
DC_TAXONOMY_FULL_V1,DY,Construction,"EPC, MEP, engineering",CORE,1,1.0,
DC_TAXONOMY_FULL_V1,MTZ,Construction,"EPC, MEP, engineering",CORE,1,1.0,
DC_TAXONOMY_FULL_V1,STRL,Construction,"EPC, MEP, engineering",CORE,1,1.0,
DC_TAXONOMY_FULL_V1,PRIM,Construction,"EPC, MEP, engineering",CORE,1,1.0,
DC_TAXONOMY_FULL_V1,IESC,Construction,"EPC, MEP, engineering",CORE,1,1.0,
DC_TAXONOMY_FULL_V1,ACA,Construction,"EPC, MEP, engineering",CORE,1,1.0,
DC_TAXONOMY_FULL_V1,ECG,Construction,"EPC, MEP, engineering",CORE,1,1.0,
DC_TAXONOMY_FULL_V1,MYRG,Construction,"EPC, MEP, engineering",CORE,1,1.0,
DC_TAXONOMY_FULL_V1,APG,Construction,"EPC, MEP, engineering",CORE,1,1.0,
DC_TAXONOMY_FULL_V1,BLD,Construction,Building products / broad construction beta,EXTENDED,1,1.0,
DC_TAXONOMY_FULL_V1,FBIN,Construction,Building products / broad construction beta,EXTENDED,1,1.0,
DC_TAXONOMY_FULL_V1,MAS,Construction,Building products / broad construction beta,EXTENDED,1,1.0,
DC_TAXONOMY_FULL_V1,OC,Construction,Building products / broad construction beta,EXTENDED,1,1.0,
DC_TAXONOMY_FULL_V1,BLDR,Construction,Building products / broad construction beta,EXTENDED,1,1.0,
DC_TAXONOMY_FULL_V1,ROCK,Construction,Building products / broad construction beta,EXTENDED,1,1.0,
DC_TAXONOMY_FULL_V1,TREX,Construction,Building products / broad construction beta,EXTENDED,1,1.0,
DC_TAXONOMY_FULL_V1,LPX,Construction,Building products / broad construction beta,EXTENDED,1,1.0,
DC_TAXONOMY_FULL_V1,GFF,Construction,Building products / broad construction beta,EXTENDED,1,1.0,
DC_TAXONOMY_FULL_V1,AWI,Construction,Building products / broad construction beta,EXTENDED,0,1.0,
DC_TAXONOMY_FULL_V1,HAYW,Construction,Building products / broad construction beta,EXTENDED,0,1.0,
DC_TAXONOMY_FULL_V1,EQIX,Real estate,Colocation / datacenter REIT,CORE,1,1.0,
DC_TAXONOMY_FULL_V1,DLR,Real estate,Colocation / datacenter REIT,CORE,1,1.0,
DC_TAXONOMY_FULL_V1,GDS,Real estate,Colocation / datacenter REIT,CORE,1,1.0,
DC_TAXONOMY_FULL_V1,MSFT,Cloud,Hyperscalers / cloud demand owners,EXTENDED,1,1.0,
DC_TAXONOMY_FULL_V1,AMZN,Cloud,Hyperscalers / cloud demand owners,EXTENDED,1,1.0,
DC_TAXONOMY_FULL_V1,GOOGL,Cloud,Hyperscalers / cloud demand owners,EXTENDED,1,1.0,
DC_TAXONOMY_FULL_V1,GOOG,Cloud,Hyperscalers / cloud demand owners,EXTENDED,1,1.0,
DC_TAXONOMY_FULL_V1,META,Cloud,Hyperscalers / cloud demand owners,EXTENDED,1,1.0,
DC_TAXONOMY_FULL_V1,ORCL,Cloud,Hyperscalers / cloud demand owners,EXTENDED,1,1.0,
DC_TAXONOMY_FULL_V1,BABA,Cloud,Hyperscalers / cloud demand owners,EXTENDED,1,1.0,
DC_TAXONOMY_FULL_V1,BIDU,Cloud,Hyperscalers / cloud demand owners,EXTENDED,1,1.0,
DC_TAXONOMY_FULL_V1,NBIS,Cloud,AI cloud / neocloud infrastructure,EXTENDED,1,1.0,
DC_TAXONOMY_FULL_V1,CRWV,Cloud,AI cloud / neocloud infrastructure,EXTENDED,1,1.0,
DC_TAXONOMY_FULL_V1,IREN,Cloud,AI cloud / neocloud infrastructure,EXTENDED,1,1.0,
DC_TAXONOMY_FULL_V1,HUT,Cloud,AI cloud / neocloud infrastructure,EXTENDED,1,1.0,
DC_TAXONOMY_FULL_V1,JCI,Operations,DCIM / BMS / building automation,CORE,0,1.0,
DC_TAXONOMY_FULL_V1,HON,Operations,DCIM / BMS / building automation,CORE,1,1.0,
DC_TAXONOMY_FULL_V1,VRT,Operations,DCIM / BMS / building automation,CORE,0,1.0,
DC_TAXONOMY_FULL_V1,EMR,Operations,DCIM / BMS / building automation,CORE,0,1.0,
DC_TAXONOMY_FULL_V1,ROK,Operations,DCIM / BMS / building automation,CORE,0,1.0,
DC_TAXONOMY_FULL_V1,HUBB,Operations,DCIM / BMS / building automation,CORE,0,1.0,
DC_TAXONOMY_FULL_V1,ETN,Operations,DCIM / BMS / building automation,CORE,0,1.0,
DC_TAXONOMY_FULL_V1,ABB,Operations,DCIM / BMS / building automation,CORE,0,1.0,
DC_TAXONOMY_FULL_V1,CSCO,Operations,Networking and cybersecurity,EXTENDED,0,1.0,
DC_TAXONOMY_FULL_V1,PANW,Operations,Networking and cybersecurity,EXTENDED,1,1.0,
DC_TAXONOMY_FULL_V1,FTNT,Operations,Networking and cybersecurity,EXTENDED,1,1.0,
DC_TAXONOMY_FULL_V1,CRWD,Operations,Networking and cybersecurity,EXTENDED,1,1.0,
DC_TAXONOMY_FULL_V1,DDOG,Operations,Observability / ITSM / data platform,WATCH_ONLY,1,1.0,
DC_TAXONOMY_FULL_V1,DT,Operations,Observability / ITSM / data platform,WATCH_ONLY,1,1.0,
DC_TAXONOMY_FULL_V1,NOW,Operations,Observability / ITSM / data platform,WATCH_ONLY,1,1.0,
DC_TAXONOMY_FULL_V1,SNOW,Operations,Observability / ITSM / data platform,WATCH_ONLY,1,1.0,
DC_TAXONOMY_FULL_V1,AVGO,Operations,Virtualization / cloud software,EXTENDED,0,1.0,
DC_TAXONOMY_FULL_V1,ORCL,Operations,Virtualization / cloud software,EXTENDED,0,1.0,
DC_TAXONOMY_FULL_V1,MSFT,Operations,Virtualization / cloud software,EXTENDED,0,1.0,
DC_TAXONOMY_FULL_V1,AMZN,Operations,Virtualization / cloud software,EXTENDED,0,1.0,
DC_TAXONOMY_FULL_V1,GOOGL,Operations,Virtualization / cloud software,EXTENDED,0,1.0,
DC_TAXONOMY_FULL_V1,GOOG,Operations,Virtualization / cloud software,EXTENDED,0,1.0,
